text,disease
"The patient presents with dizziness, sore throat, cough, and headache.",atelectasis
"The patient presents with shortness of breath, dizziness, and headache.",atelectasis
"The patient presents with shortness of breath, sore throat, and headache.",atelectasis
"The patient presents with shortness of breath, dizziness, sore throat, and headache.",atelectasis
"The patient presents with dizziness, sore throat, cough, and headache.",atelectasis
"The patient presents with shortness of breath, sharp chest pain, cough, and headache.",atelectasis
"The patient presents with shortness of breath, sharp chest pain, dizziness, sore throat, and cough.",atelectasis
"The patient presents with shortness of breath, sharp chest pain, dizziness, sore throat, and headache.",atelectasis
"The patient presents with dizziness, cough, and headache.",atelectasis
"The patient presents with dizziness, sore throat, and headache.",atelectasis
"The patient presents with shortness of breath, sharp chest pain, dizziness, sore throat, and headache.",atelectasis
"The patient presents with shortness of breath, sharp chest pain, dizziness, sore throat, and headache.",atelectasis
"The patient presents with sharp chest pain, dizziness, sore throat, and headache.",atelectasis
"The patient presents with shortness of breath, dizziness, sore throat, and headache.",atelectasis
"The patient presents with sharp chest pain, dizziness, cough, and headache.",atelectasis
"The patient presents with dizziness, cough, and headache.",atelectasis
"The patient presents with dizziness, cough, and headache.",atelectasis
"The patient presents with shortness of breath, sharp chest pain, dizziness, sore throat, cough, and headache.",atelectasis
"The patient presents with dizziness, sore throat, cough, and headache.",atelectasis
"The patient presents with shortness of breath, dizziness, sore throat, cough, and headache.",atelectasis
"The patient presents with shortness of breath, dizziness, cough, and headache.",atelectasis
"The patient presents with dizziness, sore throat, and headache.",atelectasis
"The patient presents with shortness of breath, sharp chest pain, dizziness, cough, and headache.",atelectasis
"The patient presents with shortness of breath, cough, and headache.",atelectasis
"The patient presents with sharp chest pain, dizziness, sore throat, and cough.",atelectasis
"The patient presents with shortness of breath, sharp chest pain, sore throat, and cough.",atelectasis
"The patient presents with shortness of breath, sharp chest pain, sore throat, cough, and headache.",atelectasis
"The patient presents with shortness of breath, dizziness, sore throat, cough, and headache.",atelectasis
"The patient presents with shortness of breath, sharp chest pain, dizziness, sore throat, and cough.",atelectasis
"The patient presents with shortness of breath, sharp chest pain, dizziness, sore throat, and headache.",atelectasis
"The patient presents with sharp chest pain, dizziness, sore throat, and headache.",atelectasis
"The patient presents with sharp chest pain, dizziness, sore throat, cough, and headache.",atelectasis
"The patient presents with dizziness, sore throat, cough, and headache.",atelectasis
"The patient presents with dizziness, sore throat, cough, and headache.",atelectasis
"The patient presents with shortness of breath, dizziness, and headache.",atelectasis
"The patient presents with sharp chest pain, dizziness, and headache.",atelectasis
"The patient presents with sharp chest pain, dizziness, and headache.",atelectasis
"The patient presents with shortness of breath, dizziness, sore throat, cough, and headache.",atelectasis
"The patient presents with sharp chest pain, dizziness, cough, and headache.",atelectasis
"The patient presents with shortness of breath, dizziness, sore throat, cough, and headache.",atelectasis
"The patient presents with shortness of breath, sharp chest pain, dizziness, sore throat, cough, and headache.",atelectasis
"The patient presents with sharp chest pain, dizziness, sore throat, cough, and headache.",atelectasis
"The patient presents with shortness of breath, sharp chest pain, sore throat, and headache.",atelectasis
"The patient presents with shortness of breath, dizziness, and headache.",atelectasis
"The patient presents with sharp chest pain, dizziness, sore throat, and headache.",atelectasis
"The patient presents with shortness of breath, sharp chest pain, and dizziness.",atelectasis
"The patient presents with shortness of breath, dizziness, sore throat, and headache.",atelectasis
"The patient presents with shortness of breath, sharp chest pain, sore throat, and headache.",atelectasis
"The patient presents with shortness of breath, sharp chest pain, dizziness, sore throat, cough, and headache.",atelectasis
"The patient presents with shortness of breath, sharp chest pain, dizziness, and headache.",atelectasis
"The patient presents with shortness of breath, sharp chest pain, cough, and headache.",atelectasis
"The patient presents with shortness of breath, sharp chest pain, dizziness, cough, and headache.",atelectasis
"The patient presents with shortness of breath, sharp chest pain, dizziness, sore throat, cough, and headache.",atelectasis
"The patient presents with shortness of breath, sharp chest pain, dizziness, sore throat, cough, and headache.",atelectasis
"The patient presents with dizziness, sore throat, and headache.",atelectasis
The patient presents with dizziness and headache.,atelectasis
"The patient presents with shortness of breath, sharp chest pain, dizziness, sore throat, and headache.",atelectasis
"The patient presents with shortness of breath, sharp chest pain, dizziness, sore throat, cough, and headache.",atelectasis
"The patient presents with sharp chest pain, dizziness, sore throat, and headache.",atelectasis
"The patient presents with shortness of breath, sharp chest pain, dizziness, sore throat, and headache.",atelectasis
"The patient presents with shortness of breath, sharp chest pain, dizziness, sore throat, and headache.",atelectasis
"The patient presents with shortness of breath, dizziness, sore throat, and headache.",atelectasis
"The patient presents with dizziness, sore throat, cough, and headache.",atelectasis
"The patient presents with dizziness, cough, and headache.",atelectasis
"The patient presents with sharp chest pain, dizziness, sore throat, cough, and headache.",atelectasis
"The patient presents with sharp chest pain, dizziness, sore throat, cough, and headache.",atelectasis
"The patient presents with shortness of breath, dizziness, cough, and headache.",atelectasis
"The patient presents with shortness of breath, sharp chest pain, sore throat, cough, and headache.",atelectasis
"The patient presents with shortness of breath, sharp chest pain, cough, and headache.",atelectasis
"The patient presents with sharp chest pain, dizziness, sore throat, cough, and headache.",atelectasis
"The patient presents with shortness of breath, sharp chest pain, dizziness, and headache.",atelectasis
"The patient presents with shortness of breath, dizziness, sore throat, and headache.",atelectasis
"The patient presents with sore throat, cough, and headache.",atelectasis
"The patient presents with shortness of breath, sore throat, cough, and headache.",atelectasis
"The patient presents with sharp chest pain, dizziness, cough, and headache.",atelectasis
"The patient presents with shortness of breath, sharp chest pain, sore throat, and headache.",atelectasis
"The patient presents with shortness of breath, dizziness, sore throat, cough, and headache.",atelectasis
The patient presents with dizziness and sore throat.,atelectasis
"The patient presents with sharp chest pain, sore throat, cough, and headache.",atelectasis
"The patient presents with shortness of breath, dizziness, sore throat, cough, and headache.",atelectasis
"The patient presents with shortness of breath, dizziness, sore throat, cough, and headache.",atelectasis
"The patient presents with sharp chest pain, dizziness, sore throat, and headache.",atelectasis
"The patient presents with shortness of breath, dizziness, and sore throat.",atelectasis
"The patient presents with shortness of breath, sharp chest pain, dizziness, sore throat, cough, and headache.",atelectasis
"The patient presents with shortness of breath, sharp chest pain, dizziness, and cough.",atelectasis
"The patient presents with shortness of breath, sharp chest pain, sore throat, cough, and headache.",atelectasis
"The patient presents with dizziness, sore throat, and cough.",atelectasis
"The patient presents with shortness of breath, dizziness, and cough.",atelectasis
"The patient presents with shortness of breath, sharp chest pain, dizziness, sore throat, and headache.",atelectasis
"The patient presents with shortness of breath, sharp chest pain, dizziness, and headache.",atelectasis
"The patient presents with shortness of breath, sharp chest pain, sore throat, cough, and headache.",atelectasis
"The patient presents with sharp chest pain, dizziness, sore throat, and cough.",atelectasis
"The patient presents with shortness of breath, sharp chest pain, dizziness, sore throat, cough, and headache.",atelectasis
"The patient presents with dizziness, sore throat, cough, and headache.",atelectasis
"The patient presents with shortness of breath, sharp chest pain, sore throat, cough, and headache.",atelectasis
"The patient presents with shortness of breath, sharp chest pain, dizziness, and sore throat.",atelectasis
"The patient presents with shortness of breath, sharp chest pain, dizziness, and cough.",atelectasis
"The patient presents with sharp chest pain, dizziness, sore throat, and cough.",atelectasis
"The patient presents with shortness of breath, sharp chest pain, dizziness, cough, and headache.",atelectasis
"The patient presents with shortness of breath, cough, and emotional symptoms.",emphysema
"The patient presents with shortness of breath, sharp chest pain, cough, and emotional symptoms.",emphysema
"The patient presents with shortness of breath, sharp chest pain, cough, and emotional symptoms.",emphysema
"The patient presents with shortness of breath, sharp chest pain, cough, and emotional symptoms.",emphysema
The patient presents with cough and emotional symptoms.,emphysema
"The patient presents with shortness of breath, cough, and emotional symptoms.",emphysema
"The patient presents with shortness of breath, sharp chest pain, and cough.",emphysema
The patient presents with shortness of breath and cough.,emphysema
"The patient presents with shortness of breath, cough, and emotional symptoms.",emphysema
"The patient presents with shortness of breath, cough, and emotional symptoms.",emphysema
"The patient presents with shortness of breath, cough, and emotional symptoms.",emphysema
"The patient presents with shortness of breath, cough, and emotional symptoms.",emphysema
"The patient presents with shortness of breath, sharp chest pain, cough, and emotional symptoms.",emphysema
"The patient presents with shortness of breath, sharp chest pain, cough, and emotional symptoms.",emphysema
"The patient presents with shortness of breath, cough, and emotional symptoms.",emphysema
"The patient presents with shortness of breath, cough, and emotional symptoms.",emphysema
"The patient presents with shortness of breath, sharp chest pain, and cough.",emphysema
"The patient presents with shortness of breath, cough, and emotional symptoms.",emphysema
"The patient presents with shortness of breath, sharp chest pain, cough, and emotional symptoms.",emphysema
"The patient presents with shortness of breath, sharp chest pain, and cough.",emphysema
"The patient presents with shortness of breath, cough, and emotional symptoms.",emphysema
"The patient presents with shortness of breath, cough, and emotional symptoms.",emphysema
The patient presents with shortness of breath and cough.,emphysema
"The patient presents with shortness of breath, sharp chest pain, and emotional symptoms.",emphysema
"The patient presents with shortness of breath, cough, and emotional symptoms.",emphysema
"The patient presents with shortness of breath, sharp chest pain, cough, and emotional symptoms.",emphysema
"The patient presents with shortness of breath, sharp chest pain, cough, and emotional symptoms.",emphysema
"The patient presents with shortness of breath, cough, and emotional symptoms.",emphysema
"The patient presents with shortness of breath, sharp chest pain, cough, and emotional symptoms.",emphysema
The patient presents with shortness of breath and cough.,emphysema
"The patient presents with shortness of breath, sharp chest pain, cough, and emotional symptoms.",emphysema
"The patient presents with shortness of breath, cough, weakness, and fever.",pulmonary congestion
"The patient presents with shortness of breath, sharp chest pain, cough, weakness, and decreased heart rate.",pulmonary congestion
"The patient presents with shortness of breath, sharp chest pain, chest tightness, leg swelling, and weakness.",pulmonary congestion
"The patient presents with shortness of breath, chest tightness, nasal congestion, leg swelling, and decreased heart rate.",pulmonary congestion
"The patient presents with chest tightness, cough, leg swelling, and fever.",pulmonary congestion
"The patient presents with chest tightness, nasal congestion, and fever.",pulmonary congestion
"The patient presents with chest tightness, nasal congestion, leg swelling, weakness, decreased heart rate, and fever.",pulmonary congestion
"The patient presents with sharp chest pain, decreased heart rate, and fever.",pulmonary congestion
"The patient presents with sharp chest pain, leg swelling, weakness, and fever.",pulmonary congestion
"The patient presents with shortness of breath, cough, nasal congestion, leg swelling, weakness, and decreased heart rate.",pulmonary congestion
"The patient presents with chest tightness, cough, nasal congestion, leg swelling, weakness, and decreased heart rate.",pulmonary congestion
"The patient presents with shortness of breath, sharp chest pain, chest tightness, cough, nasal congestion, and leg swelling.",pulmonary congestion
"The patient presents with shortness of breath, chest tightness, leg swelling, and fever.",pulmonary congestion
"The patient presents with sharp chest pain, chest tightness, and leg swelling.",pulmonary congestion
"The patient presents with sharp chest pain, chest tightness, cough, leg swelling, decreased heart rate, and fever.",pulmonary congestion
"The patient presents with shortness of breath, sharp chest pain, chest tightness, cough, nasal congestion, leg swelling, weakness, decreased heart rate, and fever.",pulmonary congestion
"The patient presents with shortness of breath, sharp chest pain, chest tightness, cough, nasal congestion, leg swelling, decreased heart rate, and fever.",pulmonary congestion
"The patient presents with shortness of breath, sharp chest pain, chest tightness, cough, leg swelling, decreased heart rate, and fever.",pulmonary congestion
"The patient presents with shortness of breath, chest tightness, cough, nasal congestion, and decreased heart rate.",pulmonary congestion
"The patient presents with sharp chest pain, cough, leg swelling, weakness, and decreased heart rate.",pulmonary congestion
"The patient presents with shortness of breath, chest tightness, nasal congestion, and leg swelling.",pulmonary congestion
The patient presents with cough.,pulmonary congestion
"The patient presents with chest tightness, cough, nasal congestion, and leg swelling.",pulmonary congestion
"The patient presents with shortness of breath, chest tightness, cough, leg swelling, and decreased heart rate.",pulmonary congestion
"The patient presents with sharp chest pain, chest tightness, cough, nasal congestion, leg swelling, and fever.",pulmonary congestion
"The patient presents with shortness of breath, sharp chest pain, cough, nasal congestion, and fever.",pulmonary congestion
"The patient presents with sharp chest pain, chest tightness, cough, nasal congestion, decreased heart rate, and fever.",pulmonary congestion
"The patient presents with shortness of breath, sharp chest pain, chest tightness, cough, and leg swelling.",pulmonary congestion
"The patient presents with shortness of breath, sharp chest pain, chest tightness, cough, nasal congestion, leg swelling, and weakness.",pulmonary congestion
"The patient presents with chest tightness, cough, leg swelling, and fever.",pulmonary congestion
"The patient presents with shortness of breath, chest tightness, cough, and leg swelling.",pulmonary congestion
"The patient presents with shortness of breath, sharp chest pain, chest tightness, cough, nasal congestion, leg swelling, weakness, and decreased heart rate.",pulmonary congestion
"The patient presents with chest tightness, nasal congestion, and leg swelling.",pulmonary congestion
"The patient presents with chest tightness, cough, leg swelling, and fever.",pulmonary congestion
"The patient presents with cough, leg swelling, weakness, and fever.",pulmonary congestion
"The patient presents with shortness of breath, chest tightness, nasal congestion, weakness, and decreased heart rate.",pulmonary congestion
"The patient presents with shortness of breath, chest tightness, cough, leg swelling, weakness, and fever.",pulmonary congestion
"The patient presents with shortness of breath, sharp chest pain, chest tightness, cough, nasal congestion, and leg swelling.",pulmonary congestion
"The patient presents with sharp chest pain, chest tightness, cough, nasal congestion, leg swelling, weakness, and decreased heart rate.",pulmonary congestion
"The patient presents with chest tightness, decreased heart rate, and fever.",pulmonary congestion
"The patient presents with shortness of breath, sharp chest pain, cough, leg swelling, weakness, decreased heart rate, and fever.",pulmonary congestion
"The patient presents with sharp chest pain, chest tightness, nasal congestion, leg swelling, decreased heart rate, and fever.",pulmonary congestion
"The patient presents with shortness of breath, chest tightness, and nasal congestion.",pulmonary congestion
"The patient presents with shortness of breath, cough, leg swelling, decreased heart rate, and fever.",pulmonary congestion
"The patient presents with shortness of breath, nasal congestion, leg swelling, and weakness.",pulmonary congestion
"The patient presents with shortness of breath, chest tightness, cough, leg swelling, and decreased heart rate.",pulmonary congestion
"The patient presents with chest tightness, weakness, decreased heart rate, and fever.",pulmonary congestion
"The patient presents with shortness of breath, sharp chest pain, leg swelling, weakness, and decreased heart rate.",pulmonary congestion
"The patient presents with chest tightness, cough, weakness, and decreased heart rate.",pulmonary congestion
"The patient presents with sharp chest pain, chest tightness, cough, nasal congestion, leg swelling, and decreased heart rate.",pulmonary congestion
"The patient presents with chest tightness, nasal congestion, leg swelling, decreased heart rate, and fever.",pulmonary congestion
"The patient presents with shortness of breath, chest tightness, leg swelling, weakness, and decreased heart rate.",pulmonary congestion
"The patient presents with chest tightness, nasal congestion, and weakness.",pulmonary congestion
"The patient presents with shortness of breath, sharp chest pain, chest tightness, and fever.",pulmonary congestion
"The patient presents with sharp chest pain, chest tightness, cough, nasal congestion, leg swelling, decreased heart rate, and fever.",pulmonary congestion
"The patient presents with shortness of breath, sharp chest pain, leg swelling, and decreased heart rate.",pulmonary congestion
"The patient presents with shortness of breath, sharp chest pain, nasal congestion, leg swelling, weakness, decreased heart rate, and fever.",pulmonary congestion
"The patient presents with cough, nasal congestion, weakness, decreased heart rate, and fever.",pulmonary congestion
"The patient presents with chest tightness, cough, leg swelling, and weakness.",pulmonary congestion
"The patient presents with shortness of breath, chest tightness, decreased heart rate, and fever.",pulmonary congestion
"The patient presents with shortness of breath, cough, and decreased heart rate.",pulmonary congestion
"The patient presents with shortness of breath, sharp chest pain, chest tightness, nasal congestion, leg swelling, decreased heart rate, and fever.",pulmonary congestion
"The patient presents with shortness of breath, chest tightness, and leg swelling.",pulmonary congestion
"The patient presents with shortness of breath, chest tightness, nasal congestion, and fever.",pulmonary congestion
"The patient presents with chest tightness, leg swelling, and fever.",pulmonary congestion
"The patient presents with shortness of breath, sharp chest pain, nasal congestion, and leg swelling.",pulmonary congestion
"The patient presents with sharp chest pain, chest tightness, and nasal congestion.",pulmonary congestion
"The patient presents with shortness of breath, cough, decreased heart rate, and fever.",pulmonary congestion
"The patient presents with chest tightness, cough, nasal congestion, weakness, and decreased heart rate.",pulmonary congestion
"The patient presents with shortness of breath, chest tightness, nasal congestion, leg swelling, weakness, decreased heart rate, and fever.",pulmonary congestion
"The patient presents with sharp chest pain, cough, leg swelling, decreased heart rate, and fever.",pulmonary congestion
"The patient presents with sharp chest pain, chest tightness, nasal congestion, leg swelling, weakness, and fever.",pulmonary congestion
"The patient presents with shortness of breath, sharp chest pain, chest tightness, nasal congestion, and fever.",pulmonary congestion
"The patient presents with shortness of breath, sharp chest pain, chest tightness, leg swelling, and decreased heart rate.",pulmonary congestion
"The patient presents with chest tightness, cough, nasal congestion, leg swelling, and weakness.",pulmonary congestion
"The patient presents with shortness of breath, chest tightness, nasal congestion, and decreased heart rate.",pulmonary congestion
"The patient presents with chest tightness, cough, nasal congestion, weakness, and decreased heart rate.",pulmonary congestion
The patient presents with chest tightness and cough.,pulmonary congestion
"The patient presents with chest tightness, leg swelling, weakness, and decreased heart rate.",pulmonary congestion
"The patient presents with shortness of breath, chest tightness, cough, nasal congestion, and weakness.",pulmonary congestion
"The patient presents with shortness of breath, sharp chest pain, chest tightness, nasal congestion, leg swelling, and decreased heart rate.",pulmonary congestion
"The patient presents with chest tightness, cough, nasal congestion, and weakness.",pulmonary congestion
"The patient presents with chest tightness, cough, and leg swelling.",pulmonary congestion
"The patient presents with shortness of breath, sharp chest pain, chest tightness, cough, nasal congestion, leg swelling, and decreased heart rate.",pulmonary congestion
"The patient presents with sharp chest pain, chest tightness, cough, leg swelling, weakness, and decreased heart rate.",pulmonary congestion
"The patient presents with shortness of breath, sharp chest pain, chest tightness, cough, leg swelling, and weakness.",pulmonary congestion
"The patient presents with shortness of breath, sharp chest pain, chest tightness, cough, weakness, and fever.",pulmonary congestion
"The patient presents with sharp chest pain, chest tightness, weakness, and fever.",pulmonary congestion
"The patient presents with sharp chest pain, cough, nasal congestion, and leg swelling.",pulmonary congestion
"The patient presents with shortness of breath, sharp chest pain, chest tightness, cough, leg swelling, and weakness.",pulmonary congestion
"The patient presents with chest tightness, nasal congestion, decreased heart rate, and fever.",pulmonary congestion
"The patient presents with chest tightness, nasal congestion, and leg swelling.",pulmonary congestion
"The patient presents with chest tightness, cough, and fever.",pulmonary congestion
"The patient presents with sharp chest pain, cough, leg swelling, and weakness.",pulmonary congestion
"The patient presents with shortness of breath, sharp chest pain, chest tightness, cough, and nasal congestion.",pulmonary congestion
"The patient presents with shortness of breath, sharp chest pain, chest tightness, cough, nasal congestion, leg swelling, weakness, decreased heart rate, and fever.",pulmonary congestion
"The patient presents with sharp chest pain, chest tightness, cough, and leg swelling.",pulmonary congestion
"The patient presents with cough, nasal congestion, leg swelling, and fever.",pulmonary congestion
"The patient presents with cough, nasal congestion, leg swelling, and weakness.",pulmonary congestion
"The patient presents with shortness of breath, sharp chest pain, chest tightness, nasal congestion, leg swelling, weakness, and decreased heart rate.",pulmonary congestion
"The patient presents with shortness of breath, sharp chest pain, cough, leg swelling, decreased heart rate, and fever.",pulmonary congestion
"The patient presents with sharp chest pain, chest tightness, leg swelling, and decreased heart rate.",pulmonary congestion
"The patient presents with chest tightness, cough, nasal congestion, leg swelling, and decreased heart rate.",pulmonary congestion
"The patient presents with chest tightness, cough, leg swelling, and weakness.",pulmonary congestion
"The patient presents with shortness of breath, sharp chest pain, cough, weakness, decreased heart rate, and fever.",pulmonary congestion
"The patient presents with sharp chest pain, chest tightness, cough, nasal congestion, leg swelling, weakness, and fever.",pulmonary congestion
The patient presents with shortness of breath and cough.,pulmonary congestion
"The patient presents with sharp chest pain, chest tightness, cough, nasal congestion, leg swelling, weakness, and fever.",pulmonary congestion
"The patient presents with shortness of breath, sharp chest pain, cough, and weakness.",pulmonary congestion
"The patient presents with sharp chest pain, chest tightness, cough, nasal congestion, and weakness.",pulmonary congestion
"The patient presents with shortness of breath, sharp chest pain, chest tightness, cough, nasal congestion, leg swelling, and weakness.",pulmonary congestion
"The patient presents with cough, leg swelling, decreased heart rate, and fever.",pulmonary congestion
"The patient presents with chest tightness, cough, weakness, and fever.",pulmonary congestion
"The patient presents with sharp chest pain, chest tightness, cough, nasal congestion, leg swelling, and weakness.",pulmonary congestion
"The patient presents with sharp chest pain, chest tightness, nasal congestion, weakness, and decreased heart rate.",pulmonary congestion
"The patient presents with sharp chest pain, chest tightness, cough, leg swelling, weakness, decreased heart rate, and fever.",pulmonary congestion
"The patient presents with sharp chest pain, chest tightness, cough, nasal congestion, leg swelling, decreased heart rate, and fever.",pulmonary congestion
"The patient presents with shortness of breath, sharp chest pain, chest tightness, weakness, and fever.",pulmonary congestion
"The patient presents with shortness of breath, sharp chest pain, chest tightness, cough, weakness, and decreased heart rate.",pulmonary congestion
"The patient presents with sharp chest pain, cough, nasal congestion, leg swelling, weakness, and fever.",pulmonary congestion
"The patient presents with shortness of breath, cough, nasal congestion, and weakness.",pulmonary congestion
"The patient presents with sharp chest pain, chest tightness, cough, nasal congestion, leg swelling, and fever.",pulmonary congestion
"The patient presents with shortness of breath, sharp chest pain, chest tightness, cough, and nasal congestion.",pulmonary congestion
"The patient presents with sharp chest pain, cough, nasal congestion, leg swelling, decreased heart rate, and fever.",pulmonary congestion
"The patient presents with shortness of breath, chest tightness, cough, and leg swelling.",pulmonary congestion
"The patient presents with shortness of breath, sharp chest pain, chest tightness, cough, leg swelling, decreased heart rate, and fever.",pulmonary congestion
"The patient presents with chest tightness, cough, nasal congestion, and weakness.",pulmonary congestion
"The patient presents with sharp chest pain, nasal congestion, leg swelling, and weakness.",pulmonary congestion
"The patient presents with sharp chest pain, chest tightness, cough, nasal congestion, leg swelling, weakness, and decreased heart rate.",pulmonary congestion
"The patient presents with shortness of breath, sharp chest pain, chest tightness, cough, decreased heart rate, and fever.",pulmonary congestion
"The patient presents with cough, nasal congestion, leg swelling, weakness, and fever.",pulmonary congestion
"The patient presents with sharp chest pain, chest tightness, cough, and weakness.",pulmonary congestion
"The patient presents with shortness of breath, chest tightness, cough, nasal congestion, leg swelling, and fever.",pulmonary congestion
"The patient presents with shortness of breath, sharp chest pain, chest tightness, cough, nasal congestion, leg swelling, and fever.",pulmonary congestion
"The patient presents with shortness of breath, chest tightness, cough, nasal congestion, leg swelling, weakness, decreased heart rate, and fever.",pulmonary congestion
"The patient presents with chest tightness, cough, leg swelling, and decreased heart rate.",pulmonary congestion
"The patient presents with sharp chest pain, chest tightness, cough, leg swelling, and decreased heart rate.",pulmonary congestion
"The patient presents with sharp chest pain, chest tightness, cough, nasal congestion, and decreased heart rate.",pulmonary congestion
"The patient presents with shortness of breath, chest tightness, nasal congestion, leg swelling, decreased heart rate, and fever.",pulmonary congestion
"The patient presents with shortness of breath, sharp chest pain, chest tightness, cough, leg swelling, and decreased heart rate.",pulmonary congestion
"The patient presents with shortness of breath, cough, nasal congestion, leg swelling, weakness, decreased heart rate, and fever.",pulmonary congestion
"The patient presents with shortness of breath, chest tightness, cough, nasal congestion, leg swelling, weakness, decreased heart rate, and fever.",pulmonary congestion
"The patient presents with shortness of breath, sharp chest pain, chest tightness, and leg swelling.",pulmonary congestion
"The patient presents with shortness of breath, sharp chest pain, cough, nasal congestion, leg swelling, and weakness.",pulmonary congestion
"The patient presents with shortness of breath, nasal congestion, leg swelling, and decreased heart rate.",pulmonary congestion
"The patient presents with sharp chest pain, chest tightness, cough, nasal congestion, leg swelling, weakness, and decreased heart rate.",pulmonary congestion
"The patient presents with chest tightness, cough, nasal congestion, leg swelling, and weakness.",pulmonary congestion
"The patient presents with shortness of breath, sharp chest pain, cough, leg swelling, and weakness.",pulmonary congestion
"The patient presents with chest tightness, cough, leg swelling, and weakness.",pulmonary congestion
"The patient presents with sharp chest pain, nasal congestion, leg swelling, decreased heart rate, and fever.",pulmonary congestion
"The patient presents with sharp chest pain, chest tightness, nasal congestion, leg swelling, and weakness.",pulmonary congestion
"The patient presents with shortness of breath, chest tightness, nasal congestion, leg swelling, and weakness.",pulmonary congestion
"The patient presents with sharp chest pain, cough, nasal congestion, leg swelling, and fever.",pulmonary congestion
"The patient presents with cough, nasal congestion, leg swelling, and weakness.",pulmonary congestion
"The patient presents with cough, nasal congestion, leg swelling, and fever.",pulmonary congestion
"The patient presents with sharp chest pain, chest tightness, nasal congestion, decreased heart rate, and fever.",pulmonary congestion
"The patient presents with sharp chest pain, cough, and nasal congestion.",pulmonary congestion
"The patient presents with sharp chest pain, chest tightness, cough, nasal congestion, leg swelling, weakness, decreased heart rate, and fever.",pulmonary congestion
"The patient presents with shortness of breath, chest tightness, leg swelling, weakness, and decreased heart rate.",pulmonary congestion
"The patient presents with cough, weakness, and fever.",pulmonary congestion
"The patient presents with shortness of breath, chest tightness, cough, weakness, decreased heart rate, and fever.",pulmonary congestion
"The patient presents with shortness of breath, leg swelling, and decreased heart rate.",pulmonary congestion
"The patient presents with chest tightness, cough, weakness, and decreased heart rate.",pulmonary congestion
"The patient presents with sharp chest pain, chest tightness, leg swelling, weakness, and fever.",pulmonary congestion
"The patient presents with chest tightness, leg swelling, and fever.",pulmonary congestion
"The patient presents with shortness of breath, cough, nasal congestion, and leg swelling.",pulmonary congestion
"The patient presents with shortness of breath, sharp chest pain, chest tightness, nasal congestion, leg swelling, and weakness.",pulmonary congestion
"The patient presents with shortness of breath, sharp chest pain, weakness, and decreased heart rate.",pulmonary congestion
"The patient presents with shortness of breath, sharp chest pain, chest tightness, cough, nasal congestion, leg swelling, weakness, and fever.",pulmonary congestion
"The patient presents with sharp chest pain, cough, weakness, and decreased heart rate.",pulmonary congestion
"The patient presents with sharp chest pain, chest tightness, nasal congestion, leg swelling, decreased heart rate, and fever.",pulmonary congestion
"The patient presents with shortness of breath, sharp chest pain, cough, leg swelling, weakness, decreased heart rate, and fever.",pulmonary congestion
"The patient presents with shortness of breath, sharp chest pain, chest tightness, cough, nasal congestion, decreased heart rate, and fever.",pulmonary congestion
"The patient presents with shortness of breath, sharp chest pain, chest tightness, leg swelling, and fever.",pulmonary congestion
"The patient presents with shortness of breath, chest tightness, cough, and leg swelling.",pulmonary congestion
"The patient presents with chest tightness, nasal congestion, leg swelling, weakness, decreased heart rate, and fever.",pulmonary congestion
"The patient presents with shortness of breath, sharp chest pain, chest tightness, cough, decreased heart rate, and fever.",pulmonary congestion
"The patient presents with chest tightness, cough, nasal congestion, weakness, decreased heart rate, and fever.",pulmonary congestion
"The patient presents with sharp chest pain, cough, leg swelling, decreased heart rate, and fever.",pulmonary congestion
"The patient presents with shortness of breath, chest tightness, cough, leg swelling, and weakness.",pulmonary congestion
"The patient presents with shortness of breath, cough, nasal congestion, and leg swelling.",pulmonary congestion
"The patient presents with sharp chest pain, chest tightness, cough, leg swelling, weakness, and fever.",pulmonary congestion
"The patient presents with sharp chest pain, chest tightness, cough, and nasal congestion.",pulmonary congestion
"The patient presents with shortness of breath, chest tightness, nasal congestion, leg swelling, and weakness.",pulmonary congestion
"The patient presents with sharp chest pain, chest tightness, cough, leg swelling, decreased heart rate, and fever.",pulmonary congestion
"The patient presents with sharp chest pain, chest tightness, cough, and leg swelling.",pulmonary congestion
"The patient presents with chest tightness, cough, nasal congestion, leg swelling, and decreased heart rate.",pulmonary congestion
"The patient presents with shortness of breath, chest tightness, cough, leg swelling, and weakness.",pulmonary congestion
"The patient presents with shortness of breath, sharp chest pain, chest tightness, leg swelling, decreased heart rate, and fever.",pulmonary congestion
"The patient presents with shortness of breath, cough, weakness, and decreased heart rate.",pulmonary congestion
"The patient presents with shortness of breath, chest tightness, cough, leg swelling, weakness, and decreased heart rate.",pulmonary congestion
"The patient presents with shortness of breath, sharp chest pain, weakness, decreased heart rate, and fever.",pulmonary congestion
"The patient presents with sharp chest pain, chest tightness, cough, nasal congestion, weakness, and fever.",pulmonary congestion
"The patient presents with shortness of breath, sharp chest pain, chest tightness, nasal congestion, leg swelling, weakness, and fever.",pulmonary congestion
"The patient presents with shortness of breath, sharp chest pain, nasal congestion, leg swelling, and fever.",pulmonary congestion
"The patient presents with chest tightness, cough, and decreased heart rate.",pulmonary congestion
"The patient presents with sharp chest pain, cough, leg swelling, weakness, and decreased heart rate.",pulmonary congestion
"The patient presents with shortness of breath, sharp chest pain, chest tightness, cough, and leg swelling.",pulmonary congestion
"The patient presents with shortness of breath, sharp chest pain, cough, and weakness.",pulmonary congestion
"The patient presents with shortness of breath, sharp chest pain, chest tightness, and nasal congestion.",pulmonary congestion
The patient presents with chest tightness and cough.,pulmonary congestion
"The patient presents with shortness of breath, cough, nasal congestion, and decreased heart rate.",pulmonary congestion
"The patient presents with sharp chest pain, chest tightness, leg swelling, decreased heart rate, and fever.",pulmonary congestion
"The patient presents with sharp chest pain, chest tightness, cough, nasal congestion, leg swelling, and fever.",pulmonary congestion
"The patient presents with shortness of breath, sharp chest pain, cough, weakness, decreased heart rate, and fever.",pulmonary congestion
"The patient presents with shortness of breath, chest tightness, cough, nasal congestion, leg swelling, and fever.",pulmonary congestion
"The patient presents with chest tightness, cough, nasal congestion, and decreased heart rate.",pulmonary congestion
"The patient presents with shortness of breath, sharp chest pain, chest tightness, cough, decreased heart rate, and fever.",pulmonary congestion
"The patient presents with shortness of breath, chest tightness, cough, nasal congestion, leg swelling, weakness, and fever.",pulmonary congestion
The patient presents with sharp chest pain and cough.,pulmonary congestion
"The patient presents with chest tightness, cough, and leg swelling.",pulmonary congestion
"The patient presents with shortness of breath, sharp chest pain, chest tightness, cough, leg swelling, weakness, decreased heart rate, and fever.",pulmonary congestion
"The patient presents with shortness of breath, sharp chest pain, cough, leg swelling, and decreased heart rate.",pulmonary congestion
"The patient presents with chest tightness, cough, nasal congestion, weakness, and fever.",pulmonary congestion
"The patient presents with shortness of breath, chest tightness, cough, leg swelling, weakness, and fever.",pulmonary congestion
"The patient presents with shortness of breath, chest tightness, cough, nasal congestion, and fever.",pulmonary congestion
"The patient presents with sharp chest pain, chest tightness, cough, leg swelling, decreased heart rate, and fever.",pulmonary congestion
"The patient presents with shortness of breath, chest tightness, nasal congestion, leg swelling, weakness, and decreased heart rate.",pulmonary congestion
"The patient presents with sharp chest pain, chest tightness, cough, nasal congestion, and leg swelling.",pulmonary congestion
"The patient presents with shortness of breath, sharp chest pain, chest tightness, cough, leg swelling, and decreased heart rate.",pulmonary congestion
"The patient presents with shortness of breath, leg swelling, weakness, and decreased heart rate.",pulmonary congestion
"The patient presents with sharp chest pain, chest tightness, cough, and fever.",pulmonary congestion
"The patient presents with chest tightness, cough, nasal congestion, weakness, and decreased heart rate.",pulmonary congestion
"The patient presents with shortness of breath, sharp chest pain, cough, and leg swelling.",pulmonary congestion
"The patient presents with sharp chest pain, chest tightness, cough, leg swelling, and fever.",pulmonary congestion
"The patient presents with shortness of breath, chest tightness, cough, leg swelling, decreased heart rate, and fever.",pulmonary congestion
"The patient presents with sharp chest pain, cough, nasal congestion, weakness, and decreased heart rate.",pulmonary congestion
"The patient presents with sharp chest pain, chest tightness, nasal congestion, leg swelling, and weakness.",pulmonary congestion
"The patient presents with sharp chest pain, chest tightness, nasal congestion, and leg swelling.",pulmonary congestion
"The patient presents with sharp chest pain, chest tightness, cough, leg swelling, and decreased heart rate.",pulmonary congestion
"The patient presents with shortness of breath, sharp chest pain, nasal congestion, leg swelling, decreased heart rate, and fever.",pulmonary congestion
"The patient presents with shortness of breath, chest tightness, cough, nasal congestion, decreased heart rate, and fever.",pulmonary congestion
"The patient presents with shortness of breath, chest tightness, and decreased heart rate.",pulmonary congestion
"The patient presents with shortness of breath, sharp chest pain, chest tightness, nasal congestion, leg swelling, weakness, decreased heart rate, and fever.",pulmonary congestion
"The patient presents with chest tightness, leg swelling, and fever.",pulmonary congestion
"The patient presents with chest tightness, leg swelling, and weakness.",pulmonary congestion
"The patient presents with shortness of breath, sharp chest pain, cough, nasal congestion, leg swelling, and weakness.",pulmonary congestion
The patient presents with sharp chest pain and nasal congestion.,pulmonary congestion
"The patient presents with sharp chest pain, chest tightness, nasal congestion, leg swelling, weakness, decreased heart rate, and fever.",pulmonary congestion
"The patient presents with cough, nasal congestion, leg swelling, decreased heart rate, and fever.",pulmonary congestion
"The patient presents with sharp chest pain, chest tightness, cough, nasal congestion, and weakness.",pulmonary congestion
"The patient presents with shortness of breath, sharp chest pain, nasal congestion, and fever.",pulmonary congestion
"The patient presents with sharp chest pain, chest tightness, nasal congestion, leg swelling, and decreased heart rate.",pulmonary congestion
"The patient presents with sharp chest pain, chest tightness, and decreased heart rate.",pulmonary congestion
"The patient presents with shortness of breath, chest tightness, cough, nasal congestion, leg swelling, decreased heart rate, and fever.",pulmonary congestion
"The patient presents with chest tightness, cough, and nasal congestion.",pulmonary congestion
"The patient presents with shortness of breath, sharp chest pain, nasal congestion, leg swelling, and decreased heart rate.",pulmonary congestion
"The patient presents with shortness of breath, chest tightness, nasal congestion, leg swelling, and fever.",pulmonary congestion
"The patient presents with chest tightness, cough, nasal congestion, and fever.",pulmonary congestion
"The patient presents with shortness of breath, sharp chest pain, chest tightness, cough, nasal congestion, leg swelling, and fever.",pulmonary congestion
"The patient presents with chest tightness, cough, nasal congestion, decreased heart rate, and fever.",pulmonary congestion
"The patient presents with shortness of breath, cough, weakness, and fever.",pulmonary congestion
"The patient presents with shortness of breath, sharp chest pain, chest tightness, cough, nasal congestion, and decreased heart rate.",pulmonary congestion
"The patient presents with sharp chest pain, cough, nasal congestion, and leg swelling.",pulmonary congestion
"The patient presents with cough, leg swelling, weakness, and fever.",pulmonary congestion
"The patient presents with cough, leg swelling, and decreased heart rate.",pulmonary congestion
"The patient presents with sharp chest pain, cough, nasal congestion, leg swelling, decreased heart rate, and fever.",pulmonary congestion
"The patient presents with chest tightness, cough, leg swelling, and weakness.",pulmonary congestion
"The patient presents with shortness of breath, sharp chest pain, cough, and fever.",pulmonary congestion
"The patient presents with sharp chest pain, cough, nasal congestion, leg swelling, weakness, decreased heart rate, and fever.",pulmonary congestion
"The patient presents with sharp chest pain, chest tightness, leg swelling, weakness, decreased heart rate, and fever.",pulmonary congestion
"The patient presents with shortness of breath, cough, weakness, decreased heart rate, and fever.",pulmonary congestion
"The patient presents with shortness of breath, chest tightness, cough, weakness, and fever.",pulmonary congestion
"The patient presents with shortness of breath, cough, leg swelling, and decreased heart rate.",pulmonary congestion
"The patient presents with shortness of breath, chest tightness, cough, and nasal congestion.",pulmonary congestion
"The patient presents with sharp chest pain, weakness, and decreased heart rate.",pulmonary congestion
"The patient presents with sharp chest pain, chest tightness, cough, nasal congestion, weakness, and decreased heart rate.",pulmonary congestion
"The patient presents with shortness of breath, sharp chest pain, chest tightness, cough, leg swelling, weakness, decreased heart rate, and fever.",pulmonary congestion
"The patient presents with shortness of breath, cough, nasal congestion, leg swelling, and fever.",pulmonary congestion
"The patient presents with shortness of breath, cough, nasal congestion, and leg swelling.",pulmonary congestion
"The patient presents with chest tightness, cough, leg swelling, weakness, and fever.",pulmonary congestion
"The patient presents with shortness of breath, chest tightness, cough, leg swelling, and fever.",pulmonary congestion
"The patient presents with shortness of breath, sharp chest pain, chest tightness, cough, weakness, and decreased heart rate.",pulmonary congestion
"The patient presents with shortness of breath, chest tightness, cough, weakness, decreased heart rate, and fever.",pulmonary congestion
"The patient presents with shortness of breath, nasal congestion, decreased heart rate, and fever.",pulmonary congestion
"The patient presents with sharp chest pain, cough, nasal congestion, leg swelling, and weakness.",pulmonary congestion
"The patient presents with shortness of breath, chest tightness, and cough.",pulmonary congestion
"The patient presents with sharp chest pain, chest tightness, cough, leg swelling, weakness, decreased heart rate, and fever.",pulmonary congestion
"The patient presents with shortness of breath, sharp chest pain, chest tightness, cough, nasal congestion, and leg swelling.",pulmonary congestion
"The patient presents with shortness of breath, sharp chest pain, and cough.",pulmonary congestion
"The patient presents with chest tightness, cough, and leg swelling.",pulmonary congestion
"The patient presents with shortness of breath, leg swelling, and fever.",pulmonary congestion
"The patient presents with sharp chest pain, chest tightness, cough, leg swelling, weakness, decreased heart rate, and fever.",pulmonary congestion
"The patient presents with sharp chest pain, cough, nasal congestion, weakness, and decreased heart rate.",pulmonary congestion
"The patient presents with shortness of breath, chest tightness, nasal congestion, and leg swelling.",pulmonary congestion
"The patient presents with sharp chest pain, chest tightness, cough, leg swelling, and weakness.",pulmonary congestion
"The patient presents with shortness of breath, sharp chest pain, cough, nasal congestion, leg swelling, weakness, decreased heart rate, and fever.",pulmonary congestion
"The patient presents with chest tightness, cough, nasal congestion, leg swelling, weakness, and decreased heart rate.",pulmonary congestion
"The patient presents with shortness of breath, sharp chest pain, cough, nasal congestion, leg swelling, and weakness.",pulmonary congestion
"The patient presents with shortness of breath, sharp chest pain, and cough.",pulmonary congestion
"The patient presents with shortness of breath, chest tightness, cough, nasal congestion, leg swelling, decreased heart rate, and fever.",pulmonary congestion
"The patient presents with shortness of breath, sharp chest pain, chest tightness, cough, leg swelling, weakness, and decreased heart rate.",pulmonary congestion
"The patient presents with cough, nasal congestion, leg swelling, weakness, decreased heart rate, and fever.",pulmonary congestion
"The patient presents with sharp chest pain, nasal congestion, and leg swelling.",pulmonary congestion
"The patient presents with sharp chest pain, cough, and leg swelling.",pulmonary congestion
"The patient presents with shortness of breath, chest tightness, cough, and leg swelling.",pulmonary congestion
"The patient presents with shortness of breath, sharp chest pain, chest tightness, leg swelling, weakness, and decreased heart rate.",pulmonary congestion
"The patient presents with shortness of breath, chest tightness, cough, nasal congestion, and fever.",pulmonary congestion
"The patient presents with sharp chest pain, cough, nasal congestion, leg swelling, weakness, and fever.",pulmonary congestion
"The patient presents with sharp chest pain, cough, nasal congestion, and weakness.",pulmonary congestion
"The patient presents with shortness of breath, sharp chest pain, chest tightness, nasal congestion, leg swelling, decreased heart rate, and fever.",pulmonary congestion
"The patient presents with shortness of breath, sharp chest pain, cough, leg swelling, decreased heart rate, and fever.",pulmonary congestion
"The patient presents with sharp chest pain, chest tightness, nasal congestion, and weakness.",pulmonary congestion
"The patient presents with chest tightness, cough, nasal congestion, leg swelling, and decreased heart rate.",pulmonary congestion
"The patient presents with shortness of breath, cough, leg swelling, weakness, decreased heart rate, and fever.",pulmonary congestion
"The patient presents with shortness of breath, sharp chest pain, chest tightness, cough, nasal congestion, and weakness.",pulmonary congestion
"The patient presents with shortness of breath, chest tightness, nasal congestion, leg swelling, weakness, and fever.",pulmonary congestion
"The patient presents with chest tightness, cough, weakness, decreased heart rate, and fever.",pulmonary congestion
"The patient presents with shortness of breath, sharp chest pain, cough, weakness, and fever.",pulmonary congestion
"The patient presents with shortness of breath, sharp chest pain, cough, nasal congestion, leg swelling, and decreased heart rate.",pulmonary congestion
"The patient presents with shortness of breath, sharp chest pain, chest tightness, leg swelling, weakness, and decreased heart rate.",pulmonary congestion
The patient presents with cough and nasal congestion.,pulmonary congestion
"The patient presents with sharp chest pain, chest tightness, cough, leg swelling, weakness, and decreased heart rate.",pulmonary congestion
"The patient presents with chest tightness, cough, leg swelling, weakness, and fever.",pulmonary congestion
"The patient presents with shortness of breath, chest tightness, leg swelling, and weakness.",pulmonary congestion
"The patient presents with sharp chest pain, chest tightness, cough, and weakness.",pulmonary congestion
"The patient presents with cough, leg swelling, weakness, and fever.",pulmonary congestion
"The patient presents with chest tightness, cough, leg swelling, weakness, decreased heart rate, and fever.",pulmonary congestion
"The patient presents with sharp chest pain, chest tightness, cough, and leg swelling.",pulmonary congestion
"The patient presents with shortness of breath, sharp chest pain, chest tightness, cough, nasal congestion, leg swelling, and weakness.",pulmonary congestion
"The patient presents with shortness of breath, sharp chest pain, chest tightness, cough, leg swelling, weakness, and decreased heart rate.",pulmonary congestion
"The patient presents with shortness of breath, chest tightness, nasal congestion, weakness, decreased heart rate, and fever.",pulmonary congestion
"The patient presents with shortness of breath, sharp chest pain, cough, leg swelling, and fever.",pulmonary congestion
"The patient presents with chest tightness, cough, nasal congestion, weakness, and fever.",pulmonary congestion
"The patient presents with sharp chest pain, chest tightness, cough, nasal congestion, and leg swelling.",pulmonary congestion
"The patient presents with shortness of breath, cough, nasal congestion, and leg swelling.",pulmonary congestion
"The patient presents with shortness of breath, sharp chest pain, chest tightness, nasal congestion, and fever.",pulmonary congestion
"The patient presents with chest tightness, cough, nasal congestion, leg swelling, decreased heart rate, and fever.",pulmonary congestion
"The patient presents with cough, nasal congestion, and decreased heart rate.",pulmonary congestion
"The patient presents with shortness of breath, sharp chest pain, chest tightness, cough, and fever.",pulmonary congestion
"The patient presents with sharp chest pain, chest tightness, leg swelling, and weakness.",pulmonary congestion
"The patient presents with sharp chest pain, chest tightness, and weakness.",pulmonary congestion
"The patient presents with shortness of breath, cough, nasal congestion, weakness, and decreased heart rate.",pulmonary congestion
"The patient presents with chest tightness, cough, leg swelling, and decreased heart rate.",pulmonary congestion
"The patient presents with sharp chest pain, cough, leg swelling, and weakness.",pulmonary congestion
"The patient presents with shortness of breath, cough, leg swelling, and weakness.",pulmonary congestion
"The patient presents with shortness of breath, sharp chest pain, chest tightness, cough, nasal congestion, and leg swelling.",pulmonary congestion
"The patient presents with sharp chest pain, nasal congestion, and decreased heart rate.",pulmonary congestion
"The patient presents with chest tightness, leg swelling, decreased heart rate, and fever.",pulmonary congestion
"The patient presents with sharp chest pain, cough, weakness, and fever.",pulmonary congestion
"The patient presents with shortness of breath, sharp chest pain, nasal congestion, leg swelling, and fever.",pulmonary congestion
"The patient presents with shortness of breath, sharp chest pain, cough, leg swelling, and fever.",pulmonary congestion
"The patient presents with chest tightness, cough, leg swelling, weakness, decreased heart rate, and fever.",pulmonary congestion
"The patient presents with chest tightness, cough, nasal congestion, weakness, and fever.",pulmonary congestion
"The patient presents with sharp chest pain, chest tightness, cough, nasal congestion, and leg swelling.",pulmonary congestion
"The patient presents with shortness of breath, sharp chest pain, chest tightness, cough, leg swelling, weakness, and decreased heart rate.",pulmonary congestion
The patient presents with shortness of breath and weakness.,pulmonary congestion
"The patient presents with shortness of breath, sharp chest pain, chest tightness, cough, nasal congestion, leg swelling, and decreased heart rate.",pulmonary congestion
"The patient presents with cough, leg swelling, weakness, decreased heart rate, and fever.",pulmonary congestion
"The patient presents with shortness of breath, sharp chest pain, chest tightness, cough, nasal congestion, leg swelling, and fever.",pulmonary congestion
"The patient presents with sharp chest pain, chest tightness, leg swelling, weakness, and fever.",pulmonary congestion
"The patient presents with chest tightness, cough, leg swelling, weakness, decreased heart rate, and fever.",pulmonary congestion
"The patient presents with shortness of breath, nasal congestion, leg swelling, decreased heart rate, and fever.",pulmonary congestion
"The patient presents with sharp chest pain, chest tightness, cough, and fever.",pulmonary congestion
"The patient presents with shortness of breath, sharp chest pain, chest tightness, cough, nasal congestion, and weakness.",pulmonary congestion
"The patient presents with chest tightness, cough, nasal congestion, leg swelling, and weakness.",pulmonary congestion
"The patient presents with chest tightness, leg swelling, and decreased heart rate.",pulmonary congestion
"The patient presents with shortness of breath, nasal congestion, leg swelling, weakness, and decreased heart rate.",pulmonary congestion
"The patient presents with shortness of breath, sharp chest pain, chest tightness, cough, and decreased heart rate.",pulmonary congestion
"The patient presents with sharp chest pain, chest tightness, leg swelling, decreased heart rate, and fever.",pulmonary congestion
"The patient presents with shortness of breath, chest tightness, cough, nasal congestion, and leg swelling.",pulmonary congestion
"The patient presents with shortness of breath, nasal congestion, and fever.",pulmonary congestion
"The patient presents with sharp chest pain, chest tightness, cough, nasal congestion, leg swelling, weakness, decreased heart rate, and fever.",pulmonary congestion
"The patient presents with sharp chest pain, chest tightness, cough, and leg swelling.",pulmonary congestion
"The patient presents with chest tightness, leg swelling, weakness, decreased heart rate, and fever.",pulmonary congestion
"The patient presents with shortness of breath, sharp chest pain, nasal congestion, weakness, and decreased heart rate.",pulmonary congestion
"The patient presents with shortness of breath, chest tightness, cough, nasal congestion, leg swelling, and decreased heart rate.",pulmonary congestion
"The patient presents with shortness of breath, sharp chest pain, chest tightness, cough, nasal congestion, and leg swelling.",pulmonary congestion
"The patient presents with chest tightness, cough, and nasal congestion.",pulmonary congestion
"The patient presents with shortness of breath, sharp chest pain, cough, nasal congestion, leg swelling, weakness, decreased heart rate, and fever.",pulmonary congestion
"The patient presents with chest tightness, cough, nasal congestion, leg swelling, and fever.",pulmonary congestion
"The patient presents with shortness of breath, sharp chest pain, chest tightness, nasal congestion, and leg swelling.",pulmonary congestion
"The patient presents with shortness of breath, chest tightness, cough, nasal congestion, and decreased heart rate.",pulmonary congestion
"The patient presents with sharp chest pain, chest tightness, cough, and leg swelling.",pulmonary congestion
"The patient presents with shortness of breath, chest tightness, nasal congestion, leg swelling, decreased heart rate, and fever.",pulmonary congestion
"The patient presents with shortness of breath, nasal congestion, leg swelling, weakness, decreased heart rate, and fever.",pulmonary congestion
"The patient presents with shortness of breath, sharp chest pain, chest tightness, cough, nasal congestion, leg swelling, and decreased heart rate.",pulmonary congestion
"The patient presents with shortness of breath, sharp chest pain, cough, nasal congestion, and leg swelling.",pulmonary congestion
"The patient presents with sharp chest pain, chest tightness, cough, nasal congestion, leg swelling, decreased heart rate, and fever.",pulmonary congestion
"The patient presents with shortness of breath, chest tightness, cough, leg swelling, weakness, and fever.",pulmonary congestion
"The patient presents with shortness of breath, sharp chest pain, nasal congestion, and leg swelling.",pulmonary congestion
"The patient presents with sharp chest pain, chest tightness, cough, leg swelling, weakness, and fever.",pulmonary congestion
"The patient presents with cough, leg swelling, and fever.",pulmonary congestion
"The patient presents with shortness of breath, chest tightness, weakness, decreased heart rate, and fever.",pulmonary congestion
"The patient presents with sharp chest pain, chest tightness, cough, nasal congestion, leg swelling, weakness, decreased heart rate, and fever.",pulmonary congestion
"The patient presents with shortness of breath, sharp chest pain, chest tightness, cough, and nasal congestion.",pulmonary congestion
"The patient presents with shortness of breath, chest tightness, cough, leg swelling, weakness, and decreased heart rate.",pulmonary congestion
"The patient presents with shortness of breath, sharp chest pain, chest tightness, cough, leg swelling, weakness, and decreased heart rate.",pulmonary congestion
"The patient presents with sharp chest pain, chest tightness, cough, nasal congestion, leg swelling, weakness, and decreased heart rate.",pulmonary congestion
"The patient presents with shortness of breath, sharp chest pain, nasal congestion, leg swelling, weakness, and fever.",pulmonary congestion
"The patient presents with shortness of breath, chest tightness, and leg swelling.",pulmonary congestion
"The patient presents with cough, nasal congestion, leg swelling, weakness, and fever.",pulmonary congestion
"The patient presents with sharp chest pain, chest tightness, cough, weakness, decreased heart rate, and fever.",pulmonary congestion
"The patient presents with shortness of breath, sharp chest pain, nasal congestion, leg swelling, and decreased heart rate.",pulmonary congestion
"The patient presents with shortness of breath, sharp chest pain, cough, nasal congestion, leg swelling, decreased heart rate, and fever.",pulmonary congestion
"The patient presents with shortness of breath, sharp chest pain, chest tightness, cough, nasal congestion, leg swelling, weakness, and fever.",pulmonary congestion
"The patient presents with shortness of breath, sharp chest pain, cough, decreased heart rate, and fever.",pulmonary congestion
"The patient presents with shortness of breath, sharp chest pain, cough, leg swelling, weakness, and fever.",pulmonary congestion
"The patient presents with chest tightness, cough, nasal congestion, leg swelling, weakness, and decreased heart rate.",pulmonary congestion
"The patient presents with cough, nasal congestion, leg swelling, weakness, and fever.",pulmonary congestion
"The patient presents with sharp chest pain, leg swelling, weakness, decreased heart rate, and fever.",pulmonary congestion
"The patient presents with sharp chest pain, chest tightness, cough, leg swelling, and decreased heart rate.",pulmonary congestion
"The patient presents with sharp chest pain, nasal congestion, weakness, decreased heart rate, and fever.",pulmonary congestion
"The patient presents with sharp chest pain, chest tightness, nasal congestion, weakness, decreased heart rate, and fever.",pulmonary congestion
"The patient presents with chest tightness, cough, nasal congestion, leg swelling, and decreased heart rate.",pulmonary congestion
"The patient presents with sharp chest pain, chest tightness, cough, leg swelling, weakness, and decreased heart rate.",pulmonary congestion
"The patient presents with shortness of breath, sharp chest pain, chest tightness, cough, leg swelling, and fever.",pulmonary congestion
"The patient presents with sharp chest pain, chest tightness, cough, nasal congestion, leg swelling, and fever.",pulmonary congestion
"The patient presents with shortness of breath, chest tightness, cough, nasal congestion, leg swelling, and weakness.",pulmonary congestion
"The patient presents with chest tightness, leg swelling, weakness, decreased heart rate, and fever.",pulmonary congestion
The patient presents with cough and weakness.,pulmonary congestion
"The patient presents with cough, nasal congestion, leg swelling, and decreased heart rate.",pulmonary congestion
"The patient presents with shortness of breath, cough, nasal congestion, leg swelling, weakness, and fever.",pulmonary congestion
"The patient presents with shortness of breath, nasal congestion, weakness, and decreased heart rate.",pulmonary congestion
"The patient presents with sharp chest pain, chest tightness, cough, nasal congestion, decreased heart rate, and fever.",pulmonary congestion
"The patient presents with shortness of breath, leg swelling, weakness, and fever.",pulmonary congestion
"The patient presents with sharp chest pain, cough, leg swelling, and fever.",pulmonary congestion
"The patient presents with shortness of breath, sharp chest pain, chest tightness, nasal congestion, weakness, and fever.",pulmonary congestion
"The patient presents with shortness of breath, sharp chest pain, chest tightness, cough, leg swelling, and weakness.",pulmonary congestion
"The patient presents with shortness of breath, chest tightness, cough, leg swelling, weakness, and decreased heart rate.",pulmonary congestion
"The patient presents with sharp chest pain, chest tightness, cough, and decreased heart rate.",pulmonary congestion
"The patient presents with chest tightness, nasal congestion, leg swelling, and fever.",pulmonary congestion
"The patient presents with shortness of breath, chest tightness, cough, nasal congestion, leg swelling, and fever.",pulmonary congestion
"The patient presents with shortness of breath, sharp chest pain, cough, nasal congestion, leg swelling, weakness, and decreased heart rate.",pulmonary congestion
"The patient presents with shortness of breath, sharp chest pain, chest tightness, cough, weakness, and fever.",pulmonary congestion
"The patient presents with sharp chest pain, chest tightness, nasal congestion, weakness, and fever.",pulmonary congestion
"The patient presents with shortness of breath, chest tightness, cough, nasal congestion, and fever.",pulmonary congestion
"The patient presents with shortness of breath, sharp chest pain, chest tightness, cough, nasal congestion, weakness, and fever.",pulmonary congestion
"The patient presents with cough, nasal congestion, decreased heart rate, and fever.",pulmonary congestion
"The patient presents with shortness of breath, chest tightness, nasal congestion, and leg swelling.",pulmonary congestion
"The patient presents with shortness of breath, chest tightness, cough, nasal congestion, leg swelling, and fever.",pulmonary congestion
"The patient presents with shortness of breath, sharp chest pain, chest tightness, nasal congestion, decreased heart rate, and fever.",pulmonary congestion
"The patient presents with chest tightness, cough, leg swelling, and decreased heart rate.",pulmonary congestion
"The patient presents with chest tightness, cough, nasal congestion, leg swelling, and fever.",pulmonary congestion
"The patient presents with shortness of breath, chest tightness, and cough.",pulmonary congestion
"The patient presents with sharp chest pain, chest tightness, leg swelling, and weakness.",pulmonary congestion
"The patient presents with shortness of breath, sharp chest pain, chest tightness, nasal congestion, and weakness.",pulmonary congestion
"The patient presents with sharp chest pain, chest tightness, cough, leg swelling, and fever.",pulmonary congestion
"The patient presents with chest tightness, cough, nasal congestion, leg swelling, and weakness.",pulmonary congestion
"The patient presents with sharp chest pain, chest tightness, cough, leg swelling, and fever.",pulmonary congestion
"The patient presents with chest tightness, cough, nasal congestion, leg swelling, decreased heart rate, and fever.",pulmonary congestion
"The patient presents with shortness of breath, chest tightness, nasal congestion, decreased heart rate, and fever.",pulmonary congestion
"The patient presents with cough, nasal congestion, leg swelling, weakness, decreased heart rate, and fever.",pulmonary congestion
"The patient presents with shortness of breath, nasal congestion, leg swelling, weakness, and fever.",pulmonary congestion
"The patient presents with shortness of breath, cough, leg swelling, and fever.",pulmonary congestion
"The patient presents with sharp chest pain, cough, nasal congestion, weakness, and fever.",pulmonary congestion
"The patient presents with chest tightness, cough, nasal congestion, and leg swelling.",pulmonary congestion
"The patient presents with shortness of breath, chest tightness, cough, leg swelling, and weakness.",pulmonary congestion
"The patient presents with sharp chest pain, chest tightness, cough, nasal congestion, leg swelling, weakness, and fever.",pulmonary congestion
"The patient presents with cough, leg swelling, and fever.",pulmonary congestion
"The patient presents with chest tightness, nasal congestion, leg swelling, weakness, decreased heart rate, and fever.",pulmonary congestion
"The patient presents with shortness of breath, sharp chest pain, chest tightness, cough, nasal congestion, decreased heart rate, and fever.",pulmonary congestion
"The patient presents with shortness of breath, cough, nasal congestion, leg swelling, weakness, decreased heart rate, and fever.",pulmonary congestion
"The patient presents with shortness of breath, sharp chest pain, chest tightness, cough, nasal congestion, and decreased heart rate.",pulmonary congestion
"The patient presents with shortness of breath, sharp chest pain, nasal congestion, weakness, decreased heart rate, and fever.",pulmonary congestion
"The patient presents with sharp chest pain, chest tightness, cough, nasal congestion, leg swelling, and weakness.",pulmonary congestion
"The patient presents with shortness of breath, chest tightness, cough, leg swelling, weakness, and fever.",pulmonary congestion
"The patient presents with sharp chest pain, cough, leg swelling, weakness, and fever.",pulmonary congestion
"The patient presents with shortness of breath, chest tightness, cough, nasal congestion, and weakness.",pulmonary congestion
"The patient presents with shortness of breath, sharp chest pain, chest tightness, cough, leg swelling, weakness, and fever.",pulmonary congestion
"The patient presents with shortness of breath, sharp chest pain, chest tightness, cough, nasal congestion, weakness, decreased heart rate, and fever.",pulmonary congestion
"The patient presents with shortness of breath, sharp chest pain, chest tightness, nasal congestion, leg swelling, and decreased heart rate.",pulmonary congestion
"The patient presents with sharp chest pain, chest tightness, leg swelling, weakness, decreased heart rate, and fever.",pulmonary congestion
"The patient presents with shortness of breath, cough, and nasal congestion.",pulmonary congestion
"The patient presents with sharp chest pain, leg swelling, decreased heart rate, and fever.",pulmonary congestion
"The patient presents with shortness of breath, sharp chest pain, chest tightness, cough, nasal congestion, leg swelling, weakness, and fever.",pulmonary congestion
"The patient presents with sharp chest pain, cough, leg swelling, weakness, and fever.",pulmonary congestion
"The patient presents with shortness of breath, sharp chest pain, chest tightness, cough, weakness, decreased heart rate, and fever.",pulmonary congestion
"The patient presents with chest tightness, nasal congestion, leg swelling, and weakness.",pulmonary congestion
"The patient presents with shortness of breath, chest tightness, cough, leg swelling, and fever.",pulmonary congestion
"The patient presents with shortness of breath, chest tightness, cough, nasal congestion, leg swelling, and weakness.",pulmonary congestion
"The patient presents with shortness of breath, sharp chest pain, chest tightness, cough, leg swelling, and fever.",pulmonary congestion
"The patient presents with chest tightness, cough, nasal congestion, weakness, decreased heart rate, and fever.",pulmonary congestion
"The patient presents with sharp chest pain, chest tightness, cough, leg swelling, and decreased heart rate.",pulmonary congestion
"The patient presents with shortness of breath, sharp chest pain, chest tightness, nasal congestion, and leg swelling.",pulmonary congestion
"The patient presents with sharp chest pain, chest tightness, cough, weakness, decreased heart rate, and fever.",pulmonary congestion
"The patient presents with shortness of breath, cough, leg swelling, decreased heart rate, and fever.",pulmonary congestion
"The patient presents with shortness of breath, cough, and weakness.",pulmonary congestion
"The patient presents with shortness of breath, sharp chest pain, cough, nasal congestion, and weakness.",pulmonary congestion
"The patient presents with sharp chest pain, chest tightness, cough, nasal congestion, leg swelling, and decreased heart rate.",pulmonary congestion
"The patient presents with sharp chest pain, chest tightness, and leg swelling.",pulmonary congestion
"The patient presents with leg swelling, weakness, decreased heart rate, and fever.",pulmonary congestion
"The patient presents with shortness of breath, cough, nasal congestion, and weakness.",pulmonary congestion
"The patient presents with shortness of breath, sharp chest pain, cough, and decreased heart rate.",pulmonary congestion
"The patient presents with shortness of breath, chest tightness, cough, leg swelling, and decreased heart rate.",pulmonary congestion
"The patient presents with sharp chest pain, chest tightness, cough, nasal congestion, leg swelling, decreased heart rate, and fever.",pulmonary congestion
"The patient presents with chest tightness, cough, leg swelling, and weakness.",pulmonary congestion
"The patient presents with cough, nasal congestion, leg swelling, weakness, and decreased heart rate.",pulmonary congestion
"The patient presents with shortness of breath, cough, leg swelling, and decreased heart rate.",pulmonary congestion
"The patient presents with shortness of breath, chest tightness, cough, leg swelling, and decreased heart rate.",pulmonary congestion
"The patient presents with shortness of breath, sharp chest pain, chest tightness, cough, nasal congestion, leg swelling, and weakness.",pulmonary congestion
"The patient presents with sharp chest pain, cough, leg swelling, weakness, decreased heart rate, and fever.",pulmonary congestion
"The patient presents with shortness of breath, sharp chest pain, chest tightness, cough, nasal congestion, leg swelling, weakness, and decreased heart rate.",pulmonary congestion
"The patient presents with sharp chest pain, chest tightness, cough, leg swelling, weakness, decreased heart rate, and fever.",pulmonary congestion
"The patient presents with chest tightness, cough, weakness, decreased heart rate, and fever.",pulmonary congestion
"The patient presents with sharp chest pain, chest tightness, leg swelling, weakness, and decreased heart rate.",pulmonary congestion
The patient presents with shortness of breath and leg swelling.,pulmonary congestion
"The patient presents with dizziness, difficulty in swallowing, nausea, regurgitation, burning abdominal pain, heartburn, and regurgitation.1.",hiatal hernia
"The patient presents with sharp chest pain, difficulty in swallowing, back pain, and vomiting blood.",hiatal hernia
"The patient presents with sharp chest pain, dizziness, vomiting blood, burning abdominal pain, heartburn, and upper abdominal pain.",hiatal hernia
"The patient presents with difficulty in swallowing, vomiting blood, regurgitation, burning abdominal pain, upper abdominal pain, and regurgitation.1.",hiatal hernia
"The patient presents with sharp chest pain, difficulty in swallowing, back pain, vomiting blood, heartburn, and upper abdominal pain.",hiatal hernia
"The patient presents with dizziness, difficulty in swallowing, sharp abdominal pain, regurgitation, burning abdominal pain, heartburn, and regurgitation.1.",hiatal hernia
"The patient presents with sharp chest pain, difficulty in swallowing, regurgitation, heartburn, upper abdominal pain, and regurgitation.1.",hiatal hernia
"The patient presents with sharp chest pain, dizziness, difficulty in swallowing, sharp abdominal pain, back pain, regurgitation, upper abdominal pain, and regurgitation.1.",hiatal hernia
"The patient presents with sharp chest pain, dizziness, difficulty in swallowing, sharp abdominal pain, nausea, vomiting blood, burning abdominal pain, and upper abdominal pain.",hiatal hernia
"The patient presents with difficulty in swallowing, nausea, back pain, vomiting blood, heartburn, and upper abdominal pain.",hiatal hernia
"The patient presents with difficulty in swallowing, nausea, back pain, and upper abdominal pain.",hiatal hernia
"The patient presents with difficulty in swallowing, regurgitation, burning abdominal pain, upper abdominal pain, and regurgitation.1.",hiatal hernia
"The patient presents with dizziness, sharp abdominal pain, back pain, vomiting blood, regurgitation, burning abdominal pain, heartburn, upper abdominal pain, and regurgitation.1.",hiatal hernia
"The patient presents with sharp chest pain, difficulty in swallowing, nausea, vomiting blood, regurgitation, burning abdominal pain, heartburn, and regurgitation.1.",hiatal hernia
"The patient presents with sharp chest pain, dizziness, difficulty in swallowing, back pain, regurgitation, burning abdominal pain, upper abdominal pain, and regurgitation.1.",hiatal hernia
"The patient presents with dizziness, difficulty in swallowing, back pain, vomiting blood, regurgitation, burning abdominal pain, heartburn, upper abdominal pain, and regurgitation.1.",hiatal hernia
"The patient presents with nausea, back pain, regurgitation, and regurgitation.1.",hiatal hernia
"The patient presents with sharp chest pain, dizziness, difficulty in swallowing, regurgitation, upper abdominal pain, and regurgitation.1.",hiatal hernia
"The patient presents with difficulty in swallowing, nausea, regurgitation, heartburn, upper abdominal pain, and regurgitation.1.",hiatal hernia
"The patient presents with dizziness, difficulty in swallowing, nausea, back pain, and upper abdominal pain.",hiatal hernia
"The patient presents with sharp chest pain, dizziness, back pain, burning abdominal pain, and upper abdominal pain.",hiatal hernia
"The patient presents with sharp chest pain, dizziness, difficulty in swallowing, vomiting blood, and heartburn.",hiatal hernia
The patient presents with sharp chest pain and dizziness.,hiatal hernia
"The patient presents with sharp chest pain, sharp abdominal pain, nausea, back pain, vomiting blood, regurgitation, burning abdominal pain, and regurgitation.1.",hiatal hernia
"The patient presents with difficulty in swallowing, sharp abdominal pain, back pain, vomiting blood, and heartburn.",hiatal hernia
"The patient presents with sharp chest pain, difficulty in swallowing, sharp abdominal pain, vomiting blood, and upper abdominal pain.",hiatal hernia
"The patient presents with sharp chest pain, nausea, vomiting blood, regurgitation, burning abdominal pain, heartburn, upper abdominal pain, and regurgitation.1.",hiatal hernia
"The patient presents with difficulty in swallowing, back pain, regurgitation, burning abdominal pain, upper abdominal pain, and regurgitation.1.",hiatal hernia
"The patient presents with sharp chest pain, difficulty in swallowing, sharp abdominal pain, back pain, and burning abdominal pain.",hiatal hernia
"The patient presents with sharp chest pain, dizziness, vomiting blood, burning abdominal pain, and heartburn.",hiatal hernia
"The patient presents with sharp abdominal pain, back pain, vomiting blood, heartburn, and upper abdominal pain.",hiatal hernia
"The patient presents with difficulty in swallowing, nausea, and vomiting blood.",hiatal hernia
"The patient presents with sharp chest pain, difficulty in swallowing, nausea, regurgitation, burning abdominal pain, and regurgitation.1.",hiatal hernia
"The patient presents with sharp chest pain, difficulty in swallowing, vomiting blood, regurgitation, upper abdominal pain, and regurgitation.1.",hiatal hernia
"The patient presents with difficulty in swallowing, sharp abdominal pain, vomiting blood, burning abdominal pain, heartburn, and upper abdominal pain.",hiatal hernia
"The patient presents with difficulty in swallowing, sharp abdominal pain, back pain, vomiting blood, regurgitation, upper abdominal pain, and regurgitation.1.",hiatal hernia
"The patient presents with sharp chest pain, dizziness, nausea, regurgitation, and regurgitation.1.",hiatal hernia
The patient presents with dizziness and nausea.,hiatal hernia
"The patient presents with dizziness, difficulty in swallowing, sharp abdominal pain, nausea, back pain, burning abdominal pain, and upper abdominal pain.",hiatal hernia
"The patient presents with dizziness, difficulty in swallowing, vomiting blood, regurgitation, burning abdominal pain, and regurgitation.1.",hiatal hernia
"The patient presents with sharp chest pain, difficulty in swallowing, back pain, heartburn, and upper abdominal pain.",hiatal hernia
"The patient presents with dizziness, difficulty in swallowing, sharp abdominal pain, nausea, back pain, vomiting blood, and upper abdominal pain.",hiatal hernia
"The patient presents with dizziness, back pain, and upper abdominal pain.",hiatal hernia
"The patient presents with difficulty in swallowing, sharp abdominal pain, back pain, and vomiting blood.",hiatal hernia
"The patient presents with difficulty in swallowing, regurgitation, heartburn, and regurgitation.1.",hiatal hernia
"The patient presents with sharp chest pain, difficulty in swallowing, sharp abdominal pain, regurgitation, burning abdominal pain, upper abdominal pain, and regurgitation.1.",hiatal hernia
"The patient presents with sharp chest pain, dizziness, difficulty in swallowing, sharp abdominal pain, and heartburn.",hiatal hernia
"The patient presents with sharp chest pain, dizziness, difficulty in swallowing, sharp abdominal pain, nausea, back pain, regurgitation, and regurgitation.1.",hiatal hernia
"The patient presents with nausea, vomiting blood, regurgitation, heartburn, and regurgitation.1.",hiatal hernia
"The patient presents with sharp chest pain, sharp abdominal pain, back pain, and upper abdominal pain.",hiatal hernia
"The patient presents with dizziness, sharp abdominal pain, back pain, regurgitation, burning abdominal pain, upper abdominal pain, and regurgitation.1.",hiatal hernia
"The patient presents with difficulty in swallowing, sharp abdominal pain, nausea, back pain, burning abdominal pain, and heartburn.",hiatal hernia
"The patient presents with dizziness, difficulty in swallowing, sharp abdominal pain, back pain, vomiting blood, regurgitation, heartburn, upper abdominal pain, and regurgitation.1.",hiatal hernia
"The patient presents with sharp chest pain, difficulty in swallowing, burning abdominal pain, heartburn, and upper abdominal pain.",hiatal hernia
"The patient presents with difficulty in swallowing, sharp abdominal pain, nausea, back pain, and burning abdominal pain.",hiatal hernia
"The patient presents with dizziness, difficulty in swallowing, vomiting blood, regurgitation, heartburn, upper abdominal pain, and regurgitation.1.",hiatal hernia
"The patient presents with sharp chest pain, dizziness, difficulty in swallowing, sharp abdominal pain, nausea, burning abdominal pain, heartburn, and upper abdominal pain.",hiatal hernia
"The patient presents with sharp chest pain, difficulty in swallowing, sharp abdominal pain, back pain, vomiting blood, heartburn, and upper abdominal pain.",hiatal hernia
"The patient presents with dizziness, difficulty in swallowing, sharp abdominal pain, vomiting blood, regurgitation, burning abdominal pain, and regurgitation.1.",hiatal hernia
"The patient presents with sharp chest pain, difficulty in swallowing, sharp abdominal pain, nausea, back pain, regurgitation, and regurgitation.1.",hiatal hernia
"The patient presents with sharp chest pain, dizziness, difficulty in swallowing, sharp abdominal pain, nausea, back pain, vomiting blood, regurgitation, upper abdominal pain, and regurgitation.1.",hiatal hernia
"The patient presents with difficulty in swallowing, sharp abdominal pain, and vomiting blood.",hiatal hernia
"The patient presents with sharp chest pain, difficulty in swallowing, nausea, back pain, vomiting blood, regurgitation, burning abdominal pain, heartburn, and regurgitation.1.",hiatal hernia
"The patient presents with dizziness, sharp abdominal pain, nausea, back pain, and upper abdominal pain.",hiatal hernia
"The patient presents with sharp chest pain, dizziness, difficulty in swallowing, sharp abdominal pain, nausea, back pain, regurgitation, heartburn, and regurgitation.1.",hiatal hernia
"The patient presents with sharp abdominal pain, nausea, burning abdominal pain, heartburn, and upper abdominal pain.",hiatal hernia
"The patient presents with sharp chest pain, dizziness, sharp abdominal pain, nausea, back pain, and burning abdominal pain.",hiatal hernia
"The patient presents with sharp chest pain, dizziness, sharp abdominal pain, back pain, regurgitation, upper abdominal pain, and regurgitation.1.",hiatal hernia
"The patient presents with sharp chest pain, dizziness, heartburn, and upper abdominal pain.",hiatal hernia
"The patient presents with dizziness, sharp abdominal pain, and upper abdominal pain.",hiatal hernia
"The patient presents with dizziness, difficulty in swallowing, sharp abdominal pain, nausea, back pain, regurgitation, burning abdominal pain, and regurgitation.1.",hiatal hernia
"The patient presents with sharp chest pain, dizziness, difficulty in swallowing, nausea, back pain, vomiting blood, regurgitation, burning abdominal pain, heartburn, upper abdominal pain, and regurgitation.1.",hiatal hernia
"The patient presents with sharp chest pain, difficulty in swallowing, nausea, back pain, regurgitation, burning abdominal pain, heartburn, and regurgitation.1.",hiatal hernia
"The patient presents with sharp chest pain, difficulty in swallowing, sharp abdominal pain, nausea, back pain, regurgitation, heartburn, and regurgitation.1.",hiatal hernia
"The patient presents with difficulty in swallowing, back pain, regurgitation, burning abdominal pain, heartburn, and regurgitation.1.",hiatal hernia
"The patient presents with sharp chest pain, difficulty in swallowing, sharp abdominal pain, nausea, and vomiting blood.",hiatal hernia
"The patient presents with nausea, back pain, regurgitation, burning abdominal pain, heartburn, upper abdominal pain, and regurgitation.1.",hiatal hernia
"The patient presents with sharp chest pain, dizziness, difficulty in swallowing, nausea, back pain, regurgitation, heartburn, upper abdominal pain, and regurgitation.1.",hiatal hernia
"The patient presents with dizziness, difficulty in swallowing, sharp abdominal pain, nausea, and upper abdominal pain.",hiatal hernia
"The patient presents with dizziness, difficulty in swallowing, sharp abdominal pain, nausea, and burning abdominal pain.",hiatal hernia
"The patient presents with sharp chest pain, dizziness, difficulty in swallowing, sharp abdominal pain, nausea, back pain, vomiting blood, regurgitation, and regurgitation.1.",hiatal hernia
"The patient presents with sharp chest pain, difficulty in swallowing, sharp abdominal pain, nausea, back pain, vomiting blood, and burning abdominal pain.",hiatal hernia
"The patient presents with dizziness, difficulty in swallowing, vomiting blood, regurgitation, upper abdominal pain, and regurgitation.1.",hiatal hernia
"The patient presents with sharp chest pain, dizziness, difficulty in swallowing, sharp abdominal pain, nausea, back pain, vomiting blood, and burning abdominal pain.",hiatal hernia
"The patient presents with sharp chest pain, dizziness, sharp abdominal pain, nausea, back pain, burning abdominal pain, and upper abdominal pain.",hiatal hernia
"The patient presents with sharp chest pain, nausea, vomiting blood, regurgitation, burning abdominal pain, and regurgitation.1.",hiatal hernia
"The patient presents with sharp abdominal pain, nausea, back pain, burning abdominal pain, and upper abdominal pain.",hiatal hernia
"The patient presents with difficulty in swallowing, nausea, vomiting blood, and upper abdominal pain.",hiatal hernia
"The patient presents with sharp abdominal pain, vomiting blood, and upper abdominal pain.",hiatal hernia
"The patient presents with sharp chest pain, difficulty in swallowing, nausea, back pain, vomiting blood, regurgitation, upper abdominal pain, and regurgitation.1.",hiatal hernia
"The patient presents with dizziness, difficulty in swallowing, nausea, vomiting blood, regurgitation, upper abdominal pain, and regurgitation.1.",hiatal hernia
"The patient presents with sharp chest pain, difficulty in swallowing, vomiting blood, burning abdominal pain, heartburn, and upper abdominal pain.",hiatal hernia
"The patient presents with sharp chest pain, difficulty in swallowing, sharp abdominal pain, nausea, regurgitation, burning abdominal pain, upper abdominal pain, and regurgitation.1.",hiatal hernia
"The patient presents with dizziness, difficulty in swallowing, sharp abdominal pain, nausea, vomiting blood, and heartburn.",hiatal hernia
"The patient presents with sharp chest pain, dizziness, difficulty in swallowing, sharp abdominal pain, back pain, burning abdominal pain, heartburn, and upper abdominal pain.",hiatal hernia
"The patient presents with dizziness, difficulty in swallowing, sharp abdominal pain, nausea, vomiting blood, and upper abdominal pain.",hiatal hernia
"The patient presents with sharp chest pain, dizziness, difficulty in swallowing, nausea, vomiting blood, heartburn, and upper abdominal pain.",hiatal hernia
"The patient presents with sharp chest pain, dizziness, difficulty in swallowing, sharp abdominal pain, nausea, back pain, vomiting blood, burning abdominal pain, and heartburn.",hiatal hernia
"The patient presents with sharp chest pain, difficulty in swallowing, sharp abdominal pain, vomiting blood, burning abdominal pain, heartburn, and upper abdominal pain.",hiatal hernia
"The patient presents with sharp chest pain, dizziness, difficulty in swallowing, back pain, vomiting blood, regurgitation, and regurgitation.1.",hiatal hernia
"The patient presents with difficulty in swallowing, sharp abdominal pain, back pain, regurgitation, and regurgitation.1.",hiatal hernia
"The patient presents with nausea, back pain, vomiting blood, regurgitation, upper abdominal pain, and regurgitation.1.",hiatal hernia
"The patient presents with sharp chest pain, difficulty in swallowing, sharp abdominal pain, back pain, vomiting blood, regurgitation, burning abdominal pain, and regurgitation.1.",hiatal hernia
"The patient presents with dizziness, difficulty in swallowing, sharp abdominal pain, nausea, back pain, and upper abdominal pain.",hiatal hernia
"The patient presents with dizziness, difficulty in swallowing, and nausea.",hiatal hernia
"The patient presents with dizziness, difficulty in swallowing, sharp abdominal pain, nausea, back pain, regurgitation, heartburn, and regurgitation.1.",hiatal hernia
"The patient presents with sharp chest pain, dizziness, difficulty in swallowing, nausea, regurgitation, heartburn, and regurgitation.1.",hiatal hernia
"The patient presents with sharp chest pain, dizziness, difficulty in swallowing, sharp abdominal pain, nausea, vomiting blood, regurgitation, burning abdominal pain, and regurgitation.1.",hiatal hernia
"The patient presents with sharp chest pain, difficulty in swallowing, sharp abdominal pain, back pain, regurgitation, heartburn, and regurgitation.1.",hiatal hernia
"The patient presents with difficulty in swallowing, back pain, vomiting blood, regurgitation, burning abdominal pain, upper abdominal pain, and regurgitation.1.",hiatal hernia
"The patient presents with dizziness, difficulty in swallowing, sharp abdominal pain, vomiting blood, regurgitation, burning abdominal pain, heartburn, upper abdominal pain, and regurgitation.1.",hiatal hernia
"The patient presents with dizziness, sharp abdominal pain, back pain, regurgitation, burning abdominal pain, heartburn, and regurgitation.1.",hiatal hernia
"The patient presents with difficulty in swallowing, vomiting blood, regurgitation, heartburn, and regurgitation.1.",hiatal hernia
"The patient presents with sharp chest pain, vomiting blood, regurgitation, burning abdominal pain, heartburn, upper abdominal pain, and regurgitation.1.",hiatal hernia
"The patient presents with sharp chest pain, sharp abdominal pain, nausea, back pain, burning abdominal pain, and heartburn.",hiatal hernia
"The patient presents with difficulty in swallowing, sharp abdominal pain, nausea, burning abdominal pain, heartburn, and upper abdominal pain.",hiatal hernia
"The patient presents with sharp chest pain, dizziness, sharp abdominal pain, back pain, and burning abdominal pain.",hiatal hernia
"The patient presents with sharp chest pain, difficulty in swallowing, sharp abdominal pain, nausea, back pain, vomiting blood, burning abdominal pain, and heartburn.",hiatal hernia
"The patient presents with dizziness, difficulty in swallowing, sharp abdominal pain, back pain, heartburn, and upper abdominal pain.",hiatal hernia
"The patient presents with sharp chest pain, dizziness, difficulty in swallowing, nausea, regurgitation, burning abdominal pain, heartburn, and regurgitation.1.",hiatal hernia
"The patient presents with sharp chest pain, difficulty in swallowing, sharp abdominal pain, nausea, regurgitation, heartburn, and regurgitation.1.",hiatal hernia
"The patient presents with sharp chest pain, difficulty in swallowing, sharp abdominal pain, nausea, back pain, regurgitation, and regurgitation.1.",hiatal hernia
"The patient presents with difficulty in swallowing, sharp abdominal pain, vomiting blood, regurgitation, burning abdominal pain, heartburn, and regurgitation.1.",hiatal hernia
"The patient presents with dizziness, difficulty in swallowing, sharp abdominal pain, nausea, regurgitation, heartburn, and regurgitation.1.",hiatal hernia
"The patient presents with sharp chest pain, dizziness, difficulty in swallowing, nausea, vomiting blood, regurgitation, upper abdominal pain, and regurgitation.1.",hiatal hernia
"The patient presents with sharp chest pain, dizziness, sharp abdominal pain, nausea, vomiting blood, regurgitation, burning abdominal pain, heartburn, and regurgitation.1.",hiatal hernia
"The patient presents with sharp chest pain, dizziness, difficulty in swallowing, sharp abdominal pain, nausea, regurgitation, heartburn, and regurgitation.1.",hiatal hernia
"The patient presents with dizziness, difficulty in swallowing, sharp abdominal pain, back pain, regurgitation, heartburn, and regurgitation.1.",hiatal hernia
"The patient presents with difficulty in swallowing, sharp abdominal pain, regurgitation, heartburn, and regurgitation.1.",hiatal hernia
"The patient presents with dizziness, back pain, burning abdominal pain, heartburn, and upper abdominal pain.",hiatal hernia
"The patient presents with dizziness, difficulty in swallowing, sharp abdominal pain, nausea, burning abdominal pain, and upper abdominal pain.",hiatal hernia
"The patient presents with sharp abdominal pain, regurgitation, burning abdominal pain, heartburn, upper abdominal pain, and regurgitation.1.",hiatal hernia
"The patient presents with dizziness, difficulty in swallowing, regurgitation, burning abdominal pain, heartburn, and regurgitation.1.",hiatal hernia
"The patient presents with dizziness, difficulty in swallowing, sharp abdominal pain, vomiting blood, regurgitation, and regurgitation.1.",hiatal hernia
"The patient presents with sharp chest pain, dizziness, difficulty in swallowing, sharp abdominal pain, nausea, regurgitation, burning abdominal pain, heartburn, upper abdominal pain, and regurgitation.1.",hiatal hernia
"The patient presents with sharp abdominal pain, back pain, vomiting blood, and upper abdominal pain.",hiatal hernia
"The patient presents with difficulty in swallowing, back pain, vomiting blood, regurgitation, and regurgitation.1.",hiatal hernia
"The patient presents with dizziness, difficulty in swallowing, sharp abdominal pain, nausea, back pain, vomiting blood, heartburn, and upper abdominal pain.",hiatal hernia
"The patient presents with sharp chest pain, difficulty in swallowing, sharp abdominal pain, back pain, vomiting blood, burning abdominal pain, and upper abdominal pain.",hiatal hernia
"The patient presents with dizziness, difficulty in swallowing, nausea, back pain, heartburn, and upper abdominal pain.",hiatal hernia
"The patient presents with difficulty in swallowing, sharp abdominal pain, vomiting blood, burning abdominal pain, and upper abdominal pain.",hiatal hernia
"The patient presents with sharp chest pain, dizziness, back pain, vomiting blood, burning abdominal pain, and heartburn.",hiatal hernia
"The patient presents with sharp abdominal pain, nausea, vomiting blood, regurgitation, burning abdominal pain, upper abdominal pain, and regurgitation.1.",hiatal hernia
"The patient presents with sharp chest pain, dizziness, sharp abdominal pain, nausea, back pain, burning abdominal pain, and heartburn.",hiatal hernia
"The patient presents with dizziness, vomiting blood, regurgitation, burning abdominal pain, and regurgitation.1.",hiatal hernia
"The patient presents with difficulty in swallowing, sharp abdominal pain, back pain, regurgitation, burning abdominal pain, upper abdominal pain, and regurgitation.1.",hiatal hernia
"The patient presents with sharp chest pain, difficulty in swallowing, back pain, vomiting blood, regurgitation, burning abdominal pain, upper abdominal pain, and regurgitation.1.",hiatal hernia
"The patient presents with dizziness, sharp abdominal pain, burning abdominal pain, and heartburn.",hiatal hernia
"The patient presents with difficulty in swallowing, sharp abdominal pain, back pain, and upper abdominal pain.",hiatal hernia
"The patient presents with sharp chest pain, back pain, vomiting blood, regurgitation, burning abdominal pain, upper abdominal pain, and regurgitation.1.",hiatal hernia
"The patient presents with dizziness, difficulty in swallowing, sharp abdominal pain, regurgitation, heartburn, and regurgitation.1.",hiatal hernia
"The patient presents with sharp chest pain, nausea, vomiting blood, and upper abdominal pain.",hiatal hernia
"The patient presents with difficulty in swallowing, back pain, regurgitation, burning abdominal pain, upper abdominal pain, and regurgitation.1.",hiatal hernia
"The patient presents with sharp chest pain, nausea, back pain, vomiting blood, burning abdominal pain, and heartburn.",hiatal hernia
"The patient presents with dizziness, sharp abdominal pain, vomiting blood, regurgitation, heartburn, upper abdominal pain, and regurgitation.1.",hiatal hernia
"The patient presents with sharp abdominal pain, back pain, vomiting blood, regurgitation, burning abdominal pain, heartburn, and regurgitation.1.",hiatal hernia
"The patient presents with sharp chest pain, dizziness, difficulty in swallowing, back pain, vomiting blood, and upper abdominal pain.",hiatal hernia
"The patient presents with sharp chest pain, sharp abdominal pain, nausea, vomiting blood, regurgitation, heartburn, upper abdominal pain, and regurgitation.1.",hiatal hernia
"The patient presents with sharp chest pain, dizziness, difficulty in swallowing, nausea, vomiting blood, regurgitation, heartburn, upper abdominal pain, and regurgitation.1.",hiatal hernia
"The patient presents with sharp chest pain, dizziness, sharp abdominal pain, nausea, vomiting blood, burning abdominal pain, and upper abdominal pain.",hiatal hernia
"The patient presents with dizziness, difficulty in swallowing, nausea, back pain, vomiting blood, burning abdominal pain, heartburn, and upper abdominal pain.",hiatal hernia
"The patient presents with dizziness, sharp abdominal pain, nausea, back pain, vomiting blood, and upper abdominal pain.",hiatal hernia
"The patient presents with sharp chest pain, dizziness, difficulty in swallowing, back pain, vomiting blood, and heartburn.",hiatal hernia
"The patient presents with dizziness, sharp abdominal pain, vomiting blood, regurgitation, burning abdominal pain, heartburn, upper abdominal pain, and regurgitation.1.",hiatal hernia
"The patient presents with difficulty in swallowing, sharp abdominal pain, back pain, regurgitation, upper abdominal pain, and regurgitation.1.",hiatal hernia
"The patient presents with sharp chest pain, nausea, back pain, regurgitation, heartburn, upper abdominal pain, and regurgitation.1.",hiatal hernia
"The patient presents with sharp chest pain, difficulty in swallowing, nausea, back pain, vomiting blood, burning abdominal pain, and upper abdominal pain.",hiatal hernia
"The patient presents with sharp chest pain, dizziness, difficulty in swallowing, nausea, burning abdominal pain, heartburn, and upper abdominal pain.",hiatal hernia
"The patient presents with sharp chest pain, difficulty in swallowing, vomiting blood, regurgitation, burning abdominal pain, heartburn, upper abdominal pain, and regurgitation.1.",hiatal hernia
"The patient presents with sharp chest pain, difficulty in swallowing, sharp abdominal pain, back pain, vomiting blood, regurgitation, burning abdominal pain, upper abdominal pain, and regurgitation.1.",hiatal hernia
"The patient presents with difficulty in swallowing, sharp abdominal pain, back pain, regurgitation, burning abdominal pain, heartburn, upper abdominal pain, and regurgitation.1.",hiatal hernia
"The patient presents with sharp chest pain, dizziness, difficulty in swallowing, sharp abdominal pain, nausea, back pain, vomiting blood, regurgitation, heartburn, and regurgitation.1.",hiatal hernia
"The patient presents with sharp chest pain, dizziness, nausea, back pain, vomiting blood, burning abdominal pain, and upper abdominal pain.",hiatal hernia
"The patient presents with sharp chest pain, dizziness, difficulty in swallowing, sharp abdominal pain, nausea, burning abdominal pain, and upper abdominal pain.",hiatal hernia
"The patient presents with sharp chest pain, dizziness, nausea, burning abdominal pain, and heartburn.",hiatal hernia
"The patient presents with sharp abdominal pain, vomiting blood, burning abdominal pain, and heartburn.",hiatal hernia
"The patient presents with difficulty in swallowing, nausea, and vomiting blood.",hiatal hernia
"The patient presents with difficulty in swallowing, sharp abdominal pain, back pain, vomiting blood, regurgitation, heartburn, and regurgitation.1.",hiatal hernia
"The patient presents with sharp chest pain, difficulty in swallowing, nausea, back pain, regurgitation, upper abdominal pain, and regurgitation.1.",hiatal hernia
"The patient presents with sharp chest pain, dizziness, nausea, and burning abdominal pain.",hiatal hernia
"The patient presents with sharp abdominal pain, back pain, and heartburn.",hiatal hernia
"The patient presents with dizziness, difficulty in swallowing, burning abdominal pain, and upper abdominal pain.",hiatal hernia
"The patient presents with sharp chest pain, dizziness, difficulty in swallowing, sharp abdominal pain, back pain, vomiting blood, regurgitation, burning abdominal pain, heartburn, upper abdominal pain, and regurgitation.1.",hiatal hernia
"The patient presents with dizziness, sharp abdominal pain, nausea, vomiting blood, and upper abdominal pain.",hiatal hernia
"The patient presents with sharp abdominal pain, nausea, and burning abdominal pain.",hiatal hernia
"The patient presents with sharp chest pain, sharp abdominal pain, nausea, vomiting blood, regurgitation, burning abdominal pain, and regurgitation.1.",hiatal hernia
"The patient presents with sharp chest pain, difficulty in swallowing, and sharp abdominal pain.",hiatal hernia
"The patient presents with difficulty in swallowing, sharp abdominal pain, nausea, back pain, regurgitation, and regurgitation.1.",hiatal hernia
"The patient presents with sharp chest pain, nausea, burning abdominal pain, and upper abdominal pain.",hiatal hernia
"The patient presents with dizziness, sharp abdominal pain, nausea, back pain, heartburn, and upper abdominal pain.",hiatal hernia
"The patient presents with difficulty in swallowing, sharp abdominal pain, back pain, regurgitation, burning abdominal pain, heartburn, and regurgitation.1.",hiatal hernia
"The patient presents with sharp chest pain, difficulty in swallowing, sharp abdominal pain, nausea, regurgitation, burning abdominal pain, and regurgitation.1.",hiatal hernia
"The patient presents with sharp chest pain, back pain, regurgitation, burning abdominal pain, and regurgitation.1.",hiatal hernia
"The patient presents with difficulty in swallowing, sharp abdominal pain, vomiting blood, heartburn, and upper abdominal pain.",hiatal hernia
"The patient presents with difficulty in swallowing, nausea, back pain, vomiting blood, and heartburn.",hiatal hernia
"The patient presents with sharp chest pain, dizziness, difficulty in swallowing, sharp abdominal pain, nausea, back pain, regurgitation, burning abdominal pain, heartburn, upper abdominal pain, and regurgitation.1.",hiatal hernia
"The patient presents with sharp chest pain, dizziness, difficulty in swallowing, nausea, back pain, regurgitation, heartburn, upper abdominal pain, and regurgitation.1.",hiatal hernia
"The patient presents with sharp chest pain, difficulty in swallowing, burning abdominal pain, and upper abdominal pain.",hiatal hernia
"The patient presents with sharp chest pain, dizziness, nausea, and upper abdominal pain.",hiatal hernia
"The patient presents with sharp chest pain, dizziness, difficulty in swallowing, vomiting blood, heartburn, and upper abdominal pain.",hiatal hernia
"The patient presents with sharp chest pain, difficulty in swallowing, and heartburn.",hiatal hernia
"The patient presents with sharp chest pain, difficulty in swallowing, sharp abdominal pain, vomiting blood, regurgitation, heartburn, and regurgitation.1.",hiatal hernia
"The patient presents with difficulty in swallowing, vomiting blood, and heartburn.",hiatal hernia
"The patient presents with sharp chest pain, difficulty in swallowing, nausea, vomiting blood, regurgitation, burning abdominal pain, upper abdominal pain, and regurgitation.1.",hiatal hernia
"The patient presents with sharp chest pain, dizziness, difficulty in swallowing, vomiting blood, burning abdominal pain, and heartburn.",hiatal hernia
"The patient presents with dizziness, difficulty in swallowing, back pain, vomiting blood, regurgitation, burning abdominal pain, heartburn, and regurgitation.1.",hiatal hernia
"The patient presents with difficulty in swallowing, sharp abdominal pain, nausea, back pain, vomiting blood, regurgitation, burning abdominal pain, heartburn, and regurgitation.1.",hiatal hernia
"The patient presents with sharp chest pain, dizziness, difficulty in swallowing, sharp abdominal pain, back pain, vomiting blood, burning abdominal pain, heartburn, and upper abdominal pain.",hiatal hernia
"The patient presents with sharp chest pain, dizziness, difficulty in swallowing, nausea, back pain, vomiting blood, regurgitation, heartburn, and regurgitation.1.",hiatal hernia
"The patient presents with sharp chest pain, dizziness, difficulty in swallowing, sharp abdominal pain, back pain, vomiting blood, and upper abdominal pain.",hiatal hernia
"The patient presents with sharp chest pain, dizziness, difficulty in swallowing, vomiting blood, regurgitation, burning abdominal pain, and regurgitation.1.",hiatal hernia
"The patient presents with difficulty in swallowing, sharp abdominal pain, burning abdominal pain, and heartburn.",hiatal hernia
"The patient presents with sharp chest pain, nausea, vomiting blood, regurgitation, heartburn, upper abdominal pain, and regurgitation.1.",hiatal hernia
"The patient presents with sharp chest pain, difficulty in swallowing, nausea, vomiting blood, regurgitation, heartburn, and regurgitation.1.",hiatal hernia
"The patient presents with sharp chest pain, dizziness, sharp abdominal pain, nausea, back pain, regurgitation, burning abdominal pain, and regurgitation.1.",hiatal hernia
"The patient presents with dizziness, difficulty in swallowing, nausea, back pain, vomiting blood, and heartburn.",hiatal hernia
"The patient presents with difficulty in swallowing, sharp abdominal pain, vomiting blood, regurgitation, heartburn, upper abdominal pain, and regurgitation.1.",hiatal hernia
"The patient presents with dizziness, difficulty in swallowing, nausea, vomiting blood, regurgitation, burning abdominal pain, heartburn, upper abdominal pain, and regurgitation.1.",hiatal hernia
"The patient presents with sharp chest pain, difficulty in swallowing, sharp abdominal pain, regurgitation, burning abdominal pain, heartburn, upper abdominal pain, and regurgitation.1.",hiatal hernia
"The patient presents with sharp chest pain, dizziness, sharp abdominal pain, back pain, vomiting blood, regurgitation, upper abdominal pain, and regurgitation.1.",hiatal hernia
"The patient presents with sharp chest pain, dizziness, difficulty in swallowing, regurgitation, burning abdominal pain, upper abdominal pain, and regurgitation.1.",hiatal hernia
"The patient presents with sharp chest pain, difficulty in swallowing, nausea, back pain, vomiting blood, regurgitation, heartburn, upper abdominal pain, and regurgitation.1.",hiatal hernia
"The patient presents with difficulty in swallowing, sharp abdominal pain, nausea, vomiting blood, and upper abdominal pain.",hiatal hernia
"The patient presents with sharp abdominal pain, nausea, back pain, regurgitation, heartburn, and regurgitation.1.",hiatal hernia
"The patient presents with sharp chest pain, difficulty in swallowing, nausea, back pain, vomiting blood, heartburn, and upper abdominal pain.",hiatal hernia
"The patient presents with sharp chest pain, sharp abdominal pain, nausea, back pain, regurgitation, upper abdominal pain, and regurgitation.1.",hiatal hernia
"The patient presents with sharp chest pain, difficulty in swallowing, back pain, vomiting blood, and burning abdominal pain.",hiatal hernia
"The patient presents with dizziness, back pain, burning abdominal pain, and upper abdominal pain.",hiatal hernia
"The patient presents with dizziness, sharp abdominal pain, nausea, vomiting blood, heartburn, and upper abdominal pain.",hiatal hernia
"The patient presents with sharp chest pain, dizziness, sharp abdominal pain, nausea, vomiting blood, regurgitation, upper abdominal pain, and regurgitation.1.",hiatal hernia
"The patient presents with sharp chest pain, regurgitation, upper abdominal pain, and regurgitation.1.",hiatal hernia
"The patient presents with sharp chest pain, dizziness, difficulty in swallowing, sharp abdominal pain, nausea, burning abdominal pain, heartburn, and upper abdominal pain.",hiatal hernia
"The patient presents with sharp chest pain, dizziness, nausea, vomiting blood, regurgitation, burning abdominal pain, heartburn, upper abdominal pain, and regurgitation.1.",hiatal hernia
"The patient presents with sharp chest pain, difficulty in swallowing, nausea, back pain, burning abdominal pain, and upper abdominal pain.",hiatal hernia
"The patient presents with sharp chest pain, dizziness, nausea, back pain, regurgitation, and regurgitation.1.",hiatal hernia
"The patient presents with difficulty in swallowing, sharp abdominal pain, back pain, burning abdominal pain, and heartburn.",hiatal hernia
"The patient presents with dizziness, nausea, regurgitation, burning abdominal pain, heartburn, and regurgitation.1.",hiatal hernia
"The patient presents with sharp chest pain, dizziness, difficulty in swallowing, nausea, regurgitation, heartburn, upper abdominal pain, and regurgitation.1.",hiatal hernia
"The patient presents with sharp chest pain, dizziness, back pain, vomiting blood, regurgitation, burning abdominal pain, and regurgitation.1.",hiatal hernia
"The patient presents with sharp chest pain, dizziness, difficulty in swallowing, sharp abdominal pain, nausea, back pain, vomiting blood, regurgitation, heartburn, and regurgitation.1.",hiatal hernia
"The patient presents with difficulty in swallowing, nausea, back pain, vomiting blood, regurgitation, burning abdominal pain, and regurgitation.1.",hiatal hernia
"The patient presents with difficulty in swallowing, nausea, vomiting blood, burning abdominal pain, and upper abdominal pain.",hiatal hernia
"The patient presents with sharp chest pain, dizziness, difficulty in swallowing, sharp abdominal pain, and burning abdominal pain.",hiatal hernia
"The patient presents with sharp chest pain, difficulty in swallowing, back pain, regurgitation, and regurgitation.1.",hiatal hernia
"The patient presents with dizziness, difficulty in swallowing, nausea, and upper abdominal pain.",hiatal hernia
"The patient presents with dizziness, difficulty in swallowing, sharp abdominal pain, nausea, regurgitation, burning abdominal pain, heartburn, and regurgitation.1.",hiatal hernia
"The patient presents with dizziness, sharp abdominal pain, regurgitation, heartburn, upper abdominal pain, and regurgitation.1.",hiatal hernia
"The patient presents with sharp abdominal pain, nausea, and heartburn.",hiatal hernia
"The patient presents with difficulty in swallowing, sharp abdominal pain, back pain, regurgitation, burning abdominal pain, and regurgitation.1.",hiatal hernia
"The patient presents with sharp chest pain, sharp abdominal pain, nausea, back pain, burning abdominal pain, and upper abdominal pain.",hiatal hernia
"The patient presents with difficulty in swallowing, nausea, vomiting blood, and upper abdominal pain.",hiatal hernia
"The patient presents with sharp chest pain, back pain, vomiting blood, regurgitation, heartburn, upper abdominal pain, and regurgitation.1.",hiatal hernia
"The patient presents with difficulty in swallowing, vomiting blood, burning abdominal pain, and heartburn.",hiatal hernia
"The patient presents with sharp chest pain, dizziness, nausea, vomiting blood, burning abdominal pain, heartburn, and upper abdominal pain.",hiatal hernia
"The patient presents with sharp chest pain, dizziness, difficulty in swallowing, burning abdominal pain, and upper abdominal pain.",hiatal hernia
"The patient presents with sharp abdominal pain, vomiting blood, and burning abdominal pain.",hiatal hernia
"The patient presents with sharp chest pain, dizziness, difficulty in swallowing, sharp abdominal pain, nausea, vomiting blood, burning abdominal pain, heartburn, and upper abdominal pain.",hiatal hernia
"The patient presents with sharp chest pain, difficulty in swallowing, nausea, back pain, burning abdominal pain, heartburn, and upper abdominal pain.",hiatal hernia
"The patient presents with sharp chest pain, dizziness, difficulty in swallowing, sharp abdominal pain, vomiting blood, regurgitation, burning abdominal pain, heartburn, upper abdominal pain, and regurgitation.1.",hiatal hernia
"The patient presents with sharp chest pain, difficulty in swallowing, back pain, regurgitation, burning abdominal pain, heartburn, upper abdominal pain, and regurgitation.1.",hiatal hernia
"The patient presents with dizziness, difficulty in swallowing, sharp abdominal pain, back pain, regurgitation, heartburn, upper abdominal pain, and regurgitation.1.",hiatal hernia
"The patient presents with dizziness, difficulty in swallowing, nausea, back pain, heartburn, and upper abdominal pain.",hiatal hernia
"The patient presents with sharp chest pain, difficulty in swallowing, nausea, vomiting blood, and burning abdominal pain.",hiatal hernia
"The patient presents with dizziness, difficulty in swallowing, vomiting blood, and upper abdominal pain.",hiatal hernia
"The patient presents with sharp chest pain, dizziness, sharp abdominal pain, nausea, back pain, vomiting blood, regurgitation, heartburn, and regurgitation.1.",hiatal hernia
"The patient presents with sharp chest pain, difficulty in swallowing, nausea, vomiting blood, regurgitation, burning abdominal pain, heartburn, and regurgitation.1.",hiatal hernia
"The patient presents with difficulty in swallowing, regurgitation, burning abdominal pain, heartburn, upper abdominal pain, and regurgitation.1.",hiatal hernia
"The patient presents with difficulty in swallowing, vomiting blood, heartburn, and upper abdominal pain.",hiatal hernia
"The patient presents with nausea, back pain, regurgitation, burning abdominal pain, upper abdominal pain, and regurgitation.1.",hiatal hernia
"The patient presents with sharp chest pain, difficulty in swallowing, sharp abdominal pain, nausea, vomiting blood, regurgitation, and regurgitation.1.",hiatal hernia
"The patient presents with sharp chest pain, dizziness, sharp abdominal pain, vomiting blood, regurgitation, burning abdominal pain, heartburn, upper abdominal pain, and regurgitation.1.",hiatal hernia
"The patient presents with dizziness, difficulty in swallowing, regurgitation, burning abdominal pain, upper abdominal pain, and regurgitation.1.",hiatal hernia
"The patient presents with sharp chest pain, dizziness, difficulty in swallowing, vomiting blood, regurgitation, upper abdominal pain, and regurgitation.1.",hiatal hernia
"The patient presents with dizziness, difficulty in swallowing, sharp abdominal pain, back pain, regurgitation, and regurgitation.1.",hiatal hernia
"The patient presents with sharp chest pain, difficulty in swallowing, sharp abdominal pain, back pain, burning abdominal pain, heartburn, and upper abdominal pain.",hiatal hernia
"The patient presents with sharp chest pain, dizziness, back pain, burning abdominal pain, and heartburn.",hiatal hernia
"The patient presents with sharp chest pain, dizziness, difficulty in swallowing, vomiting blood, regurgitation, heartburn, upper abdominal pain, and regurgitation.1.",hiatal hernia
"The patient presents with difficulty in swallowing, sharp abdominal pain, nausea, burning abdominal pain, and heartburn.",hiatal hernia
"The patient presents with dizziness, difficulty in swallowing, nausea, back pain, regurgitation, burning abdominal pain, heartburn, and regurgitation.1.",hiatal hernia
"The patient presents with sharp chest pain, difficulty in swallowing, sharp abdominal pain, back pain, vomiting blood, and burning abdominal pain.",hiatal hernia
"The patient presents with dizziness, difficulty in swallowing, sharp abdominal pain, regurgitation, heartburn, upper abdominal pain, and regurgitation.1.",hiatal hernia
"The patient presents with sharp chest pain, difficulty in swallowing, nausea, regurgitation, burning abdominal pain, and regurgitation.1.",hiatal hernia
"The patient presents with difficulty in swallowing, sharp abdominal pain, nausea, back pain, regurgitation, and regurgitation.1.",hiatal hernia
"The patient presents with sharp chest pain, nausea, regurgitation, heartburn, upper abdominal pain, and regurgitation.1.",hiatal hernia
The patient presents with difficulty in swallowing and heartburn.,hiatal hernia
"The patient presents with sharp chest pain, dizziness, difficulty in swallowing, burning abdominal pain, and upper abdominal pain.",hiatal hernia
"The patient presents with sharp chest pain, difficulty in swallowing, sharp abdominal pain, nausea, vomiting blood, regurgitation, upper abdominal pain, and regurgitation.1.",hiatal hernia
"The patient presents with dizziness, difficulty in swallowing, sharp abdominal pain, nausea, vomiting blood, burning abdominal pain, and upper abdominal pain.",hiatal hernia
"The patient presents with dizziness, difficulty in swallowing, sharp abdominal pain, back pain, vomiting blood, regurgitation, burning abdominal pain, and regurgitation.1.",hiatal hernia
"The patient presents with nausea, back pain, regurgitation, heartburn, upper abdominal pain, and regurgitation.1.",hiatal hernia
"The patient presents with sharp chest pain, difficulty in swallowing, and vomiting blood.",hiatal hernia
"The patient presents with sharp chest pain, sharp abdominal pain, nausea, back pain, vomiting blood, regurgitation, burning abdominal pain, heartburn, upper abdominal pain, and regurgitation.1.",hiatal hernia
"The patient presents with sharp chest pain, sharp abdominal pain, vomiting blood, burning abdominal pain, and heartburn.",hiatal hernia
"The patient presents with difficulty in swallowing, vomiting blood, regurgitation, heartburn, upper abdominal pain, and regurgitation.1.",hiatal hernia
"The patient presents with dizziness, difficulty in swallowing, nausea, back pain, regurgitation, upper abdominal pain, and regurgitation.1.",hiatal hernia
"The patient presents with difficulty in swallowing, sharp abdominal pain, nausea, vomiting blood, regurgitation, burning abdominal pain, and regurgitation.1.",hiatal hernia
"The patient presents with dizziness, difficulty in swallowing, sharp abdominal pain, regurgitation, and regurgitation.1.",hiatal hernia
"The patient presents with dizziness, difficulty in swallowing, nausea, vomiting blood, regurgitation, and regurgitation.1.",hiatal hernia
"The patient presents with sharp chest pain, dizziness, sharp abdominal pain, back pain, regurgitation, burning abdominal pain, heartburn, upper abdominal pain, and regurgitation.1.",hiatal hernia
"The patient presents with dizziness, difficulty in swallowing, sharp abdominal pain, nausea, back pain, vomiting blood, and heartburn.",hiatal hernia
"The patient presents with sharp chest pain, dizziness, sharp abdominal pain, nausea, vomiting blood, and burning abdominal pain.",hiatal hernia
"The patient presents with sharp chest pain, sharp abdominal pain, nausea, back pain, vomiting blood, regurgitation, burning abdominal pain, upper abdominal pain, and regurgitation.1.",hiatal hernia
"The patient presents with sharp chest pain, dizziness, difficulty in swallowing, sharp abdominal pain, nausea, back pain, vomiting blood, regurgitation, and regurgitation.1.",hiatal hernia
"The patient presents with sharp chest pain, difficulty in swallowing, sharp abdominal pain, nausea, back pain, and upper abdominal pain.",hiatal hernia
"The patient presents with sharp chest pain, difficulty in swallowing, sharp abdominal pain, back pain, vomiting blood, burning abdominal pain, and heartburn.",hiatal hernia
"The patient presents with sharp chest pain, dizziness, difficulty in swallowing, nausea, back pain, vomiting blood, heartburn, and upper abdominal pain.",hiatal hernia
"The patient presents with sharp chest pain, vomiting blood, burning abdominal pain, and upper abdominal pain.",hiatal hernia
"The patient presents with difficulty in swallowing, back pain, and vomiting blood.",hiatal hernia
"The patient presents with sharp chest pain, dizziness, difficulty in swallowing, sharp abdominal pain, regurgitation, burning abdominal pain, heartburn, upper abdominal pain, and regurgitation.1.",hiatal hernia
"The patient presents with sharp chest pain, dizziness, difficulty in swallowing, sharp abdominal pain, back pain, and upper abdominal pain.",hiatal hernia
"The patient presents with sharp chest pain, dizziness, difficulty in swallowing, burning abdominal pain, and heartburn.",hiatal hernia
"The patient presents with difficulty in swallowing, sharp abdominal pain, nausea, and vomiting blood.",hiatal hernia
"The patient presents with sharp chest pain, difficulty in swallowing, sharp abdominal pain, nausea, back pain, and vomiting blood.",hiatal hernia
"The patient presents with difficulty in swallowing, sharp abdominal pain, and vomiting blood.",hiatal hernia
"The patient presents with dizziness, difficulty in swallowing, sharp abdominal pain, vomiting blood, and burning abdominal pain.",hiatal hernia
"The patient presents with sharp chest pain, dizziness, difficulty in swallowing, nausea, back pain, vomiting blood, regurgitation, heartburn, upper abdominal pain, and regurgitation.1.",hiatal hernia
"The patient presents with dizziness, difficulty in swallowing, nausea, and burning abdominal pain.",hiatal hernia
"The patient presents with sharp chest pain, dizziness, sharp abdominal pain, back pain, regurgitation, burning abdominal pain, heartburn, and regurgitation.1.",hiatal hernia
"The patient presents with dizziness, difficulty in swallowing, sharp abdominal pain, nausea, back pain, burning abdominal pain, and heartburn.",hiatal hernia
"The patient presents with sharp chest pain, dizziness, difficulty in swallowing, sharp abdominal pain, nausea, back pain, and upper abdominal pain.",hiatal hernia
"The patient presents with sharp chest pain, dizziness, difficulty in swallowing, nausea, back pain, burning abdominal pain, and heartburn.",hiatal hernia
"The patient presents with sharp chest pain, dizziness, difficulty in swallowing, sharp abdominal pain, regurgitation, burning abdominal pain, and regurgitation.1.",hiatal hernia
"The patient presents with sharp chest pain, dizziness, back pain, regurgitation, burning abdominal pain, and regurgitation.1.",hiatal hernia
"The patient presents with difficulty in swallowing, sharp abdominal pain, nausea, back pain, vomiting blood, regurgitation, heartburn, and regurgitation.1.",hiatal hernia
"The patient presents with sharp chest pain, dizziness, difficulty in swallowing, sharp abdominal pain, back pain, burning abdominal pain, heartburn, and upper abdominal pain.",hiatal hernia
"The patient presents with dizziness, difficulty in swallowing, vomiting blood, regurgitation, heartburn, and regurgitation.1.",hiatal hernia
"The patient presents with nausea, back pain, regurgitation, heartburn, and regurgitation.1.",hiatal hernia
"The patient presents with difficulty in swallowing, nausea, back pain, vomiting blood, burning abdominal pain, heartburn, and upper abdominal pain.",hiatal hernia
"The patient presents with sharp chest pain, difficulty in swallowing, sharp abdominal pain, vomiting blood, regurgitation, and regurgitation.1.",hiatal hernia
"The patient presents with difficulty in swallowing, sharp abdominal pain, nausea, regurgitation, burning abdominal pain, heartburn, upper abdominal pain, and regurgitation.1.",hiatal hernia
"The patient presents with dizziness, difficulty in swallowing, nausea, back pain, vomiting blood, regurgitation, burning abdominal pain, and regurgitation.1.",hiatal hernia
"The patient presents with dizziness, difficulty in swallowing, sharp abdominal pain, vomiting blood, regurgitation, upper abdominal pain, and regurgitation.1.",hiatal hernia
"The patient presents with dizziness, difficulty in swallowing, nausea, burning abdominal pain, heartburn, and upper abdominal pain.",hiatal hernia
"The patient presents with dizziness, difficulty in swallowing, sharp abdominal pain, nausea, back pain, and heartburn.",hiatal hernia
"The patient presents with sharp chest pain, dizziness, regurgitation, burning abdominal pain, heartburn, upper abdominal pain, and regurgitation.1.",hiatal hernia
"The patient presents with sharp chest pain, dizziness, difficulty in swallowing, nausea, back pain, vomiting blood, regurgitation, heartburn, upper abdominal pain, and regurgitation.1.",hiatal hernia
"The patient presents with sharp chest pain, dizziness, difficulty in swallowing, sharp abdominal pain, back pain, burning abdominal pain, and upper abdominal pain.",hiatal hernia
"The patient presents with sharp chest pain, back pain, regurgitation, upper abdominal pain, and regurgitation.1.",hiatal hernia
"The patient presents with dizziness, nausea, and vomiting blood.",hiatal hernia
"The patient presents with difficulty in swallowing, nausea, regurgitation, burning abdominal pain, heartburn, upper abdominal pain, and regurgitation.1.",hiatal hernia
"The patient presents with dizziness, difficulty in swallowing, back pain, regurgitation, upper abdominal pain, and regurgitation.1.",hiatal hernia
"The patient presents with sharp chest pain, dizziness, difficulty in swallowing, nausea, regurgitation, heartburn, and regurgitation.1.",hiatal hernia
"The patient presents with difficulty in swallowing, sharp abdominal pain, vomiting blood, and burning abdominal pain.",hiatal hernia
"The patient presents with sharp chest pain, dizziness, difficulty in swallowing, sharp abdominal pain, nausea, and upper abdominal pain.",hiatal hernia
"The patient presents with dizziness, difficulty in swallowing, sharp abdominal pain, and upper abdominal pain.",hiatal hernia
"The patient presents with sharp chest pain, difficulty in swallowing, vomiting blood, regurgitation, heartburn, and regurgitation.1.",hiatal hernia
"The patient presents with sharp chest pain, dizziness, difficulty in swallowing, regurgitation, heartburn, upper abdominal pain, and regurgitation.1.",hiatal hernia
"The patient presents with sharp chest pain, dizziness, sharp abdominal pain, nausea, back pain, and upper abdominal pain.",hiatal hernia
"The patient presents with sharp chest pain, dizziness, difficulty in swallowing, back pain, vomiting blood, burning abdominal pain, and upper abdominal pain.",hiatal hernia
"The patient presents with difficulty in swallowing, back pain, vomiting blood, regurgitation, and regurgitation.1.",hiatal hernia
"The patient presents with sharp chest pain, dizziness, difficulty in swallowing, back pain, heartburn, and upper abdominal pain.",hiatal hernia
"The patient presents with difficulty in swallowing, sharp abdominal pain, nausea, vomiting blood, burning abdominal pain, and upper abdominal pain.",hiatal hernia
"The patient presents with sharp chest pain, difficulty in swallowing, nausea, back pain, regurgitation, heartburn, upper abdominal pain, and regurgitation.1.",hiatal hernia
"The patient presents with sharp chest pain, dizziness, nausea, back pain, heartburn, and upper abdominal pain.",hiatal hernia
"The patient presents with sharp chest pain, dizziness, difficulty in swallowing, back pain, heartburn, and upper abdominal pain.",hiatal hernia
"The patient presents with sharp chest pain, dizziness, sharp abdominal pain, nausea, back pain, and heartburn.",hiatal hernia
"The patient presents with sharp abdominal pain, back pain, burning abdominal pain, and upper abdominal pain.",hiatal hernia
"The patient presents with sharp chest pain, difficulty in swallowing, vomiting blood, regurgitation, upper abdominal pain, and regurgitation.1.",hiatal hernia
"The patient presents with sharp chest pain, difficulty in swallowing, nausea, burning abdominal pain, heartburn, and upper abdominal pain.",hiatal hernia
"The patient presents with sharp abdominal pain, nausea, regurgitation, and regurgitation.1.",hiatal hernia
"The patient presents with dizziness, difficulty in swallowing, sharp abdominal pain, nausea, back pain, regurgitation, and regurgitation.1.",hiatal hernia
"The patient presents with difficulty in swallowing, sharp abdominal pain, regurgitation, burning abdominal pain, and regurgitation.1.",hiatal hernia
"The patient presents with burning abdominal pain, heartburn, and upper abdominal pain.",hiatal hernia
"The patient presents with dizziness, difficulty in swallowing, sharp abdominal pain, nausea, vomiting blood, regurgitation, heartburn, upper abdominal pain, and regurgitation.1.",hiatal hernia
"The patient presents with sharp chest pain, dizziness, difficulty in swallowing, sharp abdominal pain, back pain, and vomiting blood.",hiatal hernia
"The patient presents with difficulty in swallowing, sharp abdominal pain, nausea, regurgitation, and regurgitation.1.",hiatal hernia
"The patient presents with sharp chest pain, dizziness, difficulty in swallowing, sharp abdominal pain, back pain, vomiting blood, and upper abdominal pain.",hiatal hernia
"The patient presents with sharp chest pain, sharp abdominal pain, nausea, heartburn, and upper abdominal pain.",hiatal hernia
"The patient presents with sharp abdominal pain, heartburn, and upper abdominal pain.",hiatal hernia
"The patient presents with sharp chest pain, nausea, regurgitation, heartburn, and regurgitation.1.",hiatal hernia
"The patient presents with dizziness, regurgitation, burning abdominal pain, heartburn, upper abdominal pain, and regurgitation.1.",hiatal hernia
"The patient presents with dizziness, difficulty in swallowing, sharp abdominal pain, vomiting blood, regurgitation, burning abdominal pain, upper abdominal pain, and regurgitation.1.",hiatal hernia
"The patient presents with sharp chest pain, dizziness, sharp abdominal pain, back pain, regurgitation, burning abdominal pain, and regurgitation.1.",hiatal hernia
"The patient presents with sharp chest pain, dizziness, sharp abdominal pain, regurgitation, heartburn, and regurgitation.1.",hiatal hernia
"The patient presents with sharp abdominal pain, vomiting blood, burning abdominal pain, and upper abdominal pain.",hiatal hernia
"The patient presents with sharp chest pain, sharp abdominal pain, nausea, burning abdominal pain, heartburn, and upper abdominal pain.",hiatal hernia
"The patient presents with difficulty in swallowing, sharp abdominal pain, regurgitation, heartburn, upper abdominal pain, and regurgitation.1.",hiatal hernia
"The patient presents with sharp chest pain, dizziness, vomiting blood, regurgitation, heartburn, upper abdominal pain, and regurgitation.1.",hiatal hernia
"The patient presents with sharp abdominal pain, nausea, back pain, vomiting blood, regurgitation, and regurgitation.1.",hiatal hernia
"The patient presents with sharp chest pain, dizziness, sharp abdominal pain, nausea, back pain, burning abdominal pain, heartburn, and upper abdominal pain.",hiatal hernia
"The patient presents with dizziness, difficulty in swallowing, sharp abdominal pain, nausea, back pain, vomiting blood, regurgitation, heartburn, upper abdominal pain, and regurgitation.1.",hiatal hernia
"The patient presents with sharp abdominal pain, regurgitation, upper abdominal pain, and regurgitation.1.",hiatal hernia
"The patient presents with sharp abdominal pain, nausea, vomiting blood, regurgitation, upper abdominal pain, and regurgitation.1.",hiatal hernia
"The patient presents with dizziness, difficulty in swallowing, back pain, regurgitation, burning abdominal pain, heartburn, and regurgitation.1.",hiatal hernia
"The patient presents with sharp chest pain, difficulty in swallowing, regurgitation, and regurgitation.1.",hiatal hernia
"The patient presents with sharp chest pain, dizziness, difficulty in swallowing, sharp abdominal pain, nausea, back pain, vomiting blood, regurgitation, burning abdominal pain, heartburn, and regurgitation.1.",hiatal hernia
"The patient presents with difficulty in swallowing, sharp abdominal pain, nausea, back pain, vomiting blood, regurgitation, burning abdominal pain, heartburn, and regurgitation.1.",hiatal hernia
"The patient presents with dizziness, vomiting blood, regurgitation, burning abdominal pain, upper abdominal pain, and regurgitation.1.",hiatal hernia
"The patient presents with sharp chest pain, difficulty in swallowing, sharp abdominal pain, regurgitation, and regurgitation.1.",hiatal hernia
"The patient presents with sharp chest pain, dizziness, difficulty in swallowing, sharp abdominal pain, vomiting blood, and heartburn.",hiatal hernia
"The patient presents with dizziness, difficulty in swallowing, back pain, regurgitation, burning abdominal pain, upper abdominal pain, and regurgitation.1.",hiatal hernia
"The patient presents with sharp chest pain, difficulty in swallowing, sharp abdominal pain, nausea, regurgitation, burning abdominal pain, and regurgitation.1.",hiatal hernia
"The patient presents with dizziness, sharp abdominal pain, nausea, back pain, vomiting blood, regurgitation, and regurgitation.1.",hiatal hernia
The patient presents with sharp abdominal pain and heartburn.,hiatal hernia
"The patient presents with sharp abdominal pain, vomiting blood, regurgitation, burning abdominal pain, heartburn, upper abdominal pain, and regurgitation.1.",hiatal hernia
"The patient presents with sharp chest pain, nausea, regurgitation, burning abdominal pain, heartburn, upper abdominal pain, and regurgitation.1.",hiatal hernia
"The patient presents with sharp chest pain, difficulty in swallowing, nausea, back pain, regurgitation, heartburn, upper abdominal pain, and regurgitation.1.",hiatal hernia
"The patient presents with sharp abdominal pain, nausea, back pain, vomiting blood, burning abdominal pain, and upper abdominal pain.",hiatal hernia
"The patient presents with dizziness, difficulty in swallowing, sharp abdominal pain, vomiting blood, burning abdominal pain, heartburn, and upper abdominal pain.",hiatal hernia
"The patient presents with difficulty in swallowing, nausea, and back pain.",hiatal hernia
"The patient presents with sharp chest pain, difficulty in swallowing, back pain, and heartburn.",hiatal hernia
"The patient presents with dizziness, difficulty in swallowing, sharp abdominal pain, vomiting blood, burning abdominal pain, and upper abdominal pain.",hiatal hernia
"The patient presents with sharp chest pain, difficulty in swallowing, sharp abdominal pain, nausea, vomiting blood, and burning abdominal pain.",hiatal hernia
"The patient presents with sharp chest pain, dizziness, back pain, regurgitation, heartburn, upper abdominal pain, and regurgitation.1.",hiatal hernia
"The patient presents with sharp chest pain, dizziness, difficulty in swallowing, vomiting blood, regurgitation, heartburn, and regurgitation.1.",hiatal hernia
"The patient presents with dizziness, difficulty in swallowing, sharp abdominal pain, nausea, vomiting blood, regurgitation, heartburn, and regurgitation.1.",hiatal hernia
"The patient presents with sharp chest pain, dizziness, difficulty in swallowing, nausea, vomiting blood, regurgitation, heartburn, and regurgitation.1.",hiatal hernia
"The patient presents with sharp chest pain, back pain, vomiting blood, regurgitation, upper abdominal pain, and regurgitation.1.",hiatal hernia
"The patient presents with sharp chest pain, dizziness, difficulty in swallowing, sharp abdominal pain, back pain, regurgitation, and regurgitation.1.",hiatal hernia
"The patient presents with dizziness, difficulty in swallowing, sharp abdominal pain, nausea, regurgitation, burning abdominal pain, and regurgitation.1.",hiatal hernia
"The patient presents with difficulty in swallowing, sharp abdominal pain, nausea, vomiting blood, regurgitation, burning abdominal pain, upper abdominal pain, and regurgitation.1.",hiatal hernia
"The patient presents with sharp chest pain, sharp abdominal pain, nausea, back pain, vomiting blood, regurgitation, and regurgitation.1.",hiatal hernia
"The patient presents with dizziness, difficulty in swallowing, sharp abdominal pain, nausea, regurgitation, upper abdominal pain, and regurgitation.1.",hiatal hernia
"The patient presents with sharp chest pain, dizziness, difficulty in swallowing, nausea, back pain, vomiting blood, and upper abdominal pain.",hiatal hernia
"The patient presents with dizziness, sharp abdominal pain, nausea, and heartburn.",hiatal hernia
"The patient presents with dizziness, sharp abdominal pain, nausea, back pain, regurgitation, burning abdominal pain, and regurgitation.1.",hiatal hernia
"The patient presents with dizziness, difficulty in swallowing, sharp abdominal pain, nausea, burning abdominal pain, and heartburn.",hiatal hernia
"The patient presents with dizziness, difficulty in swallowing, nausea, vomiting blood, burning abdominal pain, and upper abdominal pain.",hiatal hernia
"The patient presents with difficulty in swallowing, nausea, back pain, regurgitation, heartburn, and regurgitation.1.",hiatal hernia
"The patient presents with sharp chest pain, sharp abdominal pain, nausea, regurgitation, burning abdominal pain, and regurgitation.1.",hiatal hernia
"The patient presents with sharp chest pain, difficulty in swallowing, sharp abdominal pain, nausea, and upper abdominal pain.",hiatal hernia
"The patient presents with difficulty in swallowing, burning abdominal pain, heartburn, and upper abdominal pain.",hiatal hernia
"The patient presents with difficulty in swallowing, nausea, back pain, vomiting blood, burning abdominal pain, and upper abdominal pain.",hiatal hernia
"The patient presents with sharp chest pain, dizziness, back pain, vomiting blood, burning abdominal pain, heartburn, and upper abdominal pain.",hiatal hernia
"The patient presents with difficulty in swallowing, sharp abdominal pain, nausea, back pain, regurgitation, heartburn, and regurgitation.1.",hiatal hernia
"The patient presents with sharp chest pain, dizziness, nausea, back pain, regurgitation, burning abdominal pain, heartburn, upper abdominal pain, and regurgitation.1.",hiatal hernia
"The patient presents with dizziness, sharp abdominal pain, nausea, regurgitation, burning abdominal pain, upper abdominal pain, and regurgitation.1.",hiatal hernia
"The patient presents with dizziness, difficulty in swallowing, nausea, regurgitation, burning abdominal pain, heartburn, upper abdominal pain, and regurgitation.1.",hiatal hernia
"The patient presents with back pain, vomiting blood, regurgitation, heartburn, upper abdominal pain, and regurgitation.1.",hiatal hernia
"The patient presents with dizziness, sharp abdominal pain, vomiting blood, regurgitation, and regurgitation.1.",hiatal hernia
"The patient presents with dizziness, difficulty in swallowing, vomiting blood, and heartburn.",hiatal hernia
"The patient presents with sharp chest pain, difficulty in swallowing, nausea, back pain, heartburn, and upper abdominal pain.",hiatal hernia
"The patient presents with sharp chest pain, sharp abdominal pain, nausea, back pain, vomiting blood, burning abdominal pain, and upper abdominal pain.",hiatal hernia
"The patient presents with sharp chest pain, dizziness, difficulty in swallowing, nausea, back pain, vomiting blood, burning abdominal pain, and heartburn.",hiatal hernia
"The patient presents with sharp chest pain, dizziness, sharp abdominal pain, nausea, burning abdominal pain, and upper abdominal pain.",hiatal hernia
"The patient presents with sharp chest pain, dizziness, sharp abdominal pain, burning abdominal pain, heartburn, and upper abdominal pain.",hiatal hernia
"The patient presents with dizziness, difficulty in swallowing, nausea, back pain, vomiting blood, heartburn, and upper abdominal pain.",hiatal hernia
"The patient presents with dizziness, difficulty in swallowing, nausea, regurgitation, burning abdominal pain, and regurgitation.1.",hiatal hernia
"The patient presents with sharp chest pain, dizziness, difficulty in swallowing, nausea, back pain, vomiting blood, regurgitation, upper abdominal pain, and regurgitation.1.",hiatal hernia
"The patient presents with sharp chest pain, dizziness, difficulty in swallowing, nausea, and back pain.",hiatal hernia
"The patient presents with dizziness, difficulty in swallowing, sharp abdominal pain, nausea, vomiting blood, burning abdominal pain, and upper abdominal pain.",hiatal hernia
"The patient presents with difficulty in swallowing, vomiting blood, burning abdominal pain, and upper abdominal pain.",hiatal hernia
"The patient presents with sharp chest pain, nausea, and back pain.",hiatal hernia
"The patient presents with sharp chest pain, dizziness, nausea, back pain, vomiting blood, burning abdominal pain, and heartburn.",hiatal hernia
"The patient presents with sharp chest pain, difficulty in swallowing, back pain, regurgitation, burning abdominal pain, upper abdominal pain, and regurgitation.1.",hiatal hernia
"The patient presents with sharp chest pain, difficulty in swallowing, sharp abdominal pain, back pain, vomiting blood, and heartburn.",hiatal hernia
"The patient presents with sharp chest pain, difficulty in swallowing, back pain, vomiting blood, and upper abdominal pain.",hiatal hernia
"The patient presents with difficulty in swallowing, sharp abdominal pain, nausea, back pain, burning abdominal pain, and upper abdominal pain.",hiatal hernia
"The patient presents with sharp chest pain, vomiting blood, regurgitation, heartburn, upper abdominal pain, and regurgitation.1.",hiatal hernia
"The patient presents with sharp chest pain, difficulty in swallowing, sharp abdominal pain, nausea, vomiting blood, burning abdominal pain, and heartburn.",hiatal hernia
"The patient presents with vomiting blood, regurgitation, heartburn, upper abdominal pain, and regurgitation.1.",hiatal hernia
"The patient presents with difficulty in swallowing, sharp abdominal pain, nausea, back pain, regurgitation, burning abdominal pain, and regurgitation.1.",hiatal hernia
"The patient presents with difficulty in swallowing, sharp abdominal pain, heartburn, and upper abdominal pain.",hiatal hernia
"The patient presents with sharp chest pain, dizziness, difficulty in swallowing, nausea, regurgitation, burning abdominal pain, upper abdominal pain, and regurgitation.1.",hiatal hernia
"The patient presents with sharp chest pain, dizziness, difficulty in swallowing, sharp abdominal pain, nausea, and heartburn.",hiatal hernia
"The patient presents with dizziness, sharp abdominal pain, nausea, vomiting blood, regurgitation, burning abdominal pain, heartburn, upper abdominal pain, and regurgitation.1.",hiatal hernia
"The patient presents with sharp chest pain, difficulty in swallowing, sharp abdominal pain, nausea, back pain, and burning abdominal pain.",hiatal hernia
"The patient presents with dizziness, difficulty in swallowing, back pain, regurgitation, burning abdominal pain, heartburn, and regurgitation.1.",hiatal hernia
"The patient presents with sharp chest pain, dizziness, sharp abdominal pain, back pain, vomiting blood, regurgitation, burning abdominal pain, heartburn, and regurgitation.1.",hiatal hernia
"The patient presents with dizziness, difficulty in swallowing, nausea, back pain, regurgitation, upper abdominal pain, and regurgitation.1.",hiatal hernia
"The patient presents with sharp chest pain, dizziness, difficulty in swallowing, nausea, back pain, vomiting blood, burning abdominal pain, and upper abdominal pain.",hiatal hernia
"The patient presents with dizziness, sharp abdominal pain, nausea, regurgitation, burning abdominal pain, heartburn, upper abdominal pain, and regurgitation.1.",hiatal hernia
"The patient presents with dizziness, difficulty in swallowing, nausea, back pain, vomiting blood, and upper abdominal pain.",hiatal hernia
"The patient presents with difficulty in swallowing, nausea, burning abdominal pain, heartburn, and upper abdominal pain.",hiatal hernia
"The patient presents with difficulty in swallowing, back pain, and upper abdominal pain.",hiatal hernia
"The patient presents with dizziness, difficulty in swallowing, nausea, and heartburn.",hiatal hernia
"The patient presents with dizziness, difficulty in swallowing, sharp abdominal pain, regurgitation, and regurgitation.1.",hiatal hernia
"The patient presents with sharp chest pain, dizziness, difficulty in swallowing, sharp abdominal pain, back pain, vomiting blood, regurgitation, heartburn, and regurgitation.1.",hiatal hernia
"The patient presents with sharp abdominal pain, back pain, vomiting blood, regurgitation, and regurgitation.1.",hiatal hernia
"The patient presents with dizziness, sharp abdominal pain, back pain, and burning abdominal pain.",hiatal hernia
"The patient presents with sharp chest pain, difficulty in swallowing, sharp abdominal pain, regurgitation, heartburn, and regurgitation.1.",hiatal hernia
"The patient presents with difficulty in swallowing, sharp abdominal pain, back pain, regurgitation, burning abdominal pain, upper abdominal pain, and regurgitation.1.",hiatal hernia
"The patient presents with difficulty in swallowing, sharp abdominal pain, nausea, back pain, heartburn, and upper abdominal pain.",hiatal hernia
"The patient presents with dizziness, difficulty in swallowing, nausea, regurgitation, and regurgitation.1.",hiatal hernia
"The patient presents with sharp chest pain, dizziness, sharp abdominal pain, and back pain.",hiatal hernia
"The patient presents with difficulty in swallowing, back pain, and vomiting blood.",hiatal hernia
"The patient presents with sharp chest pain, dizziness, difficulty in swallowing, back pain, vomiting blood, heartburn, and upper abdominal pain.",hiatal hernia
"The patient presents with sharp chest pain, nausea, back pain, vomiting blood, and heartburn.",hiatal hernia
"The patient presents with sharp chest pain, dizziness, sharp abdominal pain, nausea, vomiting blood, regurgitation, burning abdominal pain, upper abdominal pain, and regurgitation.1.",hiatal hernia
"The patient presents with difficulty in swallowing, nausea, back pain, regurgitation, heartburn, upper abdominal pain, and regurgitation.1.",hiatal hernia
"The patient presents with dizziness, difficulty in swallowing, nausea, back pain, vomiting blood, regurgitation, and regurgitation.1.",hiatal hernia
"The patient presents with nausea, back pain, vomiting blood, heartburn, and upper abdominal pain.",hiatal hernia
"The patient presents with sharp chest pain, sharp abdominal pain, nausea, regurgitation, upper abdominal pain, and regurgitation.1.",hiatal hernia
"The patient presents with sharp chest pain, difficulty in swallowing, sharp abdominal pain, back pain, heartburn, and upper abdominal pain.",hiatal hernia
"The patient presents with sharp chest pain, dizziness, difficulty in swallowing, sharp abdominal pain, nausea, back pain, vomiting blood, burning abdominal pain, heartburn, and upper abdominal pain.",hiatal hernia
"The patient presents with sharp chest pain, dizziness, sharp abdominal pain, vomiting blood, regurgitation, burning abdominal pain, heartburn, and regurgitation.1.",hiatal hernia
"The patient presents with sharp chest pain, dizziness, difficulty in swallowing, sharp abdominal pain, vomiting blood, and burning abdominal pain.",hiatal hernia
"The patient presents with dizziness, difficulty in swallowing, nausea, vomiting blood, regurgitation, upper abdominal pain, and regurgitation.1.",hiatal hernia
"The patient presents with sharp chest pain, difficulty in swallowing, nausea, back pain, vomiting blood, regurgitation, burning abdominal pain, and regurgitation.1.",hiatal hernia
"The patient presents with sharp abdominal pain, nausea, back pain, vomiting blood, regurgitation, upper abdominal pain, and regurgitation.1.",hiatal hernia
"The patient presents with sharp chest pain, difficulty in swallowing, back pain, regurgitation, burning abdominal pain, and regurgitation.1.",hiatal hernia
"The patient presents with sharp chest pain, difficulty in swallowing, sharp abdominal pain, nausea, vomiting blood, and heartburn.",hiatal hernia
"The patient presents with sharp chest pain, nausea, back pain, vomiting blood, burning abdominal pain, and upper abdominal pain.",hiatal hernia
"The patient presents with difficulty in swallowing, sharp abdominal pain, back pain, vomiting blood, regurgitation, burning abdominal pain, heartburn, upper abdominal pain, and regurgitation.1.",hiatal hernia
"The patient presents with dizziness, sharp abdominal pain, vomiting blood, burning abdominal pain, and heartburn.",hiatal hernia
"The patient presents with sharp chest pain, dizziness, difficulty in swallowing, sharp abdominal pain, back pain, vomiting blood, burning abdominal pain, and heartburn.",hiatal hernia
"The patient presents with dizziness, sharp abdominal pain, back pain, vomiting blood, and burning abdominal pain.",hiatal hernia
"The patient presents with sharp chest pain, dizziness, difficulty in swallowing, sharp abdominal pain, nausea, vomiting blood, regurgitation, heartburn, upper abdominal pain, and regurgitation.1.",hiatal hernia
"The patient presents with sharp chest pain, dizziness, difficulty in swallowing, back pain, burning abdominal pain, heartburn, and upper abdominal pain.",hiatal hernia
"The patient presents with sharp chest pain, difficulty in swallowing, sharp abdominal pain, nausea, back pain, burning abdominal pain, and heartburn.",hiatal hernia
"The patient presents with dizziness, difficulty in swallowing, and back pain.",hiatal hernia
"The patient presents with sharp chest pain, difficulty in swallowing, nausea, back pain, vomiting blood, burning abdominal pain, and heartburn.",hiatal hernia
"The patient presents with sharp chest pain, vomiting blood, burning abdominal pain, and heartburn.",hiatal hernia
"The patient presents with difficulty in swallowing, sharp abdominal pain, nausea, back pain, vomiting blood, and burning abdominal pain.",hiatal hernia
"The patient presents with sharp chest pain, dizziness, sharp abdominal pain, back pain, regurgitation, and regurgitation.1.",hiatal hernia
"The patient presents with difficulty in swallowing, sharp abdominal pain, vomiting blood, and heartburn.",hiatal hernia
"The patient presents with sharp chest pain, difficulty in swallowing, nausea, back pain, and vomiting blood.",hiatal hernia
"The patient presents with sharp chest pain, difficulty in swallowing, sharp abdominal pain, nausea, vomiting blood, regurgitation, burning abdominal pain, and regurgitation.1.",hiatal hernia
"The patient presents with difficulty in swallowing, sharp abdominal pain, back pain, vomiting blood, heartburn, and upper abdominal pain.",hiatal hernia
"The patient presents with dizziness, difficulty in swallowing, sharp abdominal pain, nausea, back pain, vomiting blood, regurgitation, burning abdominal pain, and regurgitation.1.",hiatal hernia
"The patient presents with sharp chest pain, difficulty in swallowing, sharp abdominal pain, nausea, vomiting blood, regurgitation, heartburn, and regurgitation.1.",hiatal hernia
"The patient presents with sharp chest pain, dizziness, nausea, back pain, and heartburn.",hiatal hernia
"The patient presents with difficulty in swallowing, sharp abdominal pain, back pain, regurgitation, heartburn, and regurgitation.1.",hiatal hernia
"The patient presents with sharp chest pain, difficulty in swallowing, sharp abdominal pain, nausea, regurgitation, heartburn, upper abdominal pain, and regurgitation.1.",hiatal hernia
"The patient presents with difficulty in swallowing, nausea, regurgitation, upper abdominal pain, and regurgitation.1.",hiatal hernia
"The patient presents with difficulty in swallowing, nausea, regurgitation, heartburn, and regurgitation.1.",hiatal hernia
"The patient presents with difficulty in swallowing, sharp abdominal pain, and burning abdominal pain.",hiatal hernia
"The patient presents with difficulty in swallowing, sharp abdominal pain, nausea, back pain, and upper abdominal pain.",hiatal hernia
"The patient presents with sharp chest pain, difficulty in swallowing, sharp abdominal pain, nausea, regurgitation, and regurgitation.1.",hiatal hernia
"The patient presents with sharp chest pain, sharp abdominal pain, heartburn, and upper abdominal pain.",hiatal hernia
"The patient presents with sharp chest pain, sharp abdominal pain, nausea, vomiting blood, regurgitation, burning abdominal pain, heartburn, upper abdominal pain, and regurgitation.1.",hiatal hernia
"The patient presents with dizziness, difficulty in swallowing, sharp abdominal pain, nausea, back pain, and vomiting blood.",hiatal hernia
"The patient presents with sharp chest pain, dizziness, difficulty in swallowing, nausea, back pain, burning abdominal pain, heartburn, and upper abdominal pain.",hiatal hernia
"The patient presents with difficulty in swallowing, vomiting blood, regurgitation, upper abdominal pain, and regurgitation.1.",hiatal hernia
"The patient presents with dizziness, sharp abdominal pain, vomiting blood, regurgitation, heartburn, and regurgitation.1.",hiatal hernia
"The patient presents with dizziness, difficulty in swallowing, sharp abdominal pain, nausea, vomiting blood, regurgitation, upper abdominal pain, and regurgitation.1.",hiatal hernia
"The patient presents with dizziness, difficulty in swallowing, sharp abdominal pain, nausea, back pain, vomiting blood, regurgitation, upper abdominal pain, and regurgitation.1.",hiatal hernia
"The patient presents with dizziness, difficulty in swallowing, nausea, back pain, burning abdominal pain, and upper abdominal pain.",hiatal hernia
"The patient presents with dizziness, sharp abdominal pain, vomiting blood, and upper abdominal pain.",hiatal hernia
"The patient presents with difficulty in swallowing, sharp abdominal pain, back pain, vomiting blood, burning abdominal pain, and upper abdominal pain.",hiatal hernia
"The patient presents with sharp chest pain, difficulty in swallowing, nausea, back pain, vomiting blood, regurgitation, burning abdominal pain, and regurgitation.1.",hiatal hernia
"The patient presents with difficulty in swallowing, sharp abdominal pain, nausea, regurgitation, heartburn, and regurgitation.1.",hiatal hernia
"The patient presents with sharp chest pain, dizziness, difficulty in swallowing, sharp abdominal pain, nausea, back pain, vomiting blood, burning abdominal pain, heartburn, and upper abdominal pain.",hiatal hernia
"The patient presents with sharp chest pain, difficulty in swallowing, sharp abdominal pain, back pain, burning abdominal pain, heartburn, and upper abdominal pain.",hiatal hernia
"The patient presents with sharp abdominal pain, back pain, vomiting blood, and burning abdominal pain.",hiatal hernia
"The patient presents with difficulty in swallowing, sharp abdominal pain, nausea, vomiting blood, and heartburn.",hiatal hernia
"The patient presents with sharp chest pain, sharp abdominal pain, and nausea.",hiatal hernia
"The patient presents with difficulty in swallowing, sharp abdominal pain, nausea, back pain, burning abdominal pain, and heartburn.",hiatal hernia
"The patient presents with sharp chest pain, difficulty in swallowing, back pain, burning abdominal pain, heartburn, and upper abdominal pain.",hiatal hernia
"The patient presents with dizziness, nausea, back pain, vomiting blood, burning abdominal pain, heartburn, and upper abdominal pain.",hiatal hernia
"The patient presents with sharp chest pain, dizziness, difficulty in swallowing, nausea, vomiting blood, regurgitation, burning abdominal pain, and regurgitation.1.",hiatal hernia
"The patient presents with sharp chest pain, dizziness, difficulty in swallowing, sharp abdominal pain, nausea, vomiting blood, regurgitation, and regurgitation.1.",hiatal hernia
"The patient presents with difficulty in swallowing, nausea, vomiting blood, regurgitation, burning abdominal pain, heartburn, and regurgitation.1.",hiatal hernia
"The patient presents with difficulty in swallowing, sharp abdominal pain, back pain, vomiting blood, regurgitation, upper abdominal pain, and regurgitation.1.",hiatal hernia
"The patient presents with sharp chest pain, dizziness, difficulty in swallowing, sharp abdominal pain, back pain, regurgitation, burning abdominal pain, upper abdominal pain, and regurgitation.1.",hiatal hernia
"The patient presents with difficulty in swallowing, nausea, regurgitation, burning abdominal pain, upper abdominal pain, and regurgitation.1.",hiatal hernia
"The patient presents with sharp chest pain, difficulty in swallowing, nausea, vomiting blood, burning abdominal pain, heartburn, and upper abdominal pain.",hiatal hernia
"The patient presents with sharp chest pain, back pain, and upper abdominal pain.",hiatal hernia
"The patient presents with difficulty in swallowing, sharp abdominal pain, back pain, and heartburn.",hiatal hernia
"The patient presents with nausea, back pain, regurgitation, burning abdominal pain, and regurgitation.1.",hiatal hernia
"The patient presents with sharp chest pain, difficulty in swallowing, vomiting blood, regurgitation, burning abdominal pain, heartburn, and regurgitation.1.",hiatal hernia
"The patient presents with dizziness, difficulty in swallowing, sharp abdominal pain, vomiting blood, and upper abdominal pain.",hiatal hernia
"The patient presents with sharp chest pain, dizziness, difficulty in swallowing, nausea, back pain, and upper abdominal pain.",hiatal hernia
"The patient presents with sharp chest pain, difficulty in swallowing, sharp abdominal pain, vomiting blood, regurgitation, burning abdominal pain, upper abdominal pain, and regurgitation.1.",hiatal hernia
"The patient presents with dizziness, difficulty in swallowing, nausea, and vomiting blood.",hiatal hernia
"The patient presents with sharp chest pain, dizziness, sharp abdominal pain, nausea, regurgitation, burning abdominal pain, upper abdominal pain, and regurgitation.1.",hiatal hernia
"The patient presents with sharp chest pain, dizziness, sharp abdominal pain, nausea, vomiting blood, and upper abdominal pain.",hiatal hernia
"The patient presents with dizziness, difficulty in swallowing, regurgitation, heartburn, upper abdominal pain, and regurgitation.1.",hiatal hernia
"The patient presents with sharp chest pain, dizziness, difficulty in swallowing, back pain, vomiting blood, regurgitation, upper abdominal pain, and regurgitation.1.",hiatal hernia
"The patient presents with sharp chest pain, dizziness, difficulty in swallowing, nausea, vomiting blood, regurgitation, burning abdominal pain, heartburn, upper abdominal pain, and regurgitation.1.",hiatal hernia
"The patient presents with regurgitation, burning abdominal pain, heartburn, upper abdominal pain, and regurgitation.1.",hiatal hernia
"The patient presents with sharp chest pain, back pain, regurgitation, burning abdominal pain, heartburn, upper abdominal pain, and regurgitation.1.",hiatal hernia
"The patient presents with difficulty in swallowing, back pain, vomiting blood, burning abdominal pain, heartburn, and upper abdominal pain.",hiatal hernia
"The patient presents with sharp chest pain, dizziness, difficulty in swallowing, sharp abdominal pain, vomiting blood, regurgitation, burning abdominal pain, heartburn, upper abdominal pain, and regurgitation.1.",hiatal hernia
"The patient presents with dizziness, difficulty in swallowing, nausea, back pain, vomiting blood, burning abdominal pain, heartburn, and upper abdominal pain.",hiatal hernia
"The patient presents with dizziness, difficulty in swallowing, sharp abdominal pain, nausea, and vomiting blood.",hiatal hernia
"The patient presents with dizziness, regurgitation, heartburn, upper abdominal pain, and regurgitation.1.",hiatal hernia
"The patient presents with difficulty in swallowing, sharp abdominal pain, nausea, vomiting blood, regurgitation, burning abdominal pain, and regurgitation.1.",hiatal hernia
"The patient presents with difficulty in swallowing, sharp abdominal pain, back pain, vomiting blood, regurgitation, burning abdominal pain, upper abdominal pain, and regurgitation.1.",hiatal hernia
"The patient presents with sharp chest pain, difficulty in swallowing, regurgitation, upper abdominal pain, and regurgitation.1.",hiatal hernia
"The patient presents with difficulty in swallowing, nausea, back pain, vomiting blood, heartburn, and upper abdominal pain.",hiatal hernia
"The patient presents with back pain, vomiting blood, regurgitation, burning abdominal pain, upper abdominal pain, and regurgitation.1.",hiatal hernia
"The patient presents with sharp chest pain, dizziness, sharp abdominal pain, nausea, vomiting blood, regurgitation, burning abdominal pain, heartburn, upper abdominal pain, and regurgitation.1.",hiatal hernia
"The patient presents with sharp chest pain, dizziness, difficulty in swallowing, sharp abdominal pain, back pain, vomiting blood, heartburn, and upper abdominal pain.",hiatal hernia
"The patient presents with difficulty in swallowing, sharp abdominal pain, and burning abdominal pain.",hiatal hernia
"The patient presents with difficulty in swallowing, nausea, back pain, regurgitation, burning abdominal pain, heartburn, upper abdominal pain, and regurgitation.1.",hiatal hernia
"The patient presents with nausea, back pain, vomiting blood, and heartburn.",hiatal hernia
"The patient presents with sharp chest pain, dizziness, difficulty in swallowing, back pain, vomiting blood, and burning abdominal pain.",hiatal hernia
"The patient presents with sharp chest pain, difficulty in swallowing, sharp abdominal pain, back pain, regurgitation, burning abdominal pain, heartburn, and regurgitation.1.",hiatal hernia
"The patient presents with sharp chest pain, difficulty in swallowing, back pain, regurgitation, burning abdominal pain, heartburn, and regurgitation.1.",hiatal hernia
"The patient presents with dizziness, difficulty in swallowing, nausea, back pain, regurgitation, burning abdominal pain, and regurgitation.1.",hiatal hernia
"The patient presents with dizziness, sharp abdominal pain, and back pain.",hiatal hernia
"The patient presents with difficulty in swallowing, sharp abdominal pain, nausea, back pain, vomiting blood, and heartburn.",hiatal hernia
"The patient presents with sharp chest pain, dizziness, difficulty in swallowing, sharp abdominal pain, nausea, back pain, and burning abdominal pain.",hiatal hernia
"The patient presents with dizziness, difficulty in swallowing, vomiting blood, regurgitation, burning abdominal pain, heartburn, upper abdominal pain, and regurgitation.1.",hiatal hernia
"The patient presents with sharp chest pain, back pain, burning abdominal pain, and heartburn.",hiatal hernia
"The patient presents with dizziness, difficulty in swallowing, sharp abdominal pain, nausea, back pain, and burning abdominal pain.",hiatal hernia
"The patient presents with sharp chest pain, dizziness, sharp abdominal pain, nausea, vomiting blood, and heartburn.",hiatal hernia
"The patient presents with sharp chest pain, difficulty in swallowing, sharp abdominal pain, back pain, regurgitation, burning abdominal pain, heartburn, and regurgitation.1.",hiatal hernia
The patient presents with difficulty in swallowing.,hiatal hernia
"The patient presents with difficulty in swallowing, sharp abdominal pain, back pain, burning abdominal pain, and upper abdominal pain.",hiatal hernia
"The patient presents with dizziness, difficulty in swallowing, nausea, back pain, regurgitation, heartburn, and regurgitation.1.",hiatal hernia
"The patient presents with sharp chest pain, dizziness, sharp abdominal pain, nausea, regurgitation, heartburn, upper abdominal pain, and regurgitation.1.",hiatal hernia
"The patient presents with dizziness, difficulty in swallowing, sharp abdominal pain, vomiting blood, regurgitation, heartburn, and regurgitation.1.",hiatal hernia
"The patient presents with dizziness, difficulty in swallowing, nausea, burning abdominal pain, and heartburn.",hiatal hernia
"The patient presents with dizziness, nausea, regurgitation, burning abdominal pain, and regurgitation.1.",hiatal hernia
"The patient presents with dizziness, difficulty in swallowing, regurgitation, upper abdominal pain, and regurgitation.1.",hiatal hernia
"The patient presents with sharp chest pain, difficulty in swallowing, nausea, regurgitation, and regurgitation.1.",hiatal hernia
"The patient presents with sharp chest pain, dizziness, back pain, vomiting blood, regurgitation, burning abdominal pain, upper abdominal pain, and regurgitation.1.",hiatal hernia
"The patient presents with dizziness, nausea, back pain, vomiting blood, burning abdominal pain, and heartburn.",hiatal hernia
"The patient presents with sharp chest pain, difficulty in swallowing, nausea, vomiting blood, burning abdominal pain, heartburn, and upper abdominal pain.",hiatal hernia
"The patient presents with sharp chest pain, dizziness, difficulty in swallowing, nausea, vomiting blood, and upper abdominal pain.",hiatal hernia
"The patient presents with sharp chest pain, dizziness, nausea, regurgitation, burning abdominal pain, and regurgitation.1.",hiatal hernia
"The patient presents with sharp chest pain, difficulty in swallowing, sharp abdominal pain, back pain, vomiting blood, and upper abdominal pain.",hiatal hernia
"The patient presents with sharp chest pain, dizziness, difficulty in swallowing, sharp abdominal pain, heartburn, and upper abdominal pain.",hiatal hernia
"The patient presents with sharp chest pain, dizziness, difficulty in swallowing, sharp abdominal pain, back pain, and vomiting blood.",hiatal hernia
"The patient presents with sharp chest pain, difficulty in swallowing, sharp abdominal pain, nausea, back pain, burning abdominal pain, and upper abdominal pain.",hiatal hernia
"The patient presents with difficulty in swallowing, sharp abdominal pain, nausea, back pain, vomiting blood, regurgitation, burning abdominal pain, upper abdominal pain, and regurgitation.1.",hiatal hernia
"The patient presents with dizziness, nausea, back pain, vomiting blood, heartburn, and upper abdominal pain.",hiatal hernia
"The patient presents with sharp chest pain, difficulty in swallowing, nausea, and vomiting blood.",hiatal hernia
"The patient presents with difficulty in swallowing, nausea, vomiting blood, regurgitation, heartburn, upper abdominal pain, and regurgitation.1.",hiatal hernia
"The patient presents with dizziness, difficulty in swallowing, nausea, burning abdominal pain, and heartburn.",hiatal hernia
"The patient presents with dizziness, sharp abdominal pain, vomiting blood, regurgitation, burning abdominal pain, and regurgitation.1.",hiatal hernia
"The patient presents with nausea, vomiting blood, and upper abdominal pain.",hiatal hernia
"The patient presents with dizziness, difficulty in swallowing, back pain, regurgitation, heartburn, upper abdominal pain, and regurgitation.1.",hiatal hernia
"The patient presents with difficulty in swallowing, burning abdominal pain, and heartburn.",hiatal hernia
"The patient presents with dizziness, sharp abdominal pain, back pain, regurgitation, burning abdominal pain, and regurgitation.1.",hiatal hernia
"The patient presents with sharp abdominal pain, nausea, vomiting blood, regurgitation, heartburn, upper abdominal pain, and regurgitation.1.",hiatal hernia
"The patient presents with sharp chest pain, nausea, back pain, burning abdominal pain, and upper abdominal pain.",hiatal hernia
"The patient presents with nausea, back pain, vomiting blood, regurgitation, heartburn, and regurgitation.1.",hiatal hernia
"The patient presents with dizziness, difficulty in swallowing, sharp abdominal pain, nausea, back pain, vomiting blood, regurgitation, burning abdominal pain, upper abdominal pain, and regurgitation.1.",hiatal hernia
"The patient presents with sharp chest pain, difficulty in swallowing, sharp abdominal pain, nausea, and heartburn.",hiatal hernia
"The patient presents with sharp chest pain, dizziness, difficulty in swallowing, sharp abdominal pain, nausea, back pain, vomiting blood, regurgitation, burning abdominal pain, and regurgitation.1.",hiatal hernia
"The patient presents with dizziness, difficulty in swallowing, sharp abdominal pain, back pain, vomiting blood, and burning abdominal pain.",hiatal hernia
"The patient presents with sharp chest pain, back pain, vomiting blood, regurgitation, burning abdominal pain, heartburn, upper abdominal pain, and regurgitation.1.",hiatal hernia
"The patient presents with dizziness, difficulty in swallowing, sharp abdominal pain, vomiting blood, regurgitation, upper abdominal pain, and regurgitation.1.",hiatal hernia
"The patient presents with difficulty in swallowing, sharp abdominal pain, nausea, back pain, vomiting blood, regurgitation, burning abdominal pain, upper abdominal pain, and regurgitation.1.",hiatal hernia
"The patient presents with difficulty in swallowing, sharp abdominal pain, back pain, vomiting blood, burning abdominal pain, heartburn, and upper abdominal pain.",hiatal hernia
"The patient presents with sharp chest pain, dizziness, difficulty in swallowing, nausea, vomiting blood, burning abdominal pain, heartburn, and upper abdominal pain.",hiatal hernia
"The patient presents with sharp chest pain, dizziness, difficulty in swallowing, sharp abdominal pain, nausea, back pain, regurgitation, burning abdominal pain, upper abdominal pain, and regurgitation.1.",hiatal hernia
"The patient presents with sharp chest pain, back pain, and heartburn.",hiatal hernia
"The patient presents with sharp chest pain, difficulty in swallowing, sharp abdominal pain, back pain, vomiting blood, regurgitation, and regurgitation.1.",hiatal hernia
"The patient presents with difficulty in swallowing, back pain, vomiting blood, regurgitation, heartburn, and regurgitation.1.",hiatal hernia
"The patient presents with dizziness, difficulty in swallowing, vomiting blood, burning abdominal pain, and heartburn.",hiatal hernia
"The patient presents with sharp chest pain, dizziness, difficulty in swallowing, sharp abdominal pain, and back pain.",hiatal hernia
"The patient presents with sharp chest pain, sharp abdominal pain, nausea, back pain, vomiting blood, regurgitation, heartburn, upper abdominal pain, and regurgitation.1.",hiatal hernia
"The patient presents with dizziness, difficulty in swallowing, sharp abdominal pain, vomiting blood, regurgitation, burning abdominal pain, heartburn, and regurgitation.1.",hiatal hernia
"The patient presents with difficulty in swallowing, nausea, back pain, vomiting blood, and burning abdominal pain.",hiatal hernia
"The patient presents with difficulty in swallowing, back pain, vomiting blood, and upper abdominal pain.",hiatal hernia
"The patient presents with dizziness, sharp abdominal pain, nausea, regurgitation, upper abdominal pain, and regurgitation.1.",hiatal hernia
"The patient presents with dizziness, difficulty in swallowing, nausea, vomiting blood, burning abdominal pain, and upper abdominal pain.",hiatal hernia
"The patient presents with sharp chest pain, difficulty in swallowing, back pain, and upper abdominal pain.",hiatal hernia
"The patient presents with dizziness, difficulty in swallowing, vomiting blood, burning abdominal pain, and heartburn.",hiatal hernia
"The patient presents with dizziness, difficulty in swallowing, sharp abdominal pain, nausea, back pain, vomiting blood, burning abdominal pain, heartburn, and upper abdominal pain.",hiatal hernia
"The patient presents with difficulty in swallowing, nausea, back pain, vomiting blood, regurgitation, burning abdominal pain, upper abdominal pain, and regurgitation.1.",hiatal hernia
"The patient presents with sharp chest pain, difficulty in swallowing, sharp abdominal pain, nausea, regurgitation, burning abdominal pain, heartburn, and regurgitation.1.",hiatal hernia
"The patient presents with sharp chest pain, difficulty in swallowing, nausea, back pain, vomiting blood, burning abdominal pain, and heartburn.",hiatal hernia
"The patient presents with dizziness, difficulty in swallowing, back pain, burning abdominal pain, and upper abdominal pain.",hiatal hernia
"The patient presents with dizziness, difficulty in swallowing, regurgitation, upper abdominal pain, and regurgitation.1.",hiatal hernia
"The patient presents with sharp chest pain, sharp abdominal pain, vomiting blood, and heartburn.",hiatal hernia
"The patient presents with sharp chest pain, difficulty in swallowing, sharp abdominal pain, nausea, burning abdominal pain, and heartburn.",hiatal hernia
"The patient presents with sharp chest pain, dizziness, nausea, vomiting blood, heartburn, and upper abdominal pain.",hiatal hernia
"The patient presents with dizziness, difficulty in swallowing, sharp abdominal pain, nausea, burning abdominal pain, heartburn, and upper abdominal pain.",hiatal hernia
"The patient presents with sharp chest pain, dizziness, difficulty in swallowing, sharp abdominal pain, nausea, back pain, burning abdominal pain, and upper abdominal pain.",hiatal hernia
"The patient presents with difficulty in swallowing, nausea, back pain, burning abdominal pain, and heartburn.",hiatal hernia
"The patient presents with sharp chest pain, dizziness, vomiting blood, and upper abdominal pain.",hiatal hernia
"The patient presents with sharp chest pain, difficulty in swallowing, back pain, regurgitation, burning abdominal pain, heartburn, upper abdominal pain, and regurgitation.1.",hiatal hernia
"The patient presents with nausea, back pain, burning abdominal pain, and upper abdominal pain.",hiatal hernia
"The patient presents with difficulty in swallowing, sharp abdominal pain, back pain, vomiting blood, regurgitation, heartburn, upper abdominal pain, and regurgitation.1.",hiatal hernia
"The patient presents with sharp chest pain, difficulty in swallowing, nausea, regurgitation, heartburn, upper abdominal pain, and regurgitation.1.",hiatal hernia
"The patient presents with difficulty in swallowing, nausea, back pain, regurgitation, and regurgitation.1.",hiatal hernia
"The patient presents with sharp chest pain, dizziness, difficulty in swallowing, sharp abdominal pain, nausea, back pain, vomiting blood, regurgitation, heartburn, upper abdominal pain, and regurgitation.1.",hiatal hernia
"The patient presents with dizziness, sharp abdominal pain, nausea, back pain, vomiting blood, burning abdominal pain, heartburn, and upper abdominal pain.",hiatal hernia
"The patient presents with sharp chest pain, difficulty in swallowing, nausea, back pain, vomiting blood, and heartburn.",hiatal hernia
"The patient presents with sharp chest pain, dizziness, sharp abdominal pain, nausea, regurgitation, upper abdominal pain, and regurgitation.1.",hiatal hernia
"The patient presents with sharp chest pain, dizziness, difficulty in swallowing, regurgitation, burning abdominal pain, heartburn, upper abdominal pain, and regurgitation.1.",hiatal hernia
"The patient presents with sharp chest pain, dizziness, sharp abdominal pain, nausea, back pain, regurgitation, upper abdominal pain, and regurgitation.1.",hiatal hernia
"The patient presents with dizziness, vomiting blood, and upper abdominal pain.",hiatal hernia
"The patient presents with sharp abdominal pain, burning abdominal pain, heartburn, and upper abdominal pain.",hiatal hernia
"The patient presents with sharp chest pain, sharp abdominal pain, back pain, burning abdominal pain, and heartburn.",hiatal hernia
"The patient presents with sharp chest pain, dizziness, sharp abdominal pain, back pain, and upper abdominal pain.",hiatal hernia
"The patient presents with sharp chest pain, difficulty in swallowing, vomiting blood, regurgitation, and regurgitation.1.",hiatal hernia
"The patient presents with sharp chest pain, nausea, back pain, burning abdominal pain, and heartburn.",hiatal hernia
"The patient presents with difficulty in swallowing, nausea, vomiting blood, burning abdominal pain, and heartburn.",hiatal hernia
"The patient presents with dizziness, back pain, vomiting blood, burning abdominal pain, and heartburn.",hiatal hernia
"The patient presents with sharp chest pain, difficulty in swallowing, sharp abdominal pain, nausea, back pain, vomiting blood, burning abdominal pain, heartburn, and upper abdominal pain.",hiatal hernia
"The patient presents with dizziness, difficulty in swallowing, sharp abdominal pain, nausea, vomiting blood, regurgitation, burning abdominal pain, heartburn, upper abdominal pain, and regurgitation.1.",hiatal hernia
"The patient presents with difficulty in swallowing, regurgitation, upper abdominal pain, and regurgitation.1.",hiatal hernia
"The patient presents with sharp chest pain, dizziness, difficulty in swallowing, sharp abdominal pain, nausea, back pain, vomiting blood, heartburn, and upper abdominal pain.",hiatal hernia
"The patient presents with sharp chest pain, nausea, back pain, regurgitation, burning abdominal pain, heartburn, and regurgitation.1.",hiatal hernia
"The patient presents with dizziness, difficulty in swallowing, nausea, vomiting blood, heartburn, and upper abdominal pain.",hiatal hernia
"The patient presents with sharp chest pain, dizziness, difficulty in swallowing, sharp abdominal pain, nausea, back pain, regurgitation, burning abdominal pain, heartburn, upper abdominal pain, and regurgitation.1.",hiatal hernia
"The patient presents with dizziness, difficulty in swallowing, sharp abdominal pain, nausea, back pain, regurgitation, burning abdominal pain, upper abdominal pain, and regurgitation.1.",hiatal hernia
"The patient presents with nausea, back pain, burning abdominal pain, heartburn, and upper abdominal pain.",hiatal hernia
"The patient presents with difficulty in swallowing, nausea, vomiting blood, regurgitation, burning abdominal pain, upper abdominal pain, and regurgitation.1.",hiatal hernia
"The patient presents with sharp chest pain, difficulty in swallowing, nausea, back pain, vomiting blood, regurgitation, burning abdominal pain, heartburn, upper abdominal pain, and regurgitation.1.",hiatal hernia
"The patient presents with dizziness, sharp abdominal pain, regurgitation, heartburn, and regurgitation.1.",hiatal hernia
"The patient presents with difficulty in swallowing, nausea, regurgitation, burning abdominal pain, heartburn, upper abdominal pain, and regurgitation.1.",hiatal hernia
"The patient presents with sharp chest pain, sharp abdominal pain, back pain, vomiting blood, regurgitation, heartburn, and regurgitation.1.",hiatal hernia
"The patient presents with sharp chest pain, difficulty in swallowing, back pain, vomiting blood, regurgitation, heartburn, upper abdominal pain, and regurgitation.1.",hiatal hernia
"The patient presents with nausea, back pain, heartburn, and upper abdominal pain.",hiatal hernia
"The patient presents with dizziness, difficulty in swallowing, nausea, back pain, vomiting blood, regurgitation, burning abdominal pain, upper abdominal pain, and regurgitation.1.",hiatal hernia
"The patient presents with difficulty in swallowing, sharp abdominal pain, back pain, and burning abdominal pain.",hiatal hernia
"The patient presents with dizziness, difficulty in swallowing, burning abdominal pain, and heartburn.",hiatal hernia
"The patient presents with dizziness, difficulty in swallowing, sharp abdominal pain, nausea, vomiting blood, and burning abdominal pain.",hiatal hernia
"The patient presents with sharp abdominal pain, nausea, back pain, vomiting blood, and heartburn.",hiatal hernia
"The patient presents with dizziness, sharp abdominal pain, back pain, burning abdominal pain, and upper abdominal pain.",hiatal hernia
"The patient presents with sharp abdominal pain, vomiting blood, regurgitation, burning abdominal pain, heartburn, and regurgitation.1.",hiatal hernia
"The patient presents with difficulty in swallowing, sharp abdominal pain, nausea, and heartburn.",hiatal hernia
"The patient presents with sharp chest pain, difficulty in swallowing, nausea, back pain, burning abdominal pain, and heartburn.",hiatal hernia
"The patient presents with difficulty in swallowing, back pain, vomiting blood, regurgitation, upper abdominal pain, and regurgitation.1.",hiatal hernia
"The patient presents with dizziness, sharp abdominal pain, nausea, vomiting blood, and heartburn.",hiatal hernia
"The patient presents with dizziness, difficulty in swallowing, nausea, back pain, vomiting blood, regurgitation, and regurgitation.1.",hiatal hernia
"The patient presents with sharp chest pain, dizziness, difficulty in swallowing, sharp abdominal pain, burning abdominal pain, and upper abdominal pain.",hiatal hernia
"The patient presents with difficulty in swallowing, heartburn, and upper abdominal pain.",hiatal hernia
"The patient presents with difficulty in swallowing, sharp abdominal pain, vomiting blood, burning abdominal pain, and upper abdominal pain.",hiatal hernia
"The patient presents with sharp chest pain, nausea, regurgitation, burning abdominal pain, heartburn, and regurgitation.1.",hiatal hernia
"The patient presents with dizziness, difficulty in swallowing, sharp abdominal pain, and back pain.",hiatal hernia
"The patient presents with sharp chest pain, difficulty in swallowing, sharp abdominal pain, nausea, vomiting blood, burning abdominal pain, heartburn, and upper abdominal pain.",hiatal hernia
"The patient presents with sharp chest pain, dizziness, difficulty in swallowing, back pain, vomiting blood, heartburn, and upper abdominal pain.",hiatal hernia
"The patient presents with sharp chest pain, sharp abdominal pain, nausea, back pain, regurgitation, burning abdominal pain, upper abdominal pain, and regurgitation.1.",hiatal hernia
"The patient presents with sharp chest pain, dizziness, difficulty in swallowing, nausea, back pain, vomiting blood, regurgitation, burning abdominal pain, upper abdominal pain, and regurgitation.1.",hiatal hernia
"The patient presents with dizziness, difficulty in swallowing, sharp abdominal pain, nausea, back pain, vomiting blood, and burning abdominal pain.",hiatal hernia
"The patient presents with dizziness, heartburn, and upper abdominal pain.",hiatal hernia
"The patient presents with back pain, vomiting blood, regurgitation, burning abdominal pain, heartburn, upper abdominal pain, and regurgitation.1.",hiatal hernia
"The patient presents with dizziness, difficulty in swallowing, nausea, regurgitation, and regurgitation.1.",hiatal hernia
"The patient presents with dizziness, difficulty in swallowing, sharp abdominal pain, nausea, heartburn, and upper abdominal pain.",hiatal hernia
"The patient presents with sharp chest pain, difficulty in swallowing, sharp abdominal pain, back pain, regurgitation, burning abdominal pain, upper abdominal pain, and regurgitation.1.",hiatal hernia
"The patient presents with dizziness, sharp abdominal pain, vomiting blood, regurgitation, upper abdominal pain, and regurgitation.1.",hiatal hernia
"The patient presents with dizziness, nausea, back pain, regurgitation, burning abdominal pain, heartburn, and regurgitation.1.",hiatal hernia
"The patient presents with sharp chest pain, dizziness, difficulty in swallowing, nausea, back pain, regurgitation, burning abdominal pain, upper abdominal pain, and regurgitation.1.",hiatal hernia
"The patient presents with sharp chest pain, difficulty in swallowing, sharp abdominal pain, nausea, burning abdominal pain, and upper abdominal pain.",hiatal hernia
"The patient presents with difficulty in swallowing, sharp abdominal pain, nausea, back pain, regurgitation, burning abdominal pain, upper abdominal pain, and regurgitation.1.",hiatal hernia
"The patient presents with sharp chest pain, difficulty in swallowing, nausea, and burning abdominal pain.",hiatal hernia
"The patient presents with dizziness, sharp abdominal pain, back pain, vomiting blood, regurgitation, upper abdominal pain, and regurgitation.1.",hiatal hernia
"The patient presents with dizziness, difficulty in swallowing, nausea, back pain, vomiting blood, burning abdominal pain, and upper abdominal pain.",hiatal hernia
"The patient presents with dizziness, difficulty in swallowing, sharp abdominal pain, nausea, back pain, vomiting blood, regurgitation, burning abdominal pain, heartburn, and regurgitation.1.",hiatal hernia
"The patient presents with nausea, back pain, regurgitation, burning abdominal pain, heartburn, and regurgitation.1.",hiatal hernia
"The patient presents with difficulty in swallowing, sharp abdominal pain, back pain, vomiting blood, heartburn, and upper abdominal pain.",hiatal hernia
"The patient presents with difficulty in swallowing, nausea, vomiting blood, heartburn, and upper abdominal pain.",hiatal hernia
"The patient presents with sharp chest pain, dizziness, sharp abdominal pain, nausea, vomiting blood, burning abdominal pain, and heartburn.",hiatal hernia
"The patient presents with sharp chest pain, difficulty in swallowing, sharp abdominal pain, nausea, regurgitation, heartburn, upper abdominal pain, and regurgitation.1.",hiatal hernia
"The patient presents with dizziness, sharp abdominal pain, nausea, back pain, burning abdominal pain, heartburn, and upper abdominal pain.",hiatal hernia
"The patient presents with sharp chest pain, dizziness, nausea, vomiting blood, regurgitation, upper abdominal pain, and regurgitation.1.",hiatal hernia
"The patient presents with dizziness, nausea, back pain, and upper abdominal pain.",hiatal hernia
"The patient presents with sharp abdominal pain, vomiting blood, regurgitation, heartburn, upper abdominal pain, and regurgitation.1.",hiatal hernia
"The patient presents with sharp chest pain, dizziness, difficulty in swallowing, and heartburn.",hiatal hernia
"The patient presents with dizziness, difficulty in swallowing, sharp abdominal pain, burning abdominal pain, heartburn, and upper abdominal pain.",hiatal hernia
"The patient presents with sharp chest pain, difficulty in swallowing, nausea, back pain, regurgitation, burning abdominal pain, upper abdominal pain, and regurgitation.1.",hiatal hernia
"The patient presents with sharp chest pain, dizziness, difficulty in swallowing, sharp abdominal pain, nausea, vomiting blood, regurgitation, heartburn, and regurgitation.1.",hiatal hernia
"The patient presents with sharp chest pain, dizziness, difficulty in swallowing, vomiting blood, burning abdominal pain, and upper abdominal pain.",hiatal hernia
"The patient presents with sharp chest pain, dizziness, sharp abdominal pain, back pain, burning abdominal pain, heartburn, and upper abdominal pain.",hiatal hernia
"The patient presents with sharp chest pain, dizziness, difficulty in swallowing, sharp abdominal pain, back pain, and heartburn.",hiatal hernia
"The patient presents with dizziness, nausea, back pain, vomiting blood, and burning abdominal pain.",hiatal hernia
"The patient presents with difficulty in swallowing, sharp abdominal pain, nausea, vomiting blood, regurgitation, burning abdominal pain, heartburn, upper abdominal pain, and regurgitation.1.",hiatal hernia
"The patient presents with dizziness, nausea, vomiting blood, regurgitation, burning abdominal pain, heartburn, upper abdominal pain, and regurgitation.1.",hiatal hernia
"The patient presents with sharp chest pain, dizziness, difficulty in swallowing, nausea, back pain, vomiting blood, regurgitation, upper abdominal pain, and regurgitation.1.",hiatal hernia
"The patient presents with difficulty in swallowing, sharp abdominal pain, nausea, regurgitation, burning abdominal pain, and regurgitation.1.",hiatal hernia
"The patient presents with sharp chest pain, dizziness, difficulty in swallowing, sharp abdominal pain, nausea, back pain, burning abdominal pain, and heartburn.",hiatal hernia
"The patient presents with dizziness, sharp abdominal pain, nausea, burning abdominal pain, heartburn, and upper abdominal pain.",hiatal hernia
"The patient presents with dizziness, difficulty in swallowing, sharp abdominal pain, back pain, vomiting blood, regurgitation, and regurgitation.1.",hiatal hernia
"The patient presents with dizziness, difficulty in swallowing, sharp abdominal pain, back pain, regurgitation, upper abdominal pain, and regurgitation.1.",hiatal hernia
"The patient presents with sharp chest pain, difficulty in swallowing, sharp abdominal pain, nausea, back pain, vomiting blood, burning abdominal pain, and upper abdominal pain.",hiatal hernia
"The patient presents with difficulty in swallowing, back pain, vomiting blood, regurgitation, burning abdominal pain, upper abdominal pain, and regurgitation.1.",hiatal hernia
"The patient presents with difficulty in swallowing, sharp abdominal pain, back pain, heartburn, and upper abdominal pain.",hiatal hernia
"The patient presents with difficulty in swallowing, nausea, back pain, vomiting blood, and upper abdominal pain.",hiatal hernia
"The patient presents with dizziness, difficulty in swallowing, sharp abdominal pain, nausea, back pain, vomiting blood, regurgitation, and regurgitation.1.",hiatal hernia
"The patient presents with dizziness, nausea, regurgitation, upper abdominal pain, and regurgitation.1.",hiatal hernia
"The patient presents with sharp chest pain, difficulty in swallowing, back pain, and burning abdominal pain.",hiatal hernia
"The patient presents with sharp chest pain, dizziness, sharp abdominal pain, back pain, vomiting blood, regurgitation, heartburn, and regurgitation.1.",hiatal hernia
"The patient presents with difficulty in swallowing, sharp abdominal pain, nausea, burning abdominal pain, and upper abdominal pain.",hiatal hernia
"The patient presents with difficulty in swallowing, sharp abdominal pain, back pain, regurgitation, burning abdominal pain, and regurgitation.1.",hiatal hernia
"The patient presents with difficulty in swallowing, sharp abdominal pain, back pain, burning abdominal pain, and heartburn.",hiatal hernia
"The patient presents with dizziness, sharp abdominal pain, nausea, and upper abdominal pain.",hiatal hernia
"The patient presents with dizziness, sharp abdominal pain, nausea, back pain, burning abdominal pain, and heartburn.",hiatal hernia
"The patient presents with sharp chest pain, vomiting blood, regurgitation, and regurgitation.1.",hiatal hernia
"The patient presents with dizziness, difficulty in swallowing, vomiting blood, and upper abdominal pain.",hiatal hernia
"The patient presents with dizziness, difficulty in swallowing, sharp abdominal pain, back pain, vomiting blood, regurgitation, and regurgitation.1.",hiatal hernia
"The patient presents with sharp chest pain, dizziness, difficulty in swallowing, sharp abdominal pain, back pain, regurgitation, and regurgitation.1.",hiatal hernia
"The patient presents with sharp chest pain, dizziness, difficulty in swallowing, sharp abdominal pain, nausea, back pain, vomiting blood, regurgitation, heartburn, upper abdominal pain, and regurgitation.1.",hiatal hernia
"The patient presents with dizziness, difficulty in swallowing, nausea, vomiting blood, heartburn, and upper abdominal pain.",hiatal hernia
"The patient presents with sharp chest pain, difficulty in swallowing, sharp abdominal pain, and burning abdominal pain.",hiatal hernia
"The patient presents with dizziness, sharp abdominal pain, vomiting blood, regurgitation, burning abdominal pain, heartburn, and regurgitation.1.",hiatal hernia
"The patient presents with dizziness, difficulty in swallowing, nausea, back pain, regurgitation, burning abdominal pain, and regurgitation.1.",hiatal hernia
"The patient presents with dizziness, difficulty in swallowing, and nausea.",hiatal hernia
"The patient presents with sharp chest pain, dizziness, difficulty in swallowing, sharp abdominal pain, regurgitation, burning abdominal pain, heartburn, and regurgitation.1.",hiatal hernia
"The patient presents with difficulty in swallowing, nausea, vomiting blood, burning abdominal pain, heartburn, and upper abdominal pain.",hiatal hernia
"The patient presents with back pain, burning abdominal pain, and heartburn.",hiatal hernia
"The patient presents with sharp chest pain, difficulty in swallowing, sharp abdominal pain, back pain, vomiting blood, burning abdominal pain, heartburn, and upper abdominal pain.",hiatal hernia
"The patient presents with sharp chest pain, dizziness, sharp abdominal pain, nausea, back pain, vomiting blood, regurgitation, heartburn, upper abdominal pain, and regurgitation.1.",hiatal hernia
"The patient presents with dizziness, back pain, heartburn, and upper abdominal pain.",hiatal hernia
"The patient presents with sharp chest pain, sharp abdominal pain, regurgitation, and regurgitation.1.",hiatal hernia
"The patient presents with dizziness, sharp abdominal pain, burning abdominal pain, heartburn, and upper abdominal pain.",hiatal hernia
"The patient presents with dizziness, difficulty in swallowing, sharp abdominal pain, nausea, vomiting blood, regurgitation, and regurgitation.1.",hiatal hernia
"The patient presents with dizziness, nausea, back pain, regurgitation, burning abdominal pain, and regurgitation.1.",hiatal hernia
"The patient presents with difficulty in swallowing, back pain, vomiting blood, burning abdominal pain, and heartburn.",hiatal hernia
"The patient presents with nausea, back pain, and heartburn.",hiatal hernia
"The patient presents with dizziness, difficulty in swallowing, back pain, vomiting blood, regurgitation, burning abdominal pain, heartburn, upper abdominal pain, and regurgitation.1.",hiatal hernia
"The patient presents with sharp chest pain, dizziness, difficulty in swallowing, nausea, and upper abdominal pain.",hiatal hernia
"The patient presents with sharp chest pain, sharp abdominal pain, regurgitation, burning abdominal pain, and regurgitation.1.",hiatal hernia
"The patient presents with dizziness, nausea, back pain, and burning abdominal pain.",hiatal hernia
"The patient presents with dizziness, difficulty in swallowing, regurgitation, burning abdominal pain, upper abdominal pain, and regurgitation.1.",hiatal hernia
"The patient presents with difficulty in swallowing, back pain, vomiting blood, burning abdominal pain, heartburn, and upper abdominal pain.",hiatal hernia
"The patient presents with dizziness, difficulty in swallowing, vomiting blood, and heartburn.",hiatal hernia
"The patient presents with sharp chest pain, difficulty in swallowing, back pain, regurgitation, heartburn, and regurgitation.1.",hiatal hernia
"The patient presents with sharp chest pain, dizziness, difficulty in swallowing, nausea, vomiting blood, burning abdominal pain, and upper abdominal pain.",hiatal hernia
"The patient presents with sharp chest pain, dizziness, difficulty in swallowing, and back pain.",hiatal hernia
"The patient presents with difficulty in swallowing, vomiting blood, and burning abdominal pain.",hiatal hernia
"The patient presents with sharp chest pain, dizziness, difficulty in swallowing, sharp abdominal pain, nausea, and heartburn.",hiatal hernia
"The patient presents with sharp chest pain, dizziness, and back pain.",hiatal hernia
"The patient presents with difficulty in swallowing, vomiting blood, burning abdominal pain, and heartburn.",hiatal hernia
"The patient presents with dizziness, sharp abdominal pain, nausea, back pain, regurgitation, burning abdominal pain, heartburn, and regurgitation.1.",hiatal hernia
"The patient presents with dizziness, difficulty in swallowing, regurgitation, burning abdominal pain, and regurgitation.1.",hiatal hernia
"The patient presents with difficulty in swallowing, sharp abdominal pain, nausea, back pain, regurgitation, burning abdominal pain, upper abdominal pain, and regurgitation.1.",hiatal hernia
"The patient presents with sharp chest pain, dizziness, nausea, regurgitation, heartburn, and regurgitation.1.",hiatal hernia
"The patient presents with dizziness, difficulty in swallowing, nausea, burning abdominal pain, heartburn, and upper abdominal pain.",hiatal hernia
"The patient presents with difficulty in swallowing, nausea, vomiting blood, regurgitation, heartburn, and regurgitation.1.",hiatal hernia
"The patient presents with sharp abdominal pain, nausea, vomiting blood, regurgitation, burning abdominal pain, heartburn, and regurgitation.1.",hiatal hernia
"The patient presents with sharp chest pain, difficulty in swallowing, sharp abdominal pain, burning abdominal pain, heartburn, and upper abdominal pain.",hiatal hernia
"The patient presents with difficulty in swallowing, back pain, vomiting blood, regurgitation, heartburn, and regurgitation.1.",hiatal hernia
"The patient presents with sharp chest pain, sharp abdominal pain, vomiting blood, and upper abdominal pain.",hiatal hernia
"The patient presents with sharp chest pain, dizziness, nausea, and back pain.",hiatal hernia
"The patient presents with dizziness, sharp abdominal pain, back pain, and upper abdominal pain.",hiatal hernia
"The patient presents with difficulty in swallowing, sharp abdominal pain, nausea, vomiting blood, regurgitation, heartburn, upper abdominal pain, and regurgitation.1.",hiatal hernia
"The patient presents with sharp chest pain, dizziness, nausea, back pain, vomiting blood, regurgitation, heartburn, upper abdominal pain, and regurgitation.1.",hiatal hernia
"The patient presents with sharp chest pain, difficulty in swallowing, vomiting blood, and heartburn.",hiatal hernia
"The patient presents with sharp chest pain, dizziness, difficulty in swallowing, nausea, vomiting blood, regurgitation, burning abdominal pain, upper abdominal pain, and regurgitation.1.",hiatal hernia
"The patient presents with sharp chest pain, difficulty in swallowing, nausea, vomiting blood, regurgitation, burning abdominal pain, heartburn, upper abdominal pain, and regurgitation.1.",hiatal hernia
"The patient presents with difficulty in swallowing, sharp abdominal pain, back pain, vomiting blood, regurgitation, and regurgitation.1.",hiatal hernia
"The patient presents with sharp chest pain, dizziness, difficulty in swallowing, sharp abdominal pain, back pain, regurgitation, burning abdominal pain, heartburn, upper abdominal pain, and regurgitation.1.",hiatal hernia
"The patient presents with nausea, back pain, and burning abdominal pain.",hiatal hernia
"The patient presents with sharp abdominal pain, burning abdominal pain, and heartburn.",hiatal hernia
"The patient presents with dizziness, nausea, burning abdominal pain, and upper abdominal pain.",hiatal hernia
"The patient presents with sharp chest pain, difficulty in swallowing, sharp abdominal pain, nausea, back pain, and burning abdominal pain.",hiatal hernia
"The patient presents with sharp chest pain, difficulty in swallowing, sharp abdominal pain, back pain, vomiting blood, regurgitation, burning abdominal pain, heartburn, upper abdominal pain, and regurgitation.1.",hiatal hernia
"The patient presents with sharp chest pain, dizziness, difficulty in swallowing, sharp abdominal pain, nausea, vomiting blood, and heartburn.",hiatal hernia
"The patient presents with difficulty in swallowing, sharp abdominal pain, nausea, vomiting blood, and heartburn.",hiatal hernia
"The patient presents with difficulty in swallowing, regurgitation, burning abdominal pain, heartburn, and regurgitation.1.",hiatal hernia
"The patient presents with sharp chest pain, sharp abdominal pain, vomiting blood, burning abdominal pain, and upper abdominal pain.",hiatal hernia
"The patient presents with dizziness, back pain, vomiting blood, regurgitation, heartburn, and regurgitation.1.",hiatal hernia
"The patient presents with sharp chest pain, dizziness, difficulty in swallowing, back pain, burning abdominal pain, and upper abdominal pain.",hiatal hernia
"The patient presents with sharp chest pain, difficulty in swallowing, sharp abdominal pain, back pain, regurgitation, and regurgitation.1.",hiatal hernia
"The patient presents with sharp chest pain, dizziness, and vomiting blood.",hiatal hernia
"The patient presents with difficulty in swallowing, sharp abdominal pain, nausea, back pain, vomiting blood, heartburn, and upper abdominal pain.",hiatal hernia
"The patient presents with difficulty in swallowing, nausea, vomiting blood, regurgitation, heartburn, and regurgitation.1.",hiatal hernia
"The patient presents with dizziness, back pain, vomiting blood, burning abdominal pain, heartburn, and upper abdominal pain.",hiatal hernia
"The patient presents with sharp chest pain, difficulty in swallowing, sharp abdominal pain, back pain, regurgitation, upper abdominal pain, and regurgitation.1.",hiatal hernia
"The patient presents with sharp chest pain, dizziness, sharp abdominal pain, back pain, vomiting blood, regurgitation, and regurgitation.1.",hiatal hernia
"The patient presents with difficulty in swallowing, nausea, vomiting blood, heartburn, and upper abdominal pain.",hiatal hernia
"The patient presents with dizziness, difficulty in swallowing, nausea, vomiting blood, regurgitation, burning abdominal pain, upper abdominal pain, and regurgitation.1.",hiatal hernia
"The patient presents with sharp chest pain, dizziness, nausea, back pain, vomiting blood, and upper abdominal pain.",hiatal hernia
"The patient presents with sharp chest pain, nausea, vomiting blood, regurgitation, burning abdominal pain, heartburn, and regurgitation.1.",hiatal hernia
"The patient presents with sharp chest pain, dizziness, difficulty in swallowing, sharp abdominal pain, back pain, regurgitation, heartburn, upper abdominal pain, and regurgitation.1.",hiatal hernia
"The patient presents with sharp chest pain, difficulty in swallowing, nausea, back pain, regurgitation, burning abdominal pain, heartburn, upper abdominal pain, and regurgitation.1.",hiatal hernia
"The patient presents with sharp chest pain, dizziness, sharp abdominal pain, regurgitation, burning abdominal pain, heartburn, upper abdominal pain, and regurgitation.1.",hiatal hernia
"The patient presents with sharp chest pain, dizziness, difficulty in swallowing, nausea, burning abdominal pain, heartburn, and upper abdominal pain.",hiatal hernia
"The patient presents with nausea, vomiting blood, and heartburn.",hiatal hernia
"The patient presents with sharp chest pain, difficulty in swallowing, sharp abdominal pain, regurgitation, burning abdominal pain, heartburn, and regurgitation.1.",hiatal hernia
"The patient presents with dizziness, sharp abdominal pain, vomiting blood, and heartburn.",hiatal hernia
"The patient presents with difficulty in swallowing, sharp abdominal pain, vomiting blood, regurgitation, heartburn, and regurgitation.1.",hiatal hernia
"The patient presents with sharp chest pain, dizziness, nausea, back pain, vomiting blood, regurgitation, burning abdominal pain, upper abdominal pain, and regurgitation.1.",hiatal hernia
"The patient presents with difficulty in swallowing, back pain, regurgitation, upper abdominal pain, and regurgitation.1.",hiatal hernia
"The patient presents with sharp chest pain, dizziness, difficulty in swallowing, sharp abdominal pain, regurgitation, upper abdominal pain, and regurgitation.1.",hiatal hernia
"The patient presents with sharp chest pain, sharp abdominal pain, nausea, and back pain.",hiatal hernia
"The patient presents with sharp chest pain, back pain, and vomiting blood.",hiatal hernia
"The patient presents with sharp chest pain, dizziness, sharp abdominal pain, nausea, back pain, vomiting blood, regurgitation, and regurgitation.1.",hiatal hernia
"The patient presents with dizziness, burning abdominal pain, heartburn, and upper abdominal pain.",hiatal hernia
"The patient presents with sharp chest pain, dizziness, difficulty in swallowing, sharp abdominal pain, vomiting blood, burning abdominal pain, heartburn, and upper abdominal pain.",hiatal hernia
"The patient presents with sharp chest pain, difficulty in swallowing, sharp abdominal pain, nausea, back pain, regurgitation, heartburn, upper abdominal pain, and regurgitation.1.",hiatal hernia
"The patient presents with difficulty in swallowing, sharp abdominal pain, regurgitation, burning abdominal pain, and regurgitation.1.",hiatal hernia
"The patient presents with dizziness, difficulty in swallowing, sharp abdominal pain, nausea, regurgitation, burning abdominal pain, upper abdominal pain, and regurgitation.1.",hiatal hernia
"The patient presents with difficulty in swallowing, sharp abdominal pain, back pain, vomiting blood, regurgitation, burning abdominal pain, and regurgitation.1.",hiatal hernia
"The patient presents with dizziness, difficulty in swallowing, back pain, burning abdominal pain, and heartburn.",hiatal hernia
"The patient presents with sharp chest pain, regurgitation, burning abdominal pain, heartburn, and regurgitation.1.",hiatal hernia
"The patient presents with dizziness, difficulty in swallowing, sharp abdominal pain, back pain, vomiting blood, regurgitation, burning abdominal pain, heartburn, and regurgitation.1.",hiatal hernia
"The patient presents with difficulty in swallowing, sharp abdominal pain, nausea, vomiting blood, regurgitation, heartburn, and regurgitation.1.",hiatal hernia
"The patient presents with difficulty in swallowing, sharp abdominal pain, vomiting blood, regurgitation, burning abdominal pain, heartburn, and regurgitation.1.",hiatal hernia
"The patient presents with difficulty in swallowing, sharp abdominal pain, nausea, back pain, vomiting blood, regurgitation, burning abdominal pain, and regurgitation.1.",hiatal hernia
"The patient presents with sharp chest pain, dizziness, sharp abdominal pain, and nausea.",hiatal hernia
"The patient presents with sharp chest pain, dizziness, difficulty in swallowing, nausea, and heartburn.",hiatal hernia
"The patient presents with difficulty in swallowing, sharp abdominal pain, back pain, and heartburn.",hiatal hernia
"The patient presents with sharp chest pain, difficulty in swallowing, sharp abdominal pain, nausea, back pain, vomiting blood, and upper abdominal pain.",hiatal hernia
"The patient presents with dizziness, difficulty in swallowing, sharp abdominal pain, nausea, back pain, vomiting blood, regurgitation, burning abdominal pain, heartburn, upper abdominal pain, and regurgitation.1.",hiatal hernia
"The patient presents with dizziness, nausea, vomiting blood, regurgitation, heartburn, and regurgitation.1.",hiatal hernia
"The patient presents with sharp abdominal pain, back pain, burning abdominal pain, and heartburn.",hiatal hernia
"The patient presents with sharp abdominal pain, vomiting blood, regurgitation, burning abdominal pain, and regurgitation.1.",hiatal hernia
"The patient presents with sharp chest pain, difficulty in swallowing, sharp abdominal pain, nausea, back pain, heartburn, and upper abdominal pain.",hiatal hernia
"The patient presents with sharp chest pain, nausea, vomiting blood, and burning abdominal pain.",hiatal hernia
"The patient presents with sharp abdominal pain, burning abdominal pain, and upper abdominal pain.",hiatal hernia
"The patient presents with sharp chest pain, dizziness, difficulty in swallowing, back pain, and upper abdominal pain.",hiatal hernia
"The patient presents with sharp chest pain, dizziness, sharp abdominal pain, nausea, back pain, vomiting blood, and upper abdominal pain.",hiatal hernia
"The patient presents with sharp chest pain, dizziness, nausea, regurgitation, burning abdominal pain, upper abdominal pain, and regurgitation.1.",hiatal hernia
"The patient presents with dizziness, difficulty in swallowing, sharp abdominal pain, heartburn, and upper abdominal pain.",hiatal hernia
"The patient presents with sharp chest pain, difficulty in swallowing, sharp abdominal pain, back pain, regurgitation, heartburn, and regurgitation.1.",hiatal hernia
"The patient presents with dizziness, back pain, vomiting blood, heartburn, and upper abdominal pain.",hiatal hernia
"The patient presents with sharp chest pain, difficulty in swallowing, nausea, back pain, vomiting blood, regurgitation, heartburn, and regurgitation.1.",hiatal hernia
"The patient presents with sharp chest pain, dizziness, difficulty in swallowing, back pain, and vomiting blood.",hiatal hernia
"The patient presents with difficulty in swallowing, sharp abdominal pain, nausea, and back pain.",hiatal hernia
"The patient presents with sharp chest pain, difficulty in swallowing, sharp abdominal pain, nausea, burning abdominal pain, heartburn, and upper abdominal pain.",hiatal hernia
"The patient presents with dizziness, difficulty in swallowing, nausea, back pain, regurgitation, burning abdominal pain, upper abdominal pain, and regurgitation.1.",hiatal hernia
"The patient presents with difficulty in swallowing, sharp abdominal pain, back pain, vomiting blood, and upper abdominal pain.",hiatal hernia
"The patient presents with vomiting blood, burning abdominal pain, and upper abdominal pain.",hiatal hernia
"The patient presents with sharp chest pain, sharp abdominal pain, nausea, back pain, regurgitation, burning abdominal pain, heartburn, upper abdominal pain, and regurgitation.1.",hiatal hernia
"The patient presents with nausea, vomiting blood, regurgitation, burning abdominal pain, upper abdominal pain, and regurgitation.1.",hiatal hernia
"The patient presents with sharp chest pain, dizziness, sharp abdominal pain, nausea, back pain, regurgitation, burning abdominal pain, upper abdominal pain, and regurgitation.1.",hiatal hernia
"The patient presents with sharp chest pain, dizziness, difficulty in swallowing, vomiting blood, regurgitation, burning abdominal pain, and regurgitation.1.",hiatal hernia
"The patient presents with sharp chest pain, dizziness, back pain, regurgitation, and regurgitation.1.",hiatal hernia
"The patient presents with dizziness, difficulty in swallowing, sharp abdominal pain, nausea, back pain, regurgitation, burning abdominal pain, heartburn, and regurgitation.1.",hiatal hernia
"The patient presents with difficulty in swallowing, sharp abdominal pain, nausea, back pain, and vomiting blood.",hiatal hernia
"The patient presents with dizziness, back pain, vomiting blood, regurgitation, heartburn, upper abdominal pain, and regurgitation.1.",hiatal hernia
"The patient presents with dizziness, difficulty in swallowing, sharp abdominal pain, nausea, vomiting blood, burning abdominal pain, and heartburn.",hiatal hernia
"The patient presents with dizziness, nausea, back pain, vomiting blood, regurgitation, burning abdominal pain, and regurgitation.1.",hiatal hernia
"The patient presents with sharp chest pain, difficulty in swallowing, sharp abdominal pain, nausea, regurgitation, heartburn, and regurgitation.1.",hiatal hernia
"The patient presents with sharp chest pain, dizziness, difficulty in swallowing, sharp abdominal pain, nausea, and back pain.",hiatal hernia
"The patient presents with sharp chest pain, dizziness, sharp abdominal pain, nausea, burning abdominal pain, and heartburn.",hiatal hernia
"The patient presents with difficulty in swallowing, nausea, vomiting blood, and heartburn.",hiatal hernia
"The patient presents with chest tightness, cough, fainting, and difficulty breathing.",pulmonary fibrosis
"The patient presents with sharp chest pain, chest tightness, fainting, fever, and difficulty breathing.",pulmonary fibrosis
"The patient presents with chest tightness, fainting, and difficulty breathing.",pulmonary fibrosis
"The patient presents with sharp chest pain, chest tightness, cough, and fainting.",pulmonary fibrosis
"The patient presents with shortness of breath, sharp chest pain, chest tightness, and difficulty breathing.",pulmonary fibrosis
"The patient presents with shortness of breath, sharp chest pain, and cough.",pulmonary fibrosis
"The patient presents with chest tightness, cough, and fainting.",pulmonary fibrosis
The patient presents with chest tightness and cough.,pulmonary fibrosis
"The patient presents with shortness of breath, sharp chest pain, chest tightness, cough, fainting, fever, and difficulty breathing.",pulmonary fibrosis
The patient presents with cough and difficulty breathing.,pulmonary fibrosis
"The patient presents with shortness of breath, sharp chest pain, chest tightness, and difficulty breathing.",pulmonary fibrosis
"The patient presents with shortness of breath, chest tightness, cough, and fever.",pulmonary fibrosis
The patient presents with shortness of breath and chest tightness.,pulmonary fibrosis
"The patient presents with sharp chest pain, chest tightness, cough, and fever.",pulmonary fibrosis
"The patient presents with shortness of breath, sharp chest pain, chest tightness, fever, and difficulty breathing.",pulmonary fibrosis
"The patient presents with shortness of breath, sharp chest pain, chest tightness, cough, and difficulty breathing.",pulmonary fibrosis
"The patient presents with shortness of breath, fever, and difficulty breathing.",pulmonary fibrosis
"The patient presents with chest tightness, cough, fainting, and fever.",pulmonary fibrosis
"The patient presents with chest tightness, fainting, and difficulty breathing.",pulmonary fibrosis
"The patient presents with sharp chest pain, chest tightness, cough, and fainting.",pulmonary fibrosis
"The patient presents with shortness of breath, sharp chest pain, chest tightness, fainting, and difficulty breathing.",pulmonary fibrosis
"The patient presents with shortness of breath, chest tightness, cough, fainting, fever, and difficulty breathing.",pulmonary fibrosis
"The patient presents with shortness of breath, fainting, and fever.",pulmonary fibrosis
"The patient presents with sharp chest pain, cough, and fainting.",pulmonary fibrosis
"The patient presents with shortness of breath, sharp chest pain, chest tightness, fainting, and difficulty breathing.",pulmonary fibrosis
"The patient presents with shortness of breath, chest tightness, cough, fainting, and difficulty breathing.",pulmonary fibrosis
"The patient presents with shortness of breath, chest tightness, cough, fainting, and fever.",pulmonary fibrosis
"The patient presents with shortness of breath, sharp chest pain, chest tightness, fainting, and fever.",pulmonary fibrosis
"The patient presents with sharp chest pain, chest tightness, cough, fainting, fever, and difficulty breathing.",pulmonary fibrosis
"The patient presents with sharp chest pain, chest tightness, and fever.",pulmonary fibrosis
"The patient presents with sharp chest pain, chest tightness, cough, fainting, and difficulty breathing.",pulmonary fibrosis
"The patient presents with sharp chest pain, chest tightness, and cough.",pulmonary fibrosis
"The patient presents with sharp chest pain, chest tightness, fainting, fever, and difficulty breathing.",pulmonary fibrosis
"The patient presents with sharp chest pain, chest tightness, and fever.",pulmonary fibrosis
"The patient presents with sharp chest pain, chest tightness, cough, fainting, and fever.",pulmonary fibrosis
"The patient presents with sharp chest pain, chest tightness, cough, fainting, and fever.",pulmonary fibrosis
"The patient presents with shortness of breath, sharp chest pain, chest tightness, and fainting.",pulmonary fibrosis
"The patient presents with shortness of breath, sharp chest pain, chest tightness, cough, fever, and difficulty breathing.",pulmonary fibrosis
"The patient presents with chest tightness, cough, and fainting.",pulmonary fibrosis
"The patient presents with sharp chest pain, chest tightness, cough, and difficulty breathing.",pulmonary fibrosis
"The patient presents with sharp chest pain, chest tightness, fever, and difficulty breathing.",pulmonary fibrosis
"The patient presents with chest tightness, cough, fainting, fever, and difficulty breathing.",pulmonary fibrosis
"The patient presents with shortness of breath, sharp chest pain, chest tightness, fainting, and difficulty breathing.",pulmonary fibrosis
"The patient presents with chest tightness, cough, and fever.",pulmonary fibrosis
"The patient presents with chest tightness, cough, fainting, and difficulty breathing.",pulmonary fibrosis
"The patient presents with shortness of breath, chest tightness, and fainting.",pulmonary fibrosis
"The patient presents with shortness of breath, chest tightness, and fever.",pulmonary fibrosis
"The patient presents with chest tightness, cough, fainting, and difficulty breathing.",pulmonary fibrosis
"The patient presents with shortness of breath, sharp chest pain, chest tightness, and fever.",pulmonary fibrosis
"The patient presents with shortness of breath, chest tightness, fainting, and fever.",pulmonary fibrosis
"The patient presents with shortness of breath, chest tightness, fever, and difficulty breathing.",pulmonary fibrosis
"The patient presents with shortness of breath, chest tightness, cough, and fever.",pulmonary fibrosis
"The patient presents with shortness of breath, sharp chest pain, chest tightness, cough, fever, and difficulty breathing.",pulmonary fibrosis
"The patient presents with sharp chest pain, chest tightness, and fainting.",pulmonary fibrosis
"The patient presents with sharp chest pain, chest tightness, cough, fainting, and difficulty breathing.",pulmonary fibrosis
"The patient presents with shortness of breath, sharp chest pain, and chest tightness.",pulmonary fibrosis
"The patient presents with shortness of breath, sharp chest pain, chest tightness, and cough.",pulmonary fibrosis
"The patient presents with shortness of breath, sharp chest pain, chest tightness, cough, fever, and difficulty breathing.",pulmonary fibrosis
"The patient presents with sharp chest pain, chest tightness, and difficulty breathing.",pulmonary fibrosis
The patient presents with shortness of breath and fever.,pulmonary fibrosis
"The patient presents with shortness of breath, chest tightness, cough, fever, and difficulty breathing.",pulmonary fibrosis
"The patient presents with shortness of breath, chest tightness, fainting, fever, and difficulty breathing.",pulmonary fibrosis
"The patient presents with shortness of breath, chest tightness, and fever.",pulmonary fibrosis
"The patient presents with shortness of breath, sharp chest pain, cough, fainting, fever, and difficulty breathing.",pulmonary fibrosis
"The patient presents with shortness of breath, sharp chest pain, fainting, and fever.",pulmonary fibrosis
"The patient presents with shortness of breath, sharp chest pain, chest tightness, fever, and difficulty breathing.",pulmonary fibrosis
"The patient presents with shortness of breath, chest tightness, fainting, and fever.",pulmonary fibrosis
"The patient presents with sharp chest pain, chest tightness, fever, and difficulty breathing.",pulmonary fibrosis
"The patient presents with shortness of breath, sharp chest pain, chest tightness, cough, fainting, fever, and difficulty breathing.",pulmonary fibrosis
"The patient presents with shortness of breath, sharp chest pain, chest tightness, fever, and difficulty breathing.",pulmonary fibrosis
"The patient presents with shortness of breath, sharp chest pain, and chest tightness.",pulmonary fibrosis
"The patient presents with sharp chest pain, chest tightness, fainting, and difficulty breathing.",pulmonary fibrosis
"The patient presents with sharp chest pain, chest tightness, fainting, fever, and difficulty breathing.",pulmonary fibrosis
"The patient presents with shortness of breath, sharp chest pain, chest tightness, and fever.",pulmonary fibrosis
"The patient presents with shortness of breath, chest tightness, fever, and difficulty breathing.",pulmonary fibrosis
"The patient presents with sharp chest pain, chest tightness, fainting, and fever.",pulmonary fibrosis
The patient presents with shortness of breath and chest tightness.,pulmonary fibrosis
"The patient presents with shortness of breath, cough, fainting, and fever.",pulmonary fibrosis
"The patient presents with chest tightness, cough, fainting, fever, and difficulty breathing.",pulmonary fibrosis
"The patient presents with sharp chest pain, chest tightness, cough, and fever.",pulmonary fibrosis
"The patient presents with shortness of breath, chest tightness, cough, fainting, and fever.",pulmonary fibrosis
"The patient presents with shortness of breath, sharp chest pain, chest tightness, and difficulty breathing.",pulmonary fibrosis
"The patient presents with shortness of breath, sharp chest pain, cough, fainting, and fever.",pulmonary fibrosis
"The patient presents with chest tightness, fainting, and difficulty breathing.",pulmonary fibrosis
"The patient presents with shortness of breath, sharp chest pain, chest tightness, and cough.",pulmonary fibrosis
"The patient presents with shortness of breath, chest tightness, cough, and difficulty breathing.",pulmonary fibrosis
"The patient presents with shortness of breath, sharp chest pain, chest tightness, cough, and fainting.",pulmonary fibrosis
"The patient presents with chest tightness, cough, fainting, fever, and difficulty breathing.",pulmonary fibrosis
"The patient presents with sharp chest pain, chest tightness, cough, and fever.",pulmonary fibrosis
"The patient presents with shortness of breath, chest tightness, fainting, fever, and difficulty breathing.",pulmonary fibrosis
"The patient presents with shortness of breath, sharp chest pain, chest tightness, cough, and difficulty breathing.",pulmonary fibrosis
"The patient presents with sharp chest pain, chest tightness, cough, fainting, and fever.",pulmonary fibrosis
"The patient presents with sharp chest pain, cough, fainting, and fever.",pulmonary fibrosis
"The patient presents with shortness of breath, chest tightness, fainting, and difficulty breathing.",pulmonary fibrosis
"The patient presents with sharp chest pain, chest tightness, cough, and fainting.",pulmonary fibrosis
"The patient presents with shortness of breath, chest tightness, fainting, fever, and difficulty breathing.",pulmonary fibrosis
"The patient presents with sharp chest pain, chest tightness, cough, fainting, and fever.",pulmonary fibrosis
"The patient presents with shortness of breath, chest tightness, cough, and fainting.",pulmonary fibrosis
"The patient presents with sharp chest pain, chest tightness, cough, fainting, fever, and difficulty breathing.",pulmonary fibrosis
"The patient presents with shortness of breath, sharp chest pain, chest tightness, cough, fainting, fever, and difficulty breathing.",pulmonary fibrosis
"The patient presents with sharp chest pain, cough, fever, and difficulty breathing.",pulmonary fibrosis
"The patient presents with shortness of breath, chest tightness, cough, fainting, fever, and difficulty breathing.",pulmonary fibrosis
"The patient presents with chest tightness, fainting, fever, and difficulty breathing.",pulmonary fibrosis
"The patient presents with shortness of breath, chest tightness, and cough.",pulmonary fibrosis
"The patient presents with chest tightness, cough, and fever.",pulmonary fibrosis
"The patient presents with shortness of breath, cough, fainting, fever, and difficulty breathing.",pulmonary fibrosis
"The patient presents with shortness of breath, chest tightness, fever, and difficulty breathing.",pulmonary fibrosis
"The patient presents with shortness of breath, sharp chest pain, chest tightness, and difficulty breathing.",pulmonary fibrosis
"The patient presents with shortness of breath, sharp chest pain, chest tightness, cough, fainting, and fever.",pulmonary fibrosis
"The patient presents with shortness of breath, chest tightness, and fainting.",pulmonary fibrosis
"The patient presents with sharp chest pain, cough, fainting, and difficulty breathing.",pulmonary fibrosis
"The patient presents with shortness of breath, sharp chest pain, chest tightness, and fever.",pulmonary fibrosis
The patient presents with chest tightness and fainting.,pulmonary fibrosis
"The patient presents with shortness of breath, sharp chest pain, chest tightness, cough, fainting, and fever.",pulmonary fibrosis
The patient presents with cough and fever.,pulmonary fibrosis
"The patient presents with sharp chest pain, chest tightness, and fainting.",pulmonary fibrosis
"The patient presents with shortness of breath, sharp chest pain, and fever.",pulmonary fibrosis
"The patient presents with shortness of breath, chest tightness, cough, and fever.",pulmonary fibrosis
"The patient presents with shortness of breath, sharp chest pain, sore throat, nasal congestion, vomiting, wheezing, and weakness.",pneumonia
"The patient presents with sharp chest pain, cough, wheezing, and weakness.",pneumonia
"The patient presents with sore throat, cough, vomiting, wheezing, weakness, difficulty breathing, chills, and coryza.",pneumonia
"The patient presents with shortness of breath, sharp chest pain, sore throat, nasal congestion, and fever.",pneumonia
"The patient presents with shortness of breath, sharp chest pain, sore throat, cough, nasal congestion, vomiting, fever, difficulty breathing, and chills.",pneumonia
"The patient presents with sore throat, wheezing, weakness, fever, difficulty breathing, chills, and coryza.",pneumonia
"The patient presents with cough, fever, and chills.",pneumonia
"The patient presents with shortness of breath, cough, nasal congestion, wheezing, difficulty breathing, chills, and coryza.",pneumonia
"The patient presents with wheezing, fever, and coryza.",pneumonia
"The patient presents with nasal congestion, weakness, and difficulty breathing.",pneumonia
"The patient presents with sore throat, cough, nasal congestion, weakness, difficulty breathing, and chills.",pneumonia
"The patient presents with shortness of breath, sharp chest pain, nasal congestion, vomiting, weakness, and coryza.",pneumonia
"The patient presents with shortness of breath, nasal congestion, wheezing, fever, chills, and coryza.",pneumonia
"The patient presents with shortness of breath, sharp chest pain, sore throat, vomiting, weakness, difficulty breathing, and chills.",pneumonia
"The patient presents with sharp chest pain, cough, vomiting, weakness, and chills.",pneumonia
"The patient presents with shortness of breath, sore throat, vomiting, wheezing, fever, difficulty breathing, chills, and coryza.",pneumonia
"The patient presents with sharp chest pain, sore throat, nasal congestion, vomiting, wheezing, weakness, difficulty breathing, and chills.",pneumonia
"The patient presents with shortness of breath, sore throat, cough, nasal congestion, vomiting, wheezing, and difficulty breathing.",pneumonia
"The patient presents with sharp chest pain, sore throat, wheezing, and coryza.",pneumonia
"The patient presents with shortness of breath, sharp chest pain, sore throat, cough, vomiting, and coryza.",pneumonia
"The patient presents with sore throat, cough, nasal congestion, vomiting, wheezing, weakness, and difficulty breathing.",pneumonia
"The patient presents with shortness of breath, nasal congestion, wheezing, weakness, fever, and difficulty breathing.",pneumonia
"The patient presents with sharp chest pain, vomiting, and wheezing.",pneumonia
"The patient presents with sore throat, wheezing, weakness, difficulty breathing, and chills.",pneumonia
"The patient presents with shortness of breath, sharp chest pain, cough, vomiting, fever, and difficulty breathing.",pneumonia
"The patient presents with shortness of breath, sharp chest pain, nasal congestion, wheezing, difficulty breathing, chills, and coryza.",pneumonia
"The patient presents with weakness, difficulty breathing, chills, and coryza.",pneumonia
"The patient presents with sharp chest pain, sore throat, nasal congestion, vomiting, wheezing, weakness, difficulty breathing, chills, and coryza.",pneumonia
"The patient presents with sore throat, nasal congestion, wheezing, fever, and coryza.",pneumonia
"The patient presents with sharp chest pain, cough, wheezing, weakness, difficulty breathing, and coryza.",pneumonia
"The patient presents with shortness of breath, sore throat, cough, vomiting, weakness, fever, difficulty breathing, and chills.",pneumonia
"The patient presents with nasal congestion, wheezing, chills, and coryza.",pneumonia
"The patient presents with sharp chest pain, nasal congestion, vomiting, wheezing, and coryza.",pneumonia
"The patient presents with sharp chest pain, sore throat, nasal congestion, vomiting, weakness, difficulty breathing, chills, and coryza.",pneumonia
"The patient presents with shortness of breath, sharp chest pain, sore throat, wheezing, difficulty breathing, and coryza.",pneumonia
"The patient presents with shortness of breath, cough, vomiting, weakness, chills, and coryza.",pneumonia
"The patient presents with shortness of breath, sharp chest pain, nasal congestion, vomiting, wheezing, difficulty breathing, and chills.",pneumonia
"The patient presents with sharp chest pain, sore throat, vomiting, weakness, and difficulty breathing.",pneumonia
"The patient presents with sharp chest pain, nasal congestion, weakness, and fever.",pneumonia
"The patient presents with shortness of breath, sore throat, cough, vomiting, weakness, difficulty breathing, and chills.",pneumonia
"The patient presents with nasal congestion, vomiting, and fever.",pneumonia
"The patient presents with shortness of breath, sharp chest pain, nasal congestion, wheezing, and weakness.",pneumonia
"The patient presents with shortness of breath, vomiting, and difficulty breathing.",pneumonia
"The patient presents with sharp chest pain, sore throat, cough, nasal congestion, wheezing, weakness, difficulty breathing, and chills.",pneumonia
"The patient presents with sore throat, cough, nasal congestion, wheezing, weakness, and chills.",pneumonia
"The patient presents with sore throat, nasal congestion, wheezing, weakness, difficulty breathing, and coryza.",pneumonia
"The patient presents with shortness of breath, sharp chest pain, sore throat, cough, nasal congestion, vomiting, weakness, difficulty breathing, and coryza.",pneumonia
"The patient presents with shortness of breath, sharp chest pain, nasal congestion, wheezing, weakness, fever, and coryza.",pneumonia
"The patient presents with shortness of breath, vomiting, wheezing, weakness, fever, and chills.",pneumonia
"The patient presents with vomiting, fever, difficulty breathing, chills, and coryza.",pneumonia
"The patient presents with shortness of breath, sharp chest pain, cough, vomiting, difficulty breathing, and coryza.",pneumonia
"The patient presents with sharp chest pain, nasal congestion, vomiting, wheezing, difficulty breathing, chills, and coryza.",pneumonia
"The patient presents with shortness of breath, sharp chest pain, sore throat, cough, nasal congestion, vomiting, wheezing, weakness, and difficulty breathing.",pneumonia
"The patient presents with sore throat, cough, vomiting, wheezing, fever, difficulty breathing, and chills.",pneumonia
"The patient presents with cough, nasal congestion, weakness, fever, and difficulty breathing.",pneumonia
"The patient presents with sharp chest pain, sore throat, weakness, chills, and coryza.",pneumonia
"The patient presents with sore throat, cough, nasal congestion, wheezing, weakness, fever, difficulty breathing, and coryza.",pneumonia
"The patient presents with shortness of breath, sore throat, nasal congestion, vomiting, wheezing, fever, difficulty breathing, and coryza.",pneumonia
"The patient presents with shortness of breath, sore throat, wheezing, fever, and chills.",pneumonia
"The patient presents with sore throat, vomiting, wheezing, weakness, difficulty breathing, chills, and coryza.",pneumonia
"The patient presents with sharp chest pain, sore throat, nasal congestion, vomiting, weakness, difficulty breathing, and coryza.",pneumonia
"The patient presents with shortness of breath, sore throat, cough, wheezing, weakness, fever, difficulty breathing, and coryza.",pneumonia
"The patient presents with shortness of breath, sharp chest pain, nasal congestion, vomiting, wheezing, weakness, fever, and difficulty breathing.",pneumonia
"The patient presents with sore throat, wheezing, fever, and coryza.",pneumonia
"The patient presents with sore throat, cough, and vomiting.",pneumonia
"The patient presents with shortness of breath, sharp chest pain, cough, vomiting, wheezing, fever, and coryza.",pneumonia
"The patient presents with shortness of breath, sharp chest pain, cough, wheezing, and fever.",pneumonia
"The patient presents with shortness of breath, vomiting, weakness, chills, and coryza.",pneumonia
"The patient presents with sore throat, vomiting, wheezing, weakness, and chills.",pneumonia
"The patient presents with shortness of breath, sharp chest pain, sore throat, nasal congestion, vomiting, wheezing, weakness, fever, difficulty breathing, and coryza.",pneumonia
"The patient presents with sore throat, nasal congestion, vomiting, chills, and coryza.",pneumonia
"The patient presents with shortness of breath, sharp chest pain, wheezing, and chills.",pneumonia
"The patient presents with shortness of breath, nasal congestion, vomiting, wheezing, difficulty breathing, and coryza.",pneumonia
"The patient presents with sharp chest pain, nasal congestion, vomiting, fever, difficulty breathing, and coryza.",pneumonia
"The patient presents with shortness of breath, fever, and difficulty breathing.",pneumonia
"The patient presents with cough, nasal congestion, vomiting, weakness, and chills.",pneumonia
"The patient presents with shortness of breath, sore throat, vomiting, wheezing, weakness, fever, difficulty breathing, and coryza.",pneumonia
"The patient presents with shortness of breath, cough, wheezing, chills, and coryza.",pneumonia
"The patient presents with shortness of breath, nasal congestion, vomiting, and coryza.",pneumonia
"The patient presents with sharp chest pain, cough, vomiting, wheezing, weakness, fever, chills, and coryza.",pneumonia
"The patient presents with shortness of breath, cough, nasal congestion, wheezing, weakness, and difficulty breathing.",pneumonia
"The patient presents with sharp chest pain, cough, wheezing, fever, and difficulty breathing.",pneumonia
"The patient presents with sharp chest pain, sore throat, nasal congestion, vomiting, chills, and coryza.",pneumonia
"The patient presents with sharp chest pain, cough, vomiting, difficulty breathing, and coryza.",pneumonia
"The patient presents with sharp chest pain, sore throat, cough, nasal congestion, vomiting, difficulty breathing, and coryza.",pneumonia
"The patient presents with sore throat, cough, and nasal congestion.",pneumonia
"The patient presents with cough, vomiting, wheezing, weakness, fever, and coryza.",pneumonia
"The patient presents with sharp chest pain, nasal congestion, weakness, fever, chills, and coryza.",pneumonia
"The patient presents with shortness of breath, sharp chest pain, cough, fever, chills, and coryza.",pneumonia
"The patient presents with cough, vomiting, wheezing, fever, and chills.",pneumonia
"The patient presents with vomiting, wheezing, fever, difficulty breathing, and chills.",pneumonia
"The patient presents with sore throat, nasal congestion, and chills.",pneumonia
"The patient presents with shortness of breath, cough, nasal congestion, fever, and coryza.",pneumonia
"The patient presents with nasal congestion, wheezing, fever, and chills.",pneumonia
"The patient presents with sharp chest pain, sore throat, vomiting, and fever.",pneumonia
"The patient presents with sharp chest pain, cough, wheezing, weakness, fever, chills, and coryza.",pneumonia
"The patient presents with shortness of breath, nasal congestion, wheezing, and fever.",pneumonia
"The patient presents with shortness of breath, sore throat, nasal congestion, vomiting, wheezing, weakness, chills, and coryza.",pneumonia
"The patient presents with sharp chest pain, cough, nasal congestion, vomiting, chills, and coryza.",pneumonia
"The patient presents with sore throat, nasal congestion, vomiting, fever, difficulty breathing, and chills.",pneumonia
"The patient presents with shortness of breath, weakness, and coryza.",pneumonia
"The patient presents with shortness of breath, sharp chest pain, cough, nasal congestion, difficulty breathing, and coryza.",pneumonia
"The patient presents with shortness of breath, sore throat, cough, vomiting, weakness, and fever.",pneumonia
"The patient presents with sharp chest pain, vomiting, and fever.",pneumonia
"The patient presents with shortness of breath, sharp chest pain, sore throat, cough, nasal congestion, weakness, chills, and coryza.",pneumonia
"The patient presents with sharp chest pain, nasal congestion, vomiting, weakness, difficulty breathing, and coryza.",pneumonia
"The patient presents with shortness of breath, sharp chest pain, cough, vomiting, wheezing, and chills.",pneumonia
"The patient presents with sharp chest pain, cough, weakness, difficulty breathing, chills, and coryza.",pneumonia
"The patient presents with shortness of breath, cough, nasal congestion, vomiting, wheezing, weakness, fever, chills, and coryza.",pneumonia
"The patient presents with sharp chest pain, cough, weakness, fever, difficulty breathing, and coryza.",pneumonia
"The patient presents with shortness of breath, sharp chest pain, sore throat, cough, weakness, and fever.",pneumonia
"The patient presents with shortness of breath, sharp chest pain, sore throat, vomiting, weakness, and coryza.",pneumonia
"The patient presents with shortness of breath, sore throat, cough, wheezing, fever, and difficulty breathing.",pneumonia
"The patient presents with sharp chest pain, sore throat, vomiting, weakness, and coryza.",pneumonia
"The patient presents with sharp chest pain, sore throat, cough, nasal congestion, vomiting, weakness, and difficulty breathing.",pneumonia
"The patient presents with shortness of breath, vomiting, wheezing, weakness, fever, chills, and coryza.",pneumonia
"The patient presents with shortness of breath, sore throat, cough, nasal congestion, vomiting, fever, chills, and coryza.",pneumonia
"The patient presents with shortness of breath, sharp chest pain, sore throat, vomiting, weakness, difficulty breathing, chills, and coryza.",pneumonia
"The patient presents with shortness of breath, sore throat, nasal congestion, weakness, fever, and difficulty breathing.",pneumonia
"The patient presents with shortness of breath, sharp chest pain, sore throat, cough, vomiting, chills, and coryza.",pneumonia
"The patient presents with sharp chest pain, nasal congestion, vomiting, fever, difficulty breathing, chills, and coryza.",pneumonia
"The patient presents with shortness of breath, sharp chest pain, cough, vomiting, chills, and coryza.",pneumonia
"The patient presents with shortness of breath, sharp chest pain, and difficulty breathing.",pneumonia
"The patient presents with shortness of breath, wheezing, weakness, fever, chills, and coryza.",pneumonia
"The patient presents with vomiting, wheezing, and weakness.",pneumonia
"The patient presents with shortness of breath, sharp chest pain, sore throat, cough, nasal congestion, vomiting, fever, chills, and coryza.",pneumonia
"The patient presents with shortness of breath, sharp chest pain, sore throat, cough, nasal congestion, weakness, difficulty breathing, and coryza.",pneumonia
"The patient presents with cough, wheezing, fever, difficulty breathing, and coryza.",pneumonia
"The patient presents with sharp chest pain, cough, vomiting, weakness, fever, and coryza.",pneumonia
"The patient presents with shortness of breath, nasal congestion, wheezing, chills, and coryza.",pneumonia
"The patient presents with shortness of breath, sharp chest pain, nasal congestion, vomiting, wheezing, weakness, and difficulty breathing.",pneumonia
"The patient presents with shortness of breath, sore throat, nasal congestion, vomiting, wheezing, difficulty breathing, and coryza.",pneumonia
"The patient presents with sharp chest pain, sore throat, cough, nasal congestion, fever, difficulty breathing, and chills.",pneumonia
"The patient presents with cough, vomiting, wheezing, and difficulty breathing.",pneumonia
"The patient presents with sharp chest pain, nasal congestion, vomiting, weakness, difficulty breathing, and chills.",pneumonia
The patient presents with sore throat and cough.,pneumonia
"The patient presents with shortness of breath, vomiting, weakness, and fever.",pneumonia
"The patient presents with sore throat, nasal congestion, vomiting, fever, and difficulty breathing.",pneumonia
"The patient presents with shortness of breath, sharp chest pain, sore throat, nasal congestion, weakness, difficulty breathing, chills, and coryza.",pneumonia
"The patient presents with shortness of breath, sharp chest pain, cough, vomiting, and difficulty breathing.",pneumonia
"The patient presents with shortness of breath, cough, nasal congestion, and difficulty breathing.",pneumonia
"The patient presents with shortness of breath, sharp chest pain, vomiting, chills, and coryza.",pneumonia
"The patient presents with sharp chest pain, cough, nasal congestion, vomiting, weakness, difficulty breathing, and coryza.",pneumonia
"The patient presents with shortness of breath, sharp chest pain, weakness, and chills.",pneumonia
"The patient presents with sore throat, cough, weakness, fever, difficulty breathing, and coryza.",pneumonia
"The patient presents with shortness of breath, sharp chest pain, cough, nasal congestion, vomiting, wheezing, and chills.",pneumonia
"The patient presents with sharp chest pain, sore throat, nasal congestion, vomiting, and chills.",pneumonia
"The patient presents with shortness of breath, sharp chest pain, sore throat, vomiting, weakness, fever, chills, and coryza.",pneumonia
"The patient presents with sharp chest pain, wheezing, and fever.",pneumonia
"The patient presents with shortness of breath, sharp chest pain, nasal congestion, vomiting, fever, and coryza.",pneumonia
"The patient presents with sore throat, vomiting, difficulty breathing, and coryza.",pneumonia
"The patient presents with sharp chest pain, sore throat, wheezing, weakness, difficulty breathing, and coryza.",pneumonia
"The patient presents with shortness of breath, sharp chest pain, cough, wheezing, difficulty breathing, chills, and coryza.",pneumonia
"The patient presents with sharp chest pain, sore throat, nasal congestion, vomiting, wheezing, and coryza.",pneumonia
"The patient presents with wheezing, fever, chills, and coryza.",pneumonia
"The patient presents with shortness of breath, sharp chest pain, sore throat, vomiting, fever, difficulty breathing, and chills.",pneumonia
"The patient presents with sharp chest pain, sore throat, and weakness.",pneumonia
"The patient presents with shortness of breath, cough, vomiting, wheezing, weakness, fever, and coryza.",pneumonia
"The patient presents with shortness of breath, sharp chest pain, nasal congestion, wheezing, weakness, chills, and coryza.",pneumonia
"The patient presents with shortness of breath, sharp chest pain, sore throat, cough, vomiting, wheezing, weakness, and chills.",pneumonia
"The patient presents with shortness of breath, sharp chest pain, cough, vomiting, fever, chills, and coryza.",pneumonia
"The patient presents with shortness of breath, sore throat, cough, vomiting, wheezing, weakness, difficulty breathing, and chills.",pneumonia
"The patient presents with shortness of breath, sharp chest pain, sore throat, cough, nasal congestion, vomiting, weakness, fever, difficulty breathing, and chills.",pneumonia
"The patient presents with shortness of breath, sharp chest pain, sore throat, cough, nasal congestion, wheezing, difficulty breathing, and chills.",pneumonia
"The patient presents with sharp chest pain, cough, vomiting, wheezing, and weakness.",pneumonia
"The patient presents with cough, vomiting, weakness, fever, chills, and coryza.",pneumonia
"The patient presents with vomiting, weakness, fever, difficulty breathing, chills, and coryza.",pneumonia
"The patient presents with shortness of breath, sharp chest pain, nasal congestion, fever, and chills.",pneumonia
"The patient presents with shortness of breath, nasal congestion, vomiting, difficulty breathing, chills, and coryza.",pneumonia
"The patient presents with shortness of breath, sharp chest pain, sore throat, fever, and coryza.",pneumonia
"The patient presents with shortness of breath, sharp chest pain, sore throat, cough, wheezing, weakness, and chills.",pneumonia
"The patient presents with sharp chest pain, sore throat, nasal congestion, vomiting, wheezing, weakness, fever, and difficulty breathing.",pneumonia
"The patient presents with shortness of breath, sharp chest pain, sore throat, cough, nasal congestion, vomiting, wheezing, weakness, and chills.",pneumonia
"The patient presents with sharp chest pain, sore throat, nasal congestion, and coryza.",pneumonia
"The patient presents with sore throat, cough, nasal congestion, wheezing, weakness, and difficulty breathing.",pneumonia
"The patient presents with sharp chest pain, sore throat, cough, nasal congestion, fever, difficulty breathing, and coryza.",pneumonia
"The patient presents with sore throat, nasal congestion, weakness, fever, and difficulty breathing.",pneumonia
"The patient presents with shortness of breath, sharp chest pain, sore throat, nasal congestion, and vomiting.",pneumonia
"The patient presents with shortness of breath, sharp chest pain, sore throat, wheezing, weakness, fever, and chills.",pneumonia
"The patient presents with shortness of breath, sore throat, chills, and coryza.",pneumonia
"The patient presents with shortness of breath, vomiting, wheezing, fever, and coryza.",pneumonia
"The patient presents with shortness of breath, sharp chest pain, cough, nasal congestion, wheezing, fever, and difficulty breathing.",pneumonia
"The patient presents with wheezing, fever, difficulty breathing, and coryza.",pneumonia
"The patient presents with shortness of breath, sharp chest pain, cough, chills, and coryza.",pneumonia
"The patient presents with sharp chest pain, cough, and difficulty breathing.",pneumonia
"The patient presents with shortness of breath, sore throat, cough, vomiting, wheezing, and coryza.",pneumonia
"The patient presents with shortness of breath, nasal congestion, vomiting, wheezing, weakness, fever, difficulty breathing, and coryza.",pneumonia
"The patient presents with sharp chest pain, sore throat, nasal congestion, vomiting, wheezing, fever, difficulty breathing, chills, and coryza.",pneumonia
"The patient presents with sharp chest pain, sore throat, cough, nasal congestion, wheezing, fever, and difficulty breathing.",pneumonia
"The patient presents with shortness of breath, cough, fever, and chills.",pneumonia
"The patient presents with sharp chest pain, nasal congestion, wheezing, weakness, fever, chills, and coryza.",pneumonia
"The patient presents with shortness of breath, sore throat, cough, nasal congestion, vomiting, wheezing, weakness, fever, chills, and coryza.",pneumonia
"The patient presents with sharp chest pain, cough, nasal congestion, vomiting, and weakness.",pneumonia
"The patient presents with shortness of breath, wheezing, weakness, and coryza.",pneumonia
"The patient presents with cough, fever, difficulty breathing, and chills.",pneumonia
"The patient presents with sore throat, cough, wheezing, difficulty breathing, and chills.",pneumonia
"The patient presents with sore throat, cough, vomiting, weakness, and chills.",pneumonia
"The patient presents with sharp chest pain, sore throat, wheezing, and difficulty breathing.",pneumonia
"The patient presents with nasal congestion, vomiting, fever, and chills.",pneumonia
"The patient presents with shortness of breath, cough, vomiting, wheezing, and chills.",pneumonia
"The patient presents with wheezing, weakness, fever, difficulty breathing, chills, and coryza.",pneumonia
"The patient presents with sharp chest pain, sore throat, cough, vomiting, wheezing, weakness, difficulty breathing, chills, and coryza.",pneumonia
"The patient presents with wheezing, fever, difficulty breathing, and chills.",pneumonia
"The patient presents with shortness of breath, sore throat, cough, wheezing, and difficulty breathing.",pneumonia
"The patient presents with shortness of breath, sharp chest pain, cough, nasal congestion, vomiting, weakness, fever, and chills.",pneumonia
"The patient presents with shortness of breath, sore throat, vomiting, weakness, difficulty breathing, and coryza.",pneumonia
"The patient presents with shortness of breath, sharp chest pain, cough, wheezing, weakness, fever, and coryza.",pneumonia
"The patient presents with shortness of breath, sharp chest pain, sore throat, cough, vomiting, wheezing, fever, chills, and coryza.",pneumonia
"The patient presents with sharp chest pain, cough, nasal congestion, weakness, fever, chills, and coryza.",pneumonia
"The patient presents with shortness of breath, sharp chest pain, cough, nasal congestion, vomiting, wheezing, weakness, fever, difficulty breathing, and chills.",pneumonia
"The patient presents with shortness of breath, nasal congestion, wheezing, and chills.",pneumonia
"The patient presents with sore throat, cough, nasal congestion, vomiting, weakness, fever, and chills.",pneumonia
"The patient presents with sore throat, cough, and weakness.",pneumonia
"The patient presents with shortness of breath, vomiting, weakness, fever, and chills.",pneumonia
"The patient presents with sore throat, wheezing, weakness, fever, difficulty breathing, and chills.",pneumonia
"The patient presents with sharp chest pain, nasal congestion, wheezing, and difficulty breathing.",pneumonia
"The patient presents with sore throat, cough, nasal congestion, vomiting, weakness, fever, chills, and coryza.",pneumonia
"The patient presents with shortness of breath, sharp chest pain, cough, wheezing, weakness, and difficulty breathing.",pneumonia
"The patient presents with sharp chest pain, cough, fever, chills, and coryza.",pneumonia
"The patient presents with shortness of breath, sharp chest pain, sore throat, cough, weakness, and difficulty breathing.",pneumonia
"The patient presents with sharp chest pain, nasal congestion, vomiting, weakness, and difficulty breathing.",pneumonia
"The patient presents with sharp chest pain, cough, vomiting, wheezing, weakness, fever, and coryza.",pneumonia
"The patient presents with shortness of breath, sharp chest pain, sore throat, cough, vomiting, weakness, difficulty breathing, and chills.",pneumonia
"The patient presents with shortness of breath, sore throat, cough, nasal congestion, and coryza.",pneumonia
"The patient presents with sharp chest pain, sore throat, cough, nasal congestion, vomiting, weakness, and chills.",pneumonia
"The patient presents with sharp chest pain, cough, nasal congestion, vomiting, wheezing, weakness, fever, and difficulty breathing.",pneumonia
"The patient presents with sore throat, nasal congestion, wheezing, difficulty breathing, and coryza.",pneumonia
"The patient presents with sharp chest pain, cough, nasal congestion, fever, difficulty breathing, chills, and coryza.",pneumonia
"The patient presents with sharp chest pain, cough, nasal congestion, wheezing, weakness, difficulty breathing, and coryza.",pneumonia
"The patient presents with sore throat, cough, vomiting, wheezing, weakness, chills, and coryza.",pneumonia
"The patient presents with sore throat, nasal congestion, weakness, difficulty breathing, and coryza.",pneumonia
"The patient presents with cough, nasal congestion, wheezing, weakness, fever, difficulty breathing, and chills.",pneumonia
"The patient presents with sharp chest pain, sore throat, nasal congestion, wheezing, weakness, difficulty breathing, chills, and coryza.",pneumonia
"The patient presents with sharp chest pain, sore throat, cough, nasal congestion, difficulty breathing, and chills.",pneumonia
"The patient presents with sharp chest pain, cough, nasal congestion, vomiting, weakness, fever, and coryza.",pneumonia
"The patient presents with shortness of breath, sore throat, nasal congestion, fever, difficulty breathing, and coryza.",pneumonia
"The patient presents with sharp chest pain, sore throat, cough, nasal congestion, vomiting, wheezing, fever, and coryza.",pneumonia
"The patient presents with shortness of breath, cough, vomiting, weakness, difficulty breathing, and chills.",pneumonia
"The patient presents with shortness of breath, sharp chest pain, sore throat, nasal congestion, vomiting, weakness, fever, difficulty breathing, chills, and coryza.",pneumonia
"The patient presents with sharp chest pain, sore throat, cough, nasal congestion, vomiting, weakness, fever, chills, and coryza.",pneumonia
"The patient presents with vomiting, weakness, and difficulty breathing.",pneumonia
"The patient presents with shortness of breath, cough, vomiting, wheezing, fever, difficulty breathing, and chills.",pneumonia
"The patient presents with shortness of breath, sharp chest pain, nasal congestion, vomiting, wheezing, and chills.",pneumonia
The patient presents with shortness of breath and coryza.,pneumonia
"The patient presents with sharp chest pain, sore throat, cough, nasal congestion, vomiting, wheezing, and difficulty breathing.",pneumonia
"The patient presents with sharp chest pain, nasal congestion, weakness, difficulty breathing, and chills.",pneumonia
"The patient presents with sharp chest pain, sore throat, cough, weakness, fever, chills, and coryza.",pneumonia
"The patient presents with cough, nasal congestion, wheezing, weakness, fever, difficulty breathing, chills, and coryza.",pneumonia
"The patient presents with shortness of breath, sharp chest pain, sore throat, cough, nasal congestion, weakness, fever, and chills.",pneumonia
"The patient presents with cough, nasal congestion, vomiting, wheezing, weakness, fever, difficulty breathing, chills, and coryza.",pneumonia
"The patient presents with shortness of breath, sharp chest pain, sore throat, nasal congestion, weakness, fever, and chills.",pneumonia
"The patient presents with shortness of breath, sharp chest pain, sore throat, cough, vomiting, fever, difficulty breathing, and chills.",pneumonia
"The patient presents with shortness of breath, sore throat, wheezing, weakness, fever, and chills.",pneumonia
"The patient presents with sharp chest pain, vomiting, and chills.",pneumonia
"The patient presents with shortness of breath, vomiting, weakness, fever, difficulty breathing, chills, and coryza.",pneumonia
"The patient presents with shortness of breath, sharp chest pain, sore throat, vomiting, wheezing, weakness, difficulty breathing, chills, and coryza.",pneumonia
"The patient presents with shortness of breath, sore throat, cough, nasal congestion, vomiting, wheezing, and chills.",pneumonia
"The patient presents with shortness of breath, sharp chest pain, sore throat, cough, nasal congestion, vomiting, wheezing, weakness, chills, and coryza.",pneumonia
"The patient presents with sore throat, cough, nasal congestion, weakness, chills, and coryza.",pneumonia
"The patient presents with sharp chest pain, sore throat, cough, nasal congestion, vomiting, fever, and difficulty breathing.",pneumonia
"The patient presents with sharp chest pain, cough, nasal congestion, vomiting, wheezing, weakness, and chills.",pneumonia
"The patient presents with shortness of breath, sore throat, wheezing, and chills.",pneumonia
"The patient presents with shortness of breath, sore throat, nasal congestion, vomiting, wheezing, fever, difficulty breathing, and chills.",pneumonia
"The patient presents with sore throat, vomiting, wheezing, fever, and chills.",pneumonia
"The patient presents with sharp chest pain, sore throat, nasal congestion, vomiting, wheezing, weakness, fever, difficulty breathing, and chills.",pneumonia
"The patient presents with shortness of breath, sharp chest pain, sore throat, cough, nasal congestion, wheezing, fever, difficulty breathing, chills, and coryza.",pneumonia
"The patient presents with sore throat, cough, wheezing, difficulty breathing, and coryza.",pneumonia
"The patient presents with sharp chest pain, cough, nasal congestion, vomiting, weakness, fever, difficulty breathing, and chills.",pneumonia
"The patient presents with sore throat, nasal congestion, vomiting, fever, and chills.",pneumonia
"The patient presents with sharp chest pain, cough, nasal congestion, fever, and coryza.",pneumonia
"The patient presents with cough, nasal congestion, vomiting, weakness, fever, difficulty breathing, and chills.",pneumonia
"The patient presents with shortness of breath, cough, nasal congestion, vomiting, wheezing, weakness, fever, difficulty breathing, chills, and coryza.",pneumonia
"The patient presents with sharp chest pain, sore throat, and difficulty breathing.",pneumonia
"The patient presents with cough, nasal congestion, vomiting, wheezing, weakness, chills, and coryza.",pneumonia
"The patient presents with sharp chest pain, sore throat, nasal congestion, fever, difficulty breathing, chills, and coryza.",pneumonia
"The patient presents with sore throat, nasal congestion, and difficulty breathing.",pneumonia
"The patient presents with sharp chest pain, sore throat, nasal congestion, weakness, fever, and coryza.",pneumonia
"The patient presents with sore throat, cough, vomiting, weakness, fever, difficulty breathing, chills, and coryza.",pneumonia
"The patient presents with shortness of breath, sharp chest pain, sore throat, cough, wheezing, weakness, and fever.",pneumonia
"The patient presents with shortness of breath, sore throat, nasal congestion, wheezing, weakness, and coryza.",pneumonia
"The patient presents with shortness of breath, cough, wheezing, fever, and coryza.",pneumonia
"The patient presents with sharp chest pain, cough, nasal congestion, wheezing, weakness, and coryza.",pneumonia
"The patient presents with sharp chest pain, sore throat, nasal congestion, and wheezing.",pneumonia
"The patient presents with sharp chest pain, nasal congestion, vomiting, weakness, and fever.",pneumonia
"The patient presents with sharp chest pain, sore throat, vomiting, and difficulty breathing.",pneumonia
"The patient presents with shortness of breath, sore throat, cough, vomiting, difficulty breathing, and coryza.",pneumonia
"The patient presents with shortness of breath, cough, nasal congestion, wheezing, weakness, fever, difficulty breathing, chills, and coryza.",pneumonia
"The patient presents with sharp chest pain, sore throat, wheezing, weakness, fever, and chills.",pneumonia
"The patient presents with sharp chest pain, vomiting, weakness, difficulty breathing, and coryza.",pneumonia
"The patient presents with sore throat, cough, nasal congestion, vomiting, weakness, difficulty breathing, and chills.",pneumonia
"The patient presents with sharp chest pain, sore throat, cough, nasal congestion, weakness, difficulty breathing, and chills.",pneumonia
"The patient presents with cough, wheezing, and chills.",pneumonia
"The patient presents with sharp chest pain, sore throat, nasal congestion, weakness, difficulty breathing, and coryza.",pneumonia
"The patient presents with shortness of breath, cough, vomiting, wheezing, weakness, and fever.",pneumonia
"The patient presents with vomiting, wheezing, weakness, and difficulty breathing.",pneumonia
"The patient presents with sore throat, nasal congestion, vomiting, wheezing, weakness, fever, and chills.",pneumonia
"The patient presents with sore throat, nasal congestion, fever, difficulty breathing, chills, and coryza.",pneumonia
"The patient presents with shortness of breath, sore throat, cough, nasal congestion, wheezing, weakness, difficulty breathing, and chills.",pneumonia
"The patient presents with cough, vomiting, wheezing, weakness, difficulty breathing, and coryza.",pneumonia
"The patient presents with sharp chest pain, sore throat, cough, nasal congestion, vomiting, wheezing, weakness, and fever.",pneumonia
"The patient presents with shortness of breath, sharp chest pain, cough, weakness, fever, chills, and coryza.",pneumonia
"The patient presents with sore throat, cough, nasal congestion, weakness, fever, and chills.",pneumonia
"The patient presents with shortness of breath, cough, and chills.",pneumonia
"The patient presents with sore throat, cough, nasal congestion, vomiting, wheezing, weakness, difficulty breathing, and coryza.",pneumonia
"The patient presents with shortness of breath, sharp chest pain, cough, nasal congestion, vomiting, wheezing, fever, difficulty breathing, and coryza.",pneumonia
"The patient presents with sharp chest pain, sore throat, cough, wheezing, weakness, fever, and difficulty breathing.",pneumonia
"The patient presents with sharp chest pain, sore throat, wheezing, weakness, and coryza.",pneumonia
"The patient presents with shortness of breath, sore throat, cough, nasal congestion, vomiting, weakness, difficulty breathing, and chills.",pneumonia
"The patient presents with vomiting, weakness, fever, and coryza.",pneumonia
"The patient presents with sharp chest pain, cough, nasal congestion, wheezing, fever, difficulty breathing, chills, and coryza.",pneumonia
"The patient presents with sore throat, nasal congestion, vomiting, and difficulty breathing.",pneumonia
"The patient presents with sore throat, nasal congestion, vomiting, wheezing, and chills.",pneumonia
"The patient presents with sharp chest pain, cough, nasal congestion, vomiting, fever, and coryza.",pneumonia
"The patient presents with shortness of breath, difficulty breathing, and coryza.",pneumonia
"The patient presents with shortness of breath, sore throat, fever, difficulty breathing, and chills.",pneumonia
"The patient presents with sharp chest pain, sore throat, fever, difficulty breathing, and coryza.",pneumonia
"The patient presents with nasal congestion, wheezing, and difficulty breathing.",pneumonia
"The patient presents with shortness of breath, sharp chest pain, sore throat, cough, nasal congestion, vomiting, wheezing, chills, and coryza.",pneumonia
"The patient presents with shortness of breath, sharp chest pain, sore throat, cough, nasal congestion, wheezing, weakness, fever, difficulty breathing, chills, and coryza.",pneumonia
"The patient presents with sore throat, cough, vomiting, weakness, difficulty breathing, and coryza.",pneumonia
"The patient presents with sharp chest pain, cough, vomiting, wheezing, fever, difficulty breathing, and chills.",pneumonia
"The patient presents with shortness of breath, wheezing, difficulty breathing, chills, and coryza.",pneumonia
"The patient presents with shortness of breath, nasal congestion, wheezing, weakness, fever, and chills.",pneumonia
"The patient presents with shortness of breath, sharp chest pain, sore throat, wheezing, chills, and coryza.",pneumonia
"The patient presents with sharp chest pain, sore throat, cough, vomiting, wheezing, weakness, fever, and difficulty breathing.",pneumonia
"The patient presents with shortness of breath, sharp chest pain, cough, nasal congestion, fever, difficulty breathing, and chills.",pneumonia
"The patient presents with shortness of breath, sharp chest pain, sore throat, cough, nasal congestion, vomiting, weakness, and coryza.",pneumonia
"The patient presents with sharp chest pain, cough, vomiting, wheezing, chills, and coryza.",pneumonia
"The patient presents with shortness of breath, cough, wheezing, fever, difficulty breathing, and coryza.",pneumonia
"The patient presents with sharp chest pain, sore throat, nasal congestion, wheezing, fever, and difficulty breathing.",pneumonia
"The patient presents with shortness of breath, sharp chest pain, sore throat, cough, nasal congestion, vomiting, wheezing, and coryza.",pneumonia
"The patient presents with shortness of breath, wheezing, fever, and difficulty breathing.",pneumonia
"The patient presents with shortness of breath, nasal congestion, vomiting, wheezing, chills, and coryza.",pneumonia
"The patient presents with shortness of breath, sore throat, cough, wheezing, weakness, difficulty breathing, and chills.",pneumonia
"The patient presents with sharp chest pain, nasal congestion, vomiting, wheezing, weakness, fever, chills, and coryza.",pneumonia
"The patient presents with shortness of breath, sore throat, vomiting, fever, chills, and coryza.",pneumonia
"The patient presents with cough, nasal congestion, weakness, fever, and coryza.",pneumonia
"The patient presents with shortness of breath, vomiting, wheezing, chills, and coryza.",pneumonia
"The patient presents with sharp chest pain, sore throat, cough, nasal congestion, wheezing, weakness, fever, and coryza.",pneumonia
"The patient presents with sore throat, vomiting, fever, chills, and coryza.",pneumonia
"The patient presents with sore throat, nasal congestion, and wheezing.",pneumonia
"The patient presents with nasal congestion, wheezing, weakness, fever, and difficulty breathing.",pneumonia
"The patient presents with sharp chest pain, cough, nasal congestion, vomiting, wheezing, difficulty breathing, and coryza.",pneumonia
"The patient presents with sore throat, vomiting, fever, difficulty breathing, and coryza.",pneumonia
"The patient presents with sharp chest pain, cough, vomiting, weakness, fever, and difficulty breathing.",pneumonia
"The patient presents with shortness of breath, nasal congestion, vomiting, weakness, fever, difficulty breathing, and coryza.",pneumonia
"The patient presents with shortness of breath, sharp chest pain, cough, wheezing, fever, difficulty breathing, chills, and coryza.",pneumonia
"The patient presents with sore throat, vomiting, fever, difficulty breathing, chills, and coryza.",pneumonia
"The patient presents with shortness of breath, cough, vomiting, wheezing, weakness, fever, difficulty breathing, and chills.",pneumonia
"The patient presents with cough, vomiting, wheezing, weakness, and difficulty breathing.",pneumonia
"The patient presents with sore throat, cough, wheezing, chills, and coryza.",pneumonia
"The patient presents with nasal congestion, vomiting, wheezing, weakness, and difficulty breathing.",pneumonia
"The patient presents with sharp chest pain, sore throat, cough, nasal congestion, vomiting, wheezing, weakness, difficulty breathing, chills, and coryza.",pneumonia
"The patient presents with shortness of breath, sharp chest pain, sore throat, nasal congestion, difficulty breathing, and chills.",pneumonia
"The patient presents with sharp chest pain, nasal congestion, vomiting, chills, and coryza.",pneumonia
"The patient presents with sharp chest pain, sore throat, cough, vomiting, wheezing, weakness, fever, and chills.",pneumonia
"The patient presents with sore throat, cough, weakness, and fever.",pneumonia
"The patient presents with sore throat, cough, nasal congestion, vomiting, fever, and chills.",pneumonia
"The patient presents with shortness of breath, sharp chest pain, sore throat, vomiting, wheezing, and fever.",pneumonia
"The patient presents with sharp chest pain, sore throat, wheezing, fever, difficulty breathing, chills, and coryza.",pneumonia
"The patient presents with shortness of breath, sore throat, nasal congestion, wheezing, weakness, difficulty breathing, chills, and coryza.",pneumonia
"The patient presents with sharp chest pain, cough, weakness, and fever.",pneumonia
"The patient presents with sore throat, cough, wheezing, and difficulty breathing.",pneumonia
"The patient presents with shortness of breath, sore throat, cough, fever, and coryza.",pneumonia
"The patient presents with sore throat, nasal congestion, vomiting, difficulty breathing, and chills.",pneumonia
"The patient presents with shortness of breath, sharp chest pain, sore throat, cough, vomiting, wheezing, weakness, fever, chills, and coryza.",pneumonia
"The patient presents with shortness of breath, sharp chest pain, sore throat, cough, nasal congestion, wheezing, weakness, difficulty breathing, and coryza.",pneumonia
"The patient presents with sore throat, cough, wheezing, and weakness.",pneumonia
"The patient presents with shortness of breath, sharp chest pain, nasal congestion, vomiting, wheezing, chills, and coryza.",pneumonia
"The patient presents with cough, nasal congestion, vomiting, fever, and coryza.",pneumonia
"The patient presents with sharp chest pain, cough, nasal congestion, vomiting, wheezing, weakness, and difficulty breathing.",pneumonia
"The patient presents with sore throat, wheezing, weakness, and fever.",pneumonia
"The patient presents with shortness of breath, sharp chest pain, and fever.",pneumonia
The patient presents with shortness of breath and sharp chest pain.,pneumonia
"The patient presents with shortness of breath, sore throat, vomiting, fever, difficulty breathing, and coryza.",pneumonia
"The patient presents with shortness of breath, sharp chest pain, cough, nasal congestion, vomiting, wheezing, weakness, and chills.",pneumonia
"The patient presents with shortness of breath, nasal congestion, weakness, fever, and coryza.",pneumonia
"The patient presents with shortness of breath, nasal congestion, vomiting, and chills.",pneumonia
"The patient presents with cough, nasal congestion, wheezing, fever, chills, and coryza.",pneumonia
"The patient presents with shortness of breath, sharp chest pain, vomiting, wheezing, and coryza.",pneumonia
"The patient presents with shortness of breath, sharp chest pain, nasal congestion, vomiting, wheezing, fever, and chills.",pneumonia
"The patient presents with nasal congestion, vomiting, wheezing, and chills.",pneumonia
"The patient presents with sore throat, cough, nasal congestion, wheezing, weakness, and fever.",pneumonia
"The patient presents with sore throat, cough, vomiting, wheezing, weakness, difficulty breathing, and chills.",pneumonia
"The patient presents with shortness of breath, sore throat, wheezing, weakness, fever, difficulty breathing, and coryza.",pneumonia
"The patient presents with sharp chest pain, cough, nasal congestion, wheezing, weakness, fever, difficulty breathing, and chills.",pneumonia
"The patient presents with shortness of breath, vomiting, wheezing, weakness, fever, and coryza.",pneumonia
"The patient presents with shortness of breath, sharp chest pain, sore throat, nasal congestion, vomiting, wheezing, and chills.",pneumonia
"The patient presents with sore throat, nasal congestion, vomiting, wheezing, weakness, fever, difficulty breathing, and coryza.",pneumonia
"The patient presents with nasal congestion, wheezing, weakness, and coryza.",pneumonia
"The patient presents with sharp chest pain, sore throat, cough, nasal congestion, wheezing, fever, chills, and coryza.",pneumonia
"The patient presents with shortness of breath, sharp chest pain, nasal congestion, vomiting, weakness, fever, and coryza.",pneumonia
"The patient presents with shortness of breath, sore throat, vomiting, and weakness.",pneumonia
"The patient presents with sore throat, cough, nasal congestion, vomiting, and fever.",pneumonia
"The patient presents with shortness of breath, cough, wheezing, weakness, and coryza.",pneumonia
"The patient presents with shortness of breath, sore throat, cough, wheezing, weakness, fever, and difficulty breathing.",pneumonia
"The patient presents with shortness of breath, sharp chest pain, cough, vomiting, wheezing, and difficulty breathing.",pneumonia
"The patient presents with sharp chest pain, sore throat, cough, nasal congestion, wheezing, fever, difficulty breathing, and coryza.",pneumonia
"The patient presents with sore throat, vomiting, weakness, difficulty breathing, and chills.",pneumonia
"The patient presents with cough, nasal congestion, vomiting, wheezing, and chills.",pneumonia
"The patient presents with sharp chest pain, sore throat, cough, wheezing, weakness, and fever.",pneumonia
"The patient presents with shortness of breath, sore throat, cough, nasal congestion, vomiting, weakness, fever, and chills.",pneumonia
"The patient presents with shortness of breath, sore throat, cough, wheezing, weakness, difficulty breathing, and coryza.",pneumonia
"The patient presents with shortness of breath, sharp chest pain, sore throat, nasal congestion, weakness, fever, and difficulty breathing.",pneumonia
"The patient presents with shortness of breath, sharp chest pain, cough, fever, difficulty breathing, and chills.",pneumonia
"The patient presents with shortness of breath, sharp chest pain, sore throat, nasal congestion, wheezing, weakness, and fever.",pneumonia
"The patient presents with cough, nasal congestion, vomiting, and chills.",pneumonia
"The patient presents with shortness of breath, sharp chest pain, cough, nasal congestion, wheezing, weakness, and coryza.",pneumonia
"The patient presents with sharp chest pain, sore throat, cough, wheezing, fever, and coryza.",pneumonia
"The patient presents with nasal congestion, wheezing, weakness, difficulty breathing, and chills.",pneumonia
"The patient presents with vomiting, fever, and difficulty breathing.",pneumonia
"The patient presents with sore throat, nasal congestion, vomiting, wheezing, difficulty breathing, chills, and coryza.",pneumonia
"The patient presents with cough, nasal congestion, vomiting, wheezing, weakness, difficulty breathing, and chills.",pneumonia
"The patient presents with shortness of breath, sore throat, cough, weakness, fever, and chills.",pneumonia
"The patient presents with sharp chest pain, sore throat, vomiting, wheezing, weakness, and coryza.",pneumonia
"The patient presents with shortness of breath, nasal congestion, vomiting, wheezing, fever, and coryza.",pneumonia
"The patient presents with sharp chest pain, sore throat, cough, nasal congestion, wheezing, and fever.",pneumonia
"The patient presents with shortness of breath, sharp chest pain, sore throat, nasal congestion, and weakness.",pneumonia
"The patient presents with shortness of breath, cough, nasal congestion, wheezing, and chills.",pneumonia
"The patient presents with sore throat, nasal congestion, weakness, fever, and coryza.",pneumonia
"The patient presents with shortness of breath, sore throat, wheezing, difficulty breathing, and chills.",pneumonia
"The patient presents with sharp chest pain, cough, nasal congestion, vomiting, wheezing, weakness, chills, and coryza.",pneumonia
"The patient presents with sharp chest pain, sore throat, nasal congestion, and weakness.",pneumonia
"The patient presents with cough, nasal congestion, vomiting, fever, difficulty breathing, chills, and coryza.",pneumonia
"The patient presents with sore throat, cough, nasal congestion, wheezing, chills, and coryza.",pneumonia
"The patient presents with shortness of breath, sharp chest pain, nasal congestion, vomiting, difficulty breathing, chills, and coryza.",pneumonia
"The patient presents with sore throat, vomiting, weakness, and fever.",pneumonia
"The patient presents with shortness of breath, sore throat, cough, weakness, difficulty breathing, chills, and coryza.",pneumonia
"The patient presents with nasal congestion, vomiting, fever, difficulty breathing, and chills.",pneumonia
"The patient presents with sore throat, cough, weakness, fever, and difficulty breathing.",pneumonia
"The patient presents with vomiting, wheezing, weakness, fever, and difficulty breathing.",pneumonia
"The patient presents with shortness of breath, sore throat, cough, nasal congestion, wheezing, and coryza.",pneumonia
"The patient presents with shortness of breath, sore throat, cough, nasal congestion, wheezing, fever, difficulty breathing, chills, and coryza.",pneumonia
"The patient presents with sharp chest pain, cough, nasal congestion, and fever.",pneumonia
"The patient presents with shortness of breath, sharp chest pain, sore throat, cough, nasal congestion, wheezing, weakness, fever, difficulty breathing, and chills.",pneumonia
"The patient presents with cough, nasal congestion, vomiting, wheezing, weakness, and chills.",pneumonia
"The patient presents with shortness of breath, sharp chest pain, cough, vomiting, wheezing, weakness, and coryza.",pneumonia
"The patient presents with shortness of breath, sore throat, cough, nasal congestion, vomiting, wheezing, weakness, fever, and coryza.",pneumonia
"The patient presents with shortness of breath, sharp chest pain, nasal congestion, vomiting, wheezing, weakness, fever, difficulty breathing, and chills.",pneumonia
"The patient presents with sore throat, cough, vomiting, fever, difficulty breathing, and coryza.",pneumonia
"The patient presents with shortness of breath, sore throat, cough, wheezing, chills, and coryza.",pneumonia
"The patient presents with shortness of breath, sore throat, vomiting, wheezing, weakness, and difficulty breathing.",pneumonia
"The patient presents with shortness of breath, sore throat, cough, vomiting, weakness, fever, and chills.",pneumonia
"The patient presents with shortness of breath, wheezing, fever, difficulty breathing, and chills.",pneumonia
"The patient presents with shortness of breath, sore throat, nasal congestion, and wheezing.",pneumonia
"The patient presents with shortness of breath, sore throat, nasal congestion, vomiting, and wheezing.",pneumonia
"The patient presents with shortness of breath, sharp chest pain, sore throat, cough, nasal congestion, vomiting, and coryza.",pneumonia
"The patient presents with sharp chest pain, nasal congestion, vomiting, and chills.",pneumonia
"The patient presents with sore throat, vomiting, wheezing, weakness, chills, and coryza.",pneumonia
"The patient presents with sharp chest pain, cough, vomiting, and chills.",pneumonia
"The patient presents with sore throat, cough, nasal congestion, wheezing, fever, difficulty breathing, chills, and coryza.",pneumonia
"The patient presents with sore throat, cough, wheezing, and fever.",pneumonia
"The patient presents with shortness of breath, sharp chest pain, cough, nasal congestion, vomiting, weakness, and chills.",pneumonia
"The patient presents with sharp chest pain, sore throat, wheezing, and chills.",pneumonia
"The patient presents with sharp chest pain, sore throat, cough, nasal congestion, vomiting, wheezing, weakness, and chills.",pneumonia
"The patient presents with shortness of breath, sharp chest pain, cough, wheezing, fever, difficulty breathing, and coryza.",pneumonia
"The patient presents with nasal congestion, vomiting, wheezing, weakness, difficulty breathing, and coryza.",pneumonia
The patient presents with cough and fever.,pneumonia
"The patient presents with shortness of breath, sharp chest pain, sore throat, cough, nasal congestion, vomiting, weakness, difficulty breathing, chills, and coryza.",pneumonia
"The patient presents with shortness of breath, sore throat, cough, and wheezing.",pneumonia
"The patient presents with sharp chest pain, sore throat, cough, nasal congestion, weakness, fever, and chills.",pneumonia
"The patient presents with sharp chest pain, sore throat, cough, nasal congestion, vomiting, weakness, fever, difficulty breathing, and chills.",pneumonia
"The patient presents with shortness of breath, cough, nasal congestion, vomiting, wheezing, weakness, fever, and chills.",pneumonia
"The patient presents with shortness of breath, sharp chest pain, cough, vomiting, weakness, and difficulty breathing.",pneumonia
"The patient presents with sharp chest pain, cough, nasal congestion, vomiting, wheezing, weakness, and coryza.",pneumonia
"The patient presents with sharp chest pain, sore throat, vomiting, weakness, chills, and coryza.",pneumonia
"The patient presents with shortness of breath, sharp chest pain, sore throat, cough, vomiting, wheezing, weakness, and coryza.",pneumonia
"The patient presents with shortness of breath, cough, vomiting, difficulty breathing, and coryza.",pneumonia
"The patient presents with sore throat, nasal congestion, and vomiting.",pneumonia
"The patient presents with shortness of breath, sharp chest pain, sore throat, cough, vomiting, weakness, and fever.",pneumonia
"The patient presents with cough, wheezing, and weakness.",pneumonia
"The patient presents with wheezing, weakness, difficulty breathing, and chills.",pneumonia
"The patient presents with cough, vomiting, wheezing, chills, and coryza.",pneumonia
"The patient presents with shortness of breath, sharp chest pain, cough, nasal congestion, vomiting, weakness, fever, difficulty breathing, and chills.",pneumonia
"The patient presents with sore throat, vomiting, chills, and coryza.",pneumonia
"The patient presents with sharp chest pain, sore throat, cough, weakness, difficulty breathing, and coryza.",pneumonia
"The patient presents with sore throat, fever, difficulty breathing, chills, and coryza.",pneumonia
"The patient presents with shortness of breath, sharp chest pain, nasal congestion, wheezing, and chills.",pneumonia
"The patient presents with sharp chest pain, sore throat, vomiting, weakness, fever, and difficulty breathing.",pneumonia
"The patient presents with sharp chest pain, cough, wheezing, weakness, fever, difficulty breathing, and coryza.",pneumonia
"The patient presents with sharp chest pain, wheezing, fever, and difficulty breathing.",pneumonia
"The patient presents with sore throat, cough, vomiting, wheezing, and weakness.",pneumonia
"The patient presents with sharp chest pain, sore throat, cough, nasal congestion, vomiting, fever, difficulty breathing, and chills.",pneumonia
"The patient presents with cough, vomiting, weakness, fever, difficulty breathing, and chills.",pneumonia
"The patient presents with shortness of breath, sharp chest pain, nasal congestion, vomiting, fever, and chills.",pneumonia
"The patient presents with sharp chest pain, sore throat, nasal congestion, wheezing, weakness, fever, and coryza.",pneumonia
"The patient presents with sharp chest pain, cough, nasal congestion, and weakness.",pneumonia
"The patient presents with sharp chest pain, nasal congestion, vomiting, wheezing, weakness, fever, difficulty breathing, chills, and coryza.",pneumonia
"The patient presents with shortness of breath, sharp chest pain, cough, nasal congestion, vomiting, fever, and chills.",pneumonia
"The patient presents with sharp chest pain, nasal congestion, wheezing, weakness, and difficulty breathing.",pneumonia
"The patient presents with sharp chest pain, sore throat, vomiting, wheezing, fever, difficulty breathing, and chills.",pneumonia
"The patient presents with shortness of breath, cough, chills, and coryza.",pneumonia
"The patient presents with shortness of breath, sharp chest pain, sore throat, nasal congestion, wheezing, and chills.",pneumonia
"The patient presents with sharp chest pain, sore throat, nasal congestion, fever, difficulty breathing, and coryza.",pneumonia
"The patient presents with shortness of breath, sharp chest pain, sore throat, nasal congestion, fever, chills, and coryza.",pneumonia
"The patient presents with shortness of breath, sharp chest pain, cough, nasal congestion, vomiting, weakness, and difficulty breathing.",pneumonia
"The patient presents with nasal congestion, weakness, difficulty breathing, chills, and coryza.",pneumonia
"The patient presents with shortness of breath, sore throat, vomiting, weakness, fever, difficulty breathing, chills, and coryza.",pneumonia
"The patient presents with wheezing, difficulty breathing, and chills.",pneumonia
"The patient presents with shortness of breath, sharp chest pain, cough, wheezing, weakness, difficulty breathing, chills, and coryza.",pneumonia
"The patient presents with sharp chest pain, cough, vomiting, fever, and chills.",pneumonia
"The patient presents with sore throat, cough, weakness, difficulty breathing, chills, and coryza.",pneumonia
"The patient presents with sharp chest pain, sore throat, fever, chills, and coryza.",pneumonia
"The patient presents with shortness of breath, sore throat, cough, wheezing, and weakness.",pneumonia
"The patient presents with vomiting, wheezing, chills, and coryza.",pneumonia
"The patient presents with shortness of breath, nasal congestion, vomiting, wheezing, weakness, and fever.",pneumonia
"The patient presents with sharp chest pain, sore throat, nasal congestion, vomiting, weakness, and coryza.",pneumonia
"The patient presents with cough, nasal congestion, vomiting, wheezing, chills, and coryza.",pneumonia
"The patient presents with weakness, fever, difficulty breathing, chills, and coryza.",pneumonia
"The patient presents with shortness of breath, nasal congestion, vomiting, weakness, fever, difficulty breathing, chills, and coryza.",pneumonia
"The patient presents with sore throat, nasal congestion, fever, difficulty breathing, and coryza.",pneumonia
"The patient presents with shortness of breath, sharp chest pain, cough, nasal congestion, vomiting, difficulty breathing, and coryza.",pneumonia
"The patient presents with sharp chest pain, vomiting, wheezing, fever, difficulty breathing, and coryza.",pneumonia
"The patient presents with sharp chest pain, cough, vomiting, chills, and coryza.",pneumonia
"The patient presents with nasal congestion, vomiting, wheezing, weakness, fever, difficulty breathing, and chills.",pneumonia
"The patient presents with sore throat, nasal congestion, vomiting, wheezing, chills, and coryza.",pneumonia
"The patient presents with shortness of breath, sharp chest pain, sore throat, wheezing, and weakness.",pneumonia
"The patient presents with shortness of breath, sharp chest pain, sore throat, cough, nasal congestion, vomiting, weakness, fever, difficulty breathing, and coryza.",pneumonia
"The patient presents with sharp chest pain, sore throat, cough, nasal congestion, vomiting, weakness, and fever.",pneumonia
"The patient presents with sharp chest pain, wheezing, fever, and coryza.",pneumonia
"The patient presents with wheezing, difficulty breathing, chills, and coryza.",pneumonia
"The patient presents with shortness of breath, sore throat, cough, nasal congestion, difficulty breathing, chills, and coryza.",pneumonia
"The patient presents with shortness of breath, sore throat, cough, vomiting, weakness, difficulty breathing, chills, and coryza.",pneumonia
"The patient presents with shortness of breath, sharp chest pain, cough, wheezing, fever, and difficulty breathing.",pneumonia
"The patient presents with shortness of breath, sharp chest pain, sore throat, cough, vomiting, weakness, fever, and coryza.",pneumonia
"The patient presents with shortness of breath, sharp chest pain, cough, nasal congestion, vomiting, weakness, fever, difficulty breathing, chills, and coryza.",pneumonia
"The patient presents with sharp chest pain, sore throat, cough, vomiting, weakness, difficulty breathing, and chills.",pneumonia
"The patient presents with sore throat, cough, weakness, fever, difficulty breathing, chills, and coryza.",pneumonia
"The patient presents with sharp chest pain, nasal congestion, and difficulty breathing.",pneumonia
"The patient presents with cough, nasal congestion, vomiting, weakness, difficulty breathing, chills, and coryza.",pneumonia
"The patient presents with sharp chest pain, sore throat, vomiting, wheezing, fever, and chills.",pneumonia
The patient presents with sharp chest pain and difficulty breathing.,pneumonia
"The patient presents with shortness of breath, sharp chest pain, nasal congestion, wheezing, weakness, fever, difficulty breathing, chills, and coryza.",pneumonia
"The patient presents with shortness of breath, sore throat, wheezing, and weakness.",pneumonia
"The patient presents with cough, nasal congestion, vomiting, weakness, fever, difficulty breathing, and coryza.",pneumonia
"The patient presents with sharp chest pain, sore throat, cough, chills, and coryza.",pneumonia
"The patient presents with shortness of breath, sharp chest pain, cough, vomiting, wheezing, weakness, and fever.",pneumonia
"The patient presents with sharp chest pain, sore throat, cough, weakness, and coryza.",pneumonia
"The patient presents with sharp chest pain, sore throat, cough, vomiting, fever, and difficulty breathing.",pneumonia
"The patient presents with sore throat, cough, chills, and coryza.",pneumonia
"The patient presents with sharp chest pain, sore throat, vomiting, fever, difficulty breathing, and chills.",pneumonia
"The patient presents with sharp chest pain, sore throat, nasal congestion, vomiting, weakness, and chills.",pneumonia
"The patient presents with shortness of breath, sharp chest pain, sore throat, cough, wheezing, weakness, fever, difficulty breathing, and chills.",pneumonia
"The patient presents with shortness of breath, sharp chest pain, cough, weakness, and difficulty breathing.",pneumonia
"The patient presents with shortness of breath, sore throat, cough, nasal congestion, vomiting, fever, difficulty breathing, and coryza.",pneumonia
"The patient presents with shortness of breath, sharp chest pain, vomiting, weakness, and coryza.",pneumonia
"The patient presents with shortness of breath, sharp chest pain, sore throat, nasal congestion, weakness, difficulty breathing, and coryza.",pneumonia
"The patient presents with sharp chest pain, sore throat, cough, nasal congestion, wheezing, and difficulty breathing.",pneumonia
"The patient presents with shortness of breath, difficulty breathing, chills, and coryza.",pneumonia
"The patient presents with shortness of breath, sharp chest pain, vomiting, wheezing, weakness, difficulty breathing, chills, and coryza.",pneumonia
"The patient presents with shortness of breath, sore throat, cough, nasal congestion, fever, and coryza.",pneumonia
"The patient presents with shortness of breath, sharp chest pain, nasal congestion, fever, difficulty breathing, chills, and coryza.",pneumonia
"The patient presents with sharp chest pain, cough, vomiting, weakness, fever, and chills.",pneumonia
"The patient presents with shortness of breath, cough, nasal congestion, vomiting, wheezing, weakness, and coryza.",pneumonia
"The patient presents with shortness of breath, sore throat, wheezing, difficulty breathing, chills, and coryza.",pneumonia
"The patient presents with sharp chest pain, sore throat, vomiting, fever, and chills.",pneumonia
"The patient presents with sore throat, weakness, fever, difficulty breathing, chills, and coryza.",pneumonia
"The patient presents with shortness of breath, sharp chest pain, sore throat, and fever.",pneumonia
"The patient presents with shortness of breath, sharp chest pain, cough, vomiting, weakness, difficulty breathing, and chills.",pneumonia
"The patient presents with sharp chest pain, vomiting, wheezing, weakness, chills, and coryza.",pneumonia
"The patient presents with shortness of breath, sharp chest pain, sore throat, vomiting, wheezing, weakness, fever, difficulty breathing, chills, and coryza.",pneumonia
"The patient presents with shortness of breath, sore throat, cough, vomiting, fever, difficulty breathing, chills, and coryza.",pneumonia
"The patient presents with shortness of breath, sharp chest pain, wheezing, and coryza.",pneumonia
"The patient presents with shortness of breath, sore throat, nasal congestion, vomiting, fever, difficulty breathing, chills, and coryza.",pneumonia
"The patient presents with sharp chest pain, sore throat, cough, nasal congestion, weakness, fever, and difficulty breathing.",pneumonia
"The patient presents with shortness of breath, sharp chest pain, sore throat, cough, vomiting, wheezing, weakness, difficulty breathing, chills, and coryza.",pneumonia
"The patient presents with sharp chest pain, nasal congestion, and weakness.",pneumonia
"The patient presents with vomiting, wheezing, fever, difficulty breathing, and coryza.",pneumonia
"The patient presents with shortness of breath, sharp chest pain, sore throat, cough, nasal congestion, fever, difficulty breathing, chills, and coryza.",pneumonia
"The patient presents with shortness of breath, sore throat, cough, wheezing, weakness, fever, and coryza.",pneumonia
"The patient presents with sharp chest pain, nasal congestion, vomiting, and fever.",pneumonia
"The patient presents with sharp chest pain, cough, weakness, and coryza.",pneumonia
"The patient presents with shortness of breath, sharp chest pain, cough, nasal congestion, wheezing, weakness, fever, difficulty breathing, and chills.",pneumonia
"The patient presents with sharp chest pain, sore throat, cough, nasal congestion, vomiting, and coryza.",pneumonia
"The patient presents with shortness of breath, sore throat, cough, nasal congestion, wheezing, weakness, and coryza.",pneumonia
"The patient presents with shortness of breath, sharp chest pain, sore throat, nasal congestion, vomiting, weakness, difficulty breathing, and coryza.",pneumonia
"The patient presents with shortness of breath, cough, wheezing, fever, difficulty breathing, chills, and coryza.",pneumonia
"The patient presents with sharp chest pain, nasal congestion, vomiting, wheezing, weakness, fever, and difficulty breathing.",pneumonia
"The patient presents with shortness of breath, sore throat, nasal congestion, wheezing, and weakness.",pneumonia
"The patient presents with sharp chest pain, sore throat, cough, nasal congestion, weakness, fever, difficulty breathing, and coryza.",pneumonia
"The patient presents with shortness of breath, cough, vomiting, fever, and coryza.",pneumonia
"The patient presents with cough, nasal congestion, vomiting, wheezing, difficulty breathing, and chills.",pneumonia
"The patient presents with wheezing, weakness, fever, difficulty breathing, and chills.",pneumonia
"The patient presents with shortness of breath, sharp chest pain, sore throat, nasal congestion, vomiting, and chills.",pneumonia
"The patient presents with sharp chest pain, wheezing, fever, and chills.",pneumonia
"The patient presents with shortness of breath, sore throat, cough, vomiting, wheezing, and weakness.",pneumonia
"The patient presents with shortness of breath, sharp chest pain, sore throat, nasal congestion, vomiting, wheezing, weakness, fever, chills, and coryza.",pneumonia
"The patient presents with shortness of breath, sore throat, vomiting, wheezing, difficulty breathing, and chills.",pneumonia
"The patient presents with shortness of breath, sharp chest pain, cough, and difficulty breathing.",pneumonia
"The patient presents with sharp chest pain, cough, vomiting, and wheezing.",pneumonia
"The patient presents with sharp chest pain, nasal congestion, vomiting, difficulty breathing, and chills.",pneumonia
"The patient presents with sharp chest pain, nasal congestion, vomiting, wheezing, fever, chills, and coryza.",pneumonia
"The patient presents with sharp chest pain, sore throat, vomiting, difficulty breathing, and chills.",pneumonia
"The patient presents with sharp chest pain, vomiting, fever, and coryza.",pneumonia
"The patient presents with nasal congestion, vomiting, weakness, fever, difficulty breathing, chills, and coryza.",pneumonia
"The patient presents with cough, nasal congestion, weakness, and difficulty breathing.",pneumonia
"The patient presents with shortness of breath, sharp chest pain, nasal congestion, vomiting, fever, difficulty breathing, and chills.",pneumonia
"The patient presents with cough, nasal congestion, vomiting, weakness, fever, chills, and coryza.",pneumonia
"The patient presents with cough, vomiting, wheezing, weakness, fever, chills, and coryza.",pneumonia
"The patient presents with sore throat, nasal congestion, vomiting, weakness, and chills.",pneumonia
"The patient presents with sore throat, vomiting, wheezing, and coryza.",pneumonia
"The patient presents with shortness of breath, cough, vomiting, wheezing, weakness, chills, and coryza.",pneumonia
"The patient presents with cough, vomiting, weakness, fever, and chills.",pneumonia
"The patient presents with shortness of breath, sore throat, vomiting, wheezing, weakness, difficulty breathing, and coryza.",pneumonia
"The patient presents with shortness of breath, sharp chest pain, sore throat, cough, wheezing, weakness, fever, and chills.",pneumonia
"The patient presents with cough, vomiting, fever, difficulty breathing, and chills.",pneumonia
"The patient presents with shortness of breath, cough, nasal congestion, and fever.",pneumonia
"The patient presents with nasal congestion, difficulty breathing, chills, and coryza.",pneumonia
"The patient presents with sore throat, cough, wheezing, fever, and coryza.",pneumonia
The patient presents with nasal congestion and difficulty breathing.,pneumonia
"The patient presents with sharp chest pain, nasal congestion, vomiting, weakness, fever, and chills.",pneumonia
"The patient presents with sharp chest pain, vomiting, weakness, fever, difficulty breathing, chills, and coryza.",pneumonia
"The patient presents with sharp chest pain, sore throat, vomiting, wheezing, difficulty breathing, and coryza.",pneumonia
"The patient presents with sharp chest pain, cough, nasal congestion, vomiting, weakness, and coryza.",pneumonia
"The patient presents with shortness of breath, sharp chest pain, cough, nasal congestion, vomiting, difficulty breathing, and chills.",pneumonia
"The patient presents with shortness of breath, sharp chest pain, sore throat, nasal congestion, wheezing, weakness, chills, and coryza.",pneumonia
"The patient presents with shortness of breath, nasal congestion, and weakness.",pneumonia
"The patient presents with shortness of breath, sharp chest pain, vomiting, fever, difficulty breathing, chills, and coryza.",pneumonia
"The patient presents with sharp chest pain, sore throat, cough, nasal congestion, wheezing, weakness, fever, difficulty breathing, chills, and coryza.",pneumonia
"The patient presents with sharp chest pain, sore throat, cough, nasal congestion, weakness, fever, chills, and coryza.",pneumonia
"The patient presents with cough, nasal congestion, wheezing, weakness, and fever.",pneumonia
"The patient presents with sharp chest pain, vomiting, weakness, difficulty breathing, and chills.",pneumonia
"The patient presents with sharp chest pain, cough, vomiting, fever, and difficulty breathing.",pneumonia
"The patient presents with shortness of breath, sharp chest pain, cough, nasal congestion, and chills.",pneumonia
"The patient presents with shortness of breath, sore throat, nasal congestion, vomiting, wheezing, weakness, fever, difficulty breathing, and chills.",pneumonia
"The patient presents with sharp chest pain, cough, vomiting, wheezing, difficulty breathing, and coryza.",pneumonia
"The patient presents with nasal congestion, wheezing, weakness, fever, difficulty breathing, and coryza.",pneumonia
"The patient presents with shortness of breath, sharp chest pain, cough, weakness, fever, and coryza.",pneumonia
"The patient presents with sharp chest pain, vomiting, wheezing, and coryza.",pneumonia
"The patient presents with sharp chest pain, cough, nasal congestion, wheezing, fever, and difficulty breathing.",pneumonia
"The patient presents with shortness of breath, sharp chest pain, sore throat, wheezing, weakness, difficulty breathing, and coryza.",pneumonia
"The patient presents with shortness of breath, sharp chest pain, and weakness.",pneumonia
"The patient presents with shortness of breath, sore throat, cough, nasal congestion, vomiting, wheezing, weakness, and fever.",pneumonia
"The patient presents with shortness of breath, sore throat, cough, nasal congestion, wheezing, fever, and chills.",pneumonia
"The patient presents with sharp chest pain, nasal congestion, wheezing, weakness, and coryza.",pneumonia
"The patient presents with shortness of breath, sore throat, nasal congestion, difficulty breathing, and coryza.",pneumonia
"The patient presents with shortness of breath, sore throat, cough, nasal congestion, weakness, chills, and coryza.",pneumonia
"The patient presents with sharp chest pain, cough, wheezing, and chills.",pneumonia
"The patient presents with sharp chest pain, sore throat, nasal congestion, wheezing, and coryza.",pneumonia
"The patient presents with shortness of breath, sharp chest pain, sore throat, nasal congestion, wheezing, difficulty breathing, and coryza.",pneumonia
"The patient presents with shortness of breath, sharp chest pain, sore throat, nasal congestion, vomiting, difficulty breathing, and coryza.",pneumonia
"The patient presents with shortness of breath, cough, weakness, difficulty breathing, and chills.",pneumonia
"The patient presents with shortness of breath, sharp chest pain, sore throat, cough, vomiting, wheezing, weakness, difficulty breathing, and coryza.",pneumonia
"The patient presents with sharp chest pain, sore throat, vomiting, wheezing, fever, difficulty breathing, chills, and coryza.",pneumonia
"The patient presents with shortness of breath, sharp chest pain, cough, vomiting, weakness, fever, and coryza.",pneumonia
"The patient presents with shortness of breath, sharp chest pain, sore throat, vomiting, weakness, fever, and chills.",pneumonia
"The patient presents with sore throat, wheezing, weakness, difficulty breathing, and coryza.",pneumonia
"The patient presents with sore throat, cough, nasal congestion, and difficulty breathing.",pneumonia
"The patient presents with shortness of breath, sore throat, nasal congestion, vomiting, weakness, chills, and coryza.",pneumonia
"The patient presents with cough, vomiting, wheezing, difficulty breathing, and coryza.",pneumonia
"The patient presents with sharp chest pain, sore throat, cough, vomiting, wheezing, and weakness.",pneumonia
"The patient presents with sharp chest pain, sore throat, cough, nasal congestion, wheezing, weakness, and chills.",pneumonia
"The patient presents with sharp chest pain, sore throat, vomiting, weakness, fever, chills, and coryza.",pneumonia
"The patient presents with shortness of breath, sharp chest pain, cough, nasal congestion, wheezing, fever, chills, and coryza.",pneumonia
"The patient presents with sharp chest pain, cough, weakness, and chills.",pneumonia
"The patient presents with shortness of breath, sharp chest pain, sore throat, vomiting, wheezing, weakness, difficulty breathing, and coryza.",pneumonia
"The patient presents with shortness of breath, wheezing, and coryza.",pneumonia
"The patient presents with shortness of breath, cough, nasal congestion, wheezing, weakness, fever, difficulty breathing, and chills.",pneumonia
"The patient presents with shortness of breath, sharp chest pain, sore throat, cough, wheezing, and coryza.",pneumonia
"The patient presents with shortness of breath, sharp chest pain, cough, wheezing, difficulty breathing, and chills.",pneumonia
"The patient presents with shortness of breath, sore throat, nasal congestion, difficulty breathing, and chills.",pneumonia
"The patient presents with shortness of breath, sore throat, vomiting, wheezing, weakness, and coryza.",pneumonia
"The patient presents with shortness of breath, sharp chest pain, cough, nasal congestion, vomiting, wheezing, weakness, chills, and coryza.",pneumonia
"The patient presents with shortness of breath, nasal congestion, vomiting, weakness, fever, and coryza.",pneumonia
"The patient presents with shortness of breath, fever, difficulty breathing, and coryza.",pneumonia
"The patient presents with wheezing, weakness, difficulty breathing, and coryza.",pneumonia
"The patient presents with sore throat, cough, vomiting, wheezing, and coryza.",pneumonia
"The patient presents with shortness of breath, sore throat, nasal congestion, wheezing, fever, chills, and coryza.",pneumonia
"The patient presents with wheezing, fever, and chills.",pneumonia
"The patient presents with shortness of breath, nasal congestion, vomiting, weakness, and coryza.",pneumonia
"The patient presents with sharp chest pain, weakness, and chills.",pneumonia
"The patient presents with sharp chest pain, sore throat, cough, vomiting, and wheezing.",pneumonia
"The patient presents with shortness of breath, sore throat, nasal congestion, wheezing, weakness, difficulty breathing, and chills.",pneumonia
"The patient presents with nasal congestion, weakness, and fever.",pneumonia
"The patient presents with sharp chest pain, sore throat, cough, nasal congestion, fever, and difficulty breathing.",pneumonia
"The patient presents with shortness of breath, sharp chest pain, sore throat, cough, nasal congestion, vomiting, weakness, fever, and coryza.",pneumonia
"The patient presents with sore throat, nasal congestion, fever, and coryza.",pneumonia
"The patient presents with sore throat, cough, wheezing, weakness, and difficulty breathing.",pneumonia
"The patient presents with shortness of breath, sharp chest pain, sore throat, cough, vomiting, weakness, fever, and chills.",pneumonia
"The patient presents with shortness of breath, sharp chest pain, sore throat, nasal congestion, weakness, fever, and coryza.",pneumonia
"The patient presents with sharp chest pain, sore throat, cough, nasal congestion, difficulty breathing, chills, and coryza.",pneumonia
"The patient presents with shortness of breath, fever, difficulty breathing, chills, and coryza.",pneumonia
"The patient presents with sore throat, cough, nasal congestion, weakness, and difficulty breathing.",pneumonia
"The patient presents with shortness of breath, sore throat, cough, nasal congestion, vomiting, weakness, fever, difficulty breathing, chills, and coryza.",pneumonia
"The patient presents with shortness of breath, nasal congestion, fever, and chills.",pneumonia
"The patient presents with sharp chest pain, sore throat, nasal congestion, vomiting, wheezing, fever, and chills.",pneumonia
"The patient presents with shortness of breath, sore throat, nasal congestion, wheezing, weakness, fever, difficulty breathing, chills, and coryza.",pneumonia
"The patient presents with sharp chest pain, sore throat, nasal congestion, wheezing, difficulty breathing, chills, and coryza.",pneumonia
"The patient presents with shortness of breath, sharp chest pain, sore throat, cough, nasal congestion, vomiting, and weakness.",pneumonia
"The patient presents with sore throat, nasal congestion, fever, difficulty breathing, and chills.",pneumonia
"The patient presents with sharp chest pain, nasal congestion, fever, and coryza.",pneumonia
"The patient presents with cough, vomiting, wheezing, difficulty breathing, and chills.",pneumonia
"The patient presents with shortness of breath, cough, nasal congestion, wheezing, and fever.",pneumonia
"The patient presents with shortness of breath, sharp chest pain, sore throat, vomiting, wheezing, fever, chills, and coryza.",pneumonia
"The patient presents with sharp chest pain, cough, weakness, fever, and coryza.",pneumonia
"The patient presents with shortness of breath, cough, nasal congestion, vomiting, weakness, fever, and difficulty breathing.",pneumonia
"The patient presents with shortness of breath, sharp chest pain, wheezing, weakness, chills, and coryza.",pneumonia
"The patient presents with sharp chest pain, sore throat, and cough.",pneumonia
"The patient presents with cough, vomiting, fever, difficulty breathing, chills, and coryza.",pneumonia
"The patient presents with shortness of breath, sharp chest pain, vomiting, fever, difficulty breathing, and coryza.",pneumonia
"The patient presents with shortness of breath, nasal congestion, vomiting, wheezing, and coryza.",pneumonia
"The patient presents with sore throat, cough, nasal congestion, vomiting, wheezing, and coryza.",pneumonia
"The patient presents with cough, nasal congestion, wheezing, and difficulty breathing.",pneumonia
"The patient presents with shortness of breath, cough, vomiting, and weakness.",pneumonia
"The patient presents with shortness of breath, sharp chest pain, sore throat, cough, fever, difficulty breathing, and coryza.",pneumonia
"The patient presents with cough, wheezing, weakness, fever, and difficulty breathing.",pneumonia
"The patient presents with sharp chest pain, vomiting, wheezing, and difficulty breathing.",pneumonia
"The patient presents with cough, nasal congestion, vomiting, wheezing, weakness, difficulty breathing, and coryza.",pneumonia
"The patient presents with vomiting, wheezing, and difficulty breathing.",pneumonia
"The patient presents with shortness of breath, sharp chest pain, cough, vomiting, weakness, chills, and coryza.",pneumonia
"The patient presents with shortness of breath, sore throat, cough, nasal congestion, vomiting, fever, difficulty breathing, chills, and coryza.",pneumonia
"The patient presents with sharp chest pain, wheezing, weakness, and difficulty breathing.",pneumonia
"The patient presents with nasal congestion, vomiting, wheezing, fever, and chills.",pneumonia
"The patient presents with sore throat, fever, and chills.",pneumonia
"The patient presents with sharp chest pain, vomiting, and weakness.",pneumonia
"The patient presents with nasal congestion, vomiting, weakness, fever, difficulty breathing, and chills.",pneumonia
"The patient presents with vomiting, wheezing, weakness, fever, and chills.",pneumonia
"The patient presents with shortness of breath, sharp chest pain, sore throat, cough, nasal congestion, vomiting, wheezing, fever, and chills.",pneumonia
"The patient presents with sharp chest pain, sore throat, vomiting, and weakness.",pneumonia
"The patient presents with shortness of breath, sharp chest pain, cough, vomiting, fever, and coryza.",pneumonia
"The patient presents with shortness of breath, cough, nasal congestion, vomiting, fever, chills, and coryza.",pneumonia
"The patient presents with shortness of breath, sore throat, nasal congestion, vomiting, weakness, difficulty breathing, and chills.",pneumonia
"The patient presents with sore throat, vomiting, weakness, and difficulty breathing.",pneumonia
"The patient presents with shortness of breath, sharp chest pain, sore throat, cough, wheezing, weakness, fever, and coryza.",pneumonia
"The patient presents with shortness of breath, nasal congestion, vomiting, fever, chills, and coryza.",pneumonia
"The patient presents with shortness of breath, sharp chest pain, sore throat, cough, nasal congestion, and fever.",pneumonia
"The patient presents with sore throat, nasal congestion, vomiting, fever, difficulty breathing, chills, and coryza.",pneumonia
"The patient presents with cough, vomiting, and weakness.",pneumonia
"The patient presents with shortness of breath, sharp chest pain, vomiting, wheezing, fever, difficulty breathing, and chills.",pneumonia
"The patient presents with shortness of breath, sore throat, vomiting, wheezing, and chills.",pneumonia
"The patient presents with sharp chest pain, sore throat, cough, nasal congestion, weakness, difficulty breathing, and coryza.",pneumonia
"The patient presents with shortness of breath, sharp chest pain, wheezing, fever, and coryza.",pneumonia
"The patient presents with shortness of breath, sore throat, nasal congestion, fever, and coryza.",pneumonia
"The patient presents with cough, nasal congestion, vomiting, wheezing, weakness, fever, and difficulty breathing.",pneumonia
"The patient presents with sore throat, nasal congestion, vomiting, wheezing, weakness, and chills.",pneumonia
"The patient presents with sharp chest pain, sore throat, nasal congestion, vomiting, and weakness.",pneumonia
"The patient presents with shortness of breath, sharp chest pain, nasal congestion, vomiting, wheezing, difficulty breathing, chills, and coryza.",pneumonia
"The patient presents with shortness of breath, cough, nasal congestion, vomiting, and coryza.",pneumonia
"The patient presents with shortness of breath, sharp chest pain, vomiting, wheezing, weakness, fever, and difficulty breathing.",pneumonia
"The patient presents with sore throat, nasal congestion, wheezing, weakness, and difficulty breathing.",pneumonia
"The patient presents with shortness of breath, sharp chest pain, sore throat, nasal congestion, vomiting, chills, and coryza.",pneumonia
"The patient presents with shortness of breath, wheezing, fever, and chills.",pneumonia
"The patient presents with shortness of breath, sore throat, nasal congestion, weakness, fever, difficulty breathing, and chills.",pneumonia
"The patient presents with sharp chest pain, sore throat, cough, wheezing, weakness, and difficulty breathing.",pneumonia
"The patient presents with sharp chest pain, sore throat, cough, vomiting, wheezing, weakness, difficulty breathing, and chills.",pneumonia
"The patient presents with sore throat, weakness, chills, and coryza.",pneumonia
"The patient presents with shortness of breath, cough, nasal congestion, vomiting, weakness, fever, chills, and coryza.",pneumonia
"The patient presents with sharp chest pain, nasal congestion, vomiting, wheezing, and difficulty breathing.",pneumonia
"The patient presents with shortness of breath, sore throat, cough, weakness, chills, and coryza.",pneumonia
"The patient presents with vomiting, wheezing, weakness, fever, difficulty breathing, chills, and coryza.",pneumonia
"The patient presents with cough, nasal congestion, and vomiting.",pneumonia
"The patient presents with shortness of breath, sharp chest pain, sore throat, nasal congestion, wheezing, fever, difficulty breathing, and chills.",pneumonia
"The patient presents with sharp chest pain, sore throat, vomiting, wheezing, difficulty breathing, and chills.",pneumonia
"The patient presents with shortness of breath, cough, vomiting, weakness, difficulty breathing, chills, and coryza.",pneumonia
"The patient presents with shortness of breath, sharp chest pain, nasal congestion, difficulty breathing, and coryza.",pneumonia
"The patient presents with sore throat, vomiting, weakness, difficulty breathing, chills, and coryza.",pneumonia
"The patient presents with shortness of breath, sharp chest pain, sore throat, nasal congestion, wheezing, and fever.",pneumonia
"The patient presents with sore throat, cough, nasal congestion, wheezing, weakness, fever, chills, and coryza.",pneumonia
"The patient presents with shortness of breath, sharp chest pain, weakness, chills, and coryza.",pneumonia
"The patient presents with sore throat, cough, nasal congestion, vomiting, weakness, fever, difficulty breathing, and chills.",pneumonia
"The patient presents with shortness of breath, wheezing, weakness, fever, and difficulty breathing.",pneumonia
"The patient presents with shortness of breath, sharp chest pain, nasal congestion, vomiting, and difficulty breathing.",pneumonia
"The patient presents with sharp chest pain, sore throat, nasal congestion, weakness, fever, difficulty breathing, and chills.",pneumonia
"The patient presents with sharp chest pain, cough, nasal congestion, weakness, fever, difficulty breathing, chills, and coryza.",pneumonia
"The patient presents with shortness of breath, cough, nasal congestion, vomiting, weakness, difficulty breathing, chills, and coryza.",pneumonia
"The patient presents with sharp chest pain, cough, vomiting, weakness, fever, difficulty breathing, and coryza.",pneumonia
"The patient presents with shortness of breath, cough, nasal congestion, wheezing, weakness, chills, and coryza.",pneumonia
"The patient presents with sharp chest pain, nasal congestion, weakness, fever, difficulty breathing, and coryza.",pneumonia
"The patient presents with shortness of breath, wheezing, and difficulty breathing.",pneumonia
"The patient presents with shortness of breath, sharp chest pain, nasal congestion, wheezing, weakness, fever, chills, and coryza.",pneumonia
"The patient presents with shortness of breath, sharp chest pain, sore throat, cough, and coryza.",pneumonia
"The patient presents with shortness of breath, sharp chest pain, nasal congestion, vomiting, difficulty breathing, and chills.",pneumonia
"The patient presents with nasal congestion, wheezing, difficulty breathing, chills, and coryza.",pneumonia
"The patient presents with sharp chest pain, cough, nasal congestion, wheezing, fever, and coryza.",pneumonia
"The patient presents with vomiting, fever, and coryza.",pneumonia
"The patient presents with cough, vomiting, wheezing, fever, difficulty breathing, and coryza.",pneumonia
"The patient presents with sharp chest pain, sore throat, nasal congestion, fever, and chills.",pneumonia
"The patient presents with shortness of breath, sharp chest pain, sore throat, vomiting, difficulty breathing, chills, and coryza.",pneumonia
"The patient presents with sore throat, vomiting, weakness, fever, and chills.",pneumonia
"The patient presents with shortness of breath, sore throat, cough, vomiting, fever, and difficulty breathing.",pneumonia
"The patient presents with shortness of breath, cough, vomiting, wheezing, and difficulty breathing.",pneumonia
"The patient presents with shortness of breath, sore throat, vomiting, wheezing, and fever.",pneumonia
"The patient presents with shortness of breath, cough, wheezing, weakness, and difficulty breathing.",pneumonia
"The patient presents with sharp chest pain, sore throat, cough, vomiting, weakness, and coryza.",pneumonia
"The patient presents with shortness of breath, sharp chest pain, sore throat, nasal congestion, vomiting, wheezing, weakness, chills, and coryza.",pneumonia
"The patient presents with shortness of breath, sharp chest pain, sore throat, cough, vomiting, wheezing, weakness, and difficulty breathing.",pneumonia
"The patient presents with shortness of breath, sharp chest pain, nasal congestion, vomiting, wheezing, fever, and difficulty breathing.",pneumonia
"The patient presents with sharp chest pain, sore throat, nasal congestion, vomiting, wheezing, and fever.",pneumonia
"The patient presents with weakness, fever, and chills.",pneumonia
"The patient presents with sore throat, weakness, fever, and coryza.",pneumonia
"The patient presents with shortness of breath, nasal congestion, vomiting, wheezing, weakness, difficulty breathing, and coryza.",pneumonia
"The patient presents with sore throat, nasal congestion, wheezing, weakness, and chills.",pneumonia
"The patient presents with sore throat, nasal congestion, vomiting, difficulty breathing, and coryza.",pneumonia
"The patient presents with shortness of breath, cough, nasal congestion, vomiting, wheezing, weakness, difficulty breathing, chills, and coryza.",pneumonia
"The patient presents with shortness of breath, cough, nasal congestion, vomiting, wheezing, fever, difficulty breathing, chills, and coryza.",pneumonia
"The patient presents with shortness of breath, cough, nasal congestion, fever, and difficulty breathing.",pneumonia
"The patient presents with sharp chest pain, cough, nasal congestion, vomiting, wheezing, fever, difficulty breathing, and coryza.",pneumonia
"The patient presents with cough, vomiting, wheezing, weakness, fever, and chills.",pneumonia
"The patient presents with shortness of breath, sore throat, cough, nasal congestion, vomiting, wheezing, difficulty breathing, and coryza.",pneumonia
"The patient presents with shortness of breath, sore throat, weakness, fever, and difficulty breathing.",pneumonia
"The patient presents with shortness of breath, vomiting, wheezing, weakness, difficulty breathing, chills, and coryza.",pneumonia
"The patient presents with sharp chest pain, sore throat, cough, vomiting, wheezing, weakness, and coryza.",pneumonia
"The patient presents with sore throat, difficulty breathing, chills, and coryza.",pneumonia
"The patient presents with sharp chest pain, sore throat, cough, and nasal congestion.",pneumonia
"The patient presents with shortness of breath, sore throat, and nasal congestion.",pneumonia
"The patient presents with shortness of breath, sharp chest pain, cough, nasal congestion, vomiting, fever, difficulty breathing, chills, and coryza.",pneumonia
"The patient presents with shortness of breath, sharp chest pain, wheezing, weakness, and chills.",pneumonia
"The patient presents with shortness of breath, sharp chest pain, sore throat, cough, nasal congestion, wheezing, fever, chills, and coryza.",pneumonia
"The patient presents with wheezing, weakness, fever, difficulty breathing, and coryza.",pneumonia
"The patient presents with shortness of breath, sore throat, cough, nasal congestion, wheezing, weakness, fever, and chills.",pneumonia
"The patient presents with shortness of breath, sore throat, vomiting, and fever.",pneumonia
"The patient presents with shortness of breath, sharp chest pain, cough, nasal congestion, vomiting, wheezing, weakness, fever, chills, and coryza.",pneumonia
"The patient presents with sharp chest pain, sore throat, cough, nasal congestion, vomiting, fever, difficulty breathing, chills, and coryza.",pneumonia
"The patient presents with shortness of breath, nasal congestion, vomiting, wheezing, difficulty breathing, and chills.",pneumonia
"The patient presents with shortness of breath, cough, weakness, fever, and chills.",pneumonia
"The patient presents with shortness of breath, sharp chest pain, sore throat, vomiting, fever, chills, and coryza.",pneumonia
"The patient presents with shortness of breath, cough, vomiting, wheezing, fever, and coryza.",pneumonia
"The patient presents with shortness of breath, vomiting, wheezing, difficulty breathing, and coryza.",pneumonia
"The patient presents with shortness of breath, sharp chest pain, sore throat, cough, vomiting, wheezing, weakness, fever, and difficulty breathing.",pneumonia
"The patient presents with nasal congestion, vomiting, weakness, fever, and chills.",pneumonia
"The patient presents with shortness of breath, vomiting, weakness, fever, difficulty breathing, and coryza.",pneumonia
"The patient presents with shortness of breath, wheezing, and chills.",pneumonia
"The patient presents with sore throat, vomiting, weakness, fever, difficulty breathing, chills, and coryza.",pneumonia
"The patient presents with sharp chest pain, sore throat, cough, weakness, fever, difficulty breathing, and chills.",pneumonia
"The patient presents with sharp chest pain, sore throat, cough, vomiting, wheezing, fever, and difficulty breathing.",pneumonia
"The patient presents with shortness of breath, sharp chest pain, sore throat, cough, nasal congestion, vomiting, and wheezing.",pneumonia
"The patient presents with sharp chest pain, weakness, fever, and difficulty breathing.",pneumonia
"The patient presents with sharp chest pain, cough, nasal congestion, wheezing, weakness, difficulty breathing, and chills.",pneumonia
"The patient presents with cough, nasal congestion, fever, difficulty breathing, and coryza.",pneumonia
"The patient presents with sharp chest pain, cough, nasal congestion, vomiting, wheezing, weakness, and fever.",pneumonia
"The patient presents with sore throat, cough, nasal congestion, vomiting, difficulty breathing, chills, and coryza.",pneumonia
"The patient presents with cough, nasal congestion, vomiting, and weakness.",pneumonia
"The patient presents with nasal congestion, vomiting, wheezing, fever, and difficulty breathing.",pneumonia
"The patient presents with sore throat, wheezing, fever, chills, and coryza.",pneumonia
"The patient presents with shortness of breath, sore throat, cough, vomiting, weakness, difficulty breathing, and coryza.",pneumonia
"The patient presents with shortness of breath, sharp chest pain, cough, wheezing, fever, and chills.",pneumonia
"The patient presents with sore throat, cough, vomiting, weakness, fever, and difficulty breathing.",pneumonia
"The patient presents with shortness of breath, nasal congestion, vomiting, weakness, fever, and difficulty breathing.",pneumonia
The patient presents with sharp chest pain and cough.,pneumonia
"The patient presents with sharp chest pain, wheezing, difficulty breathing, chills, and coryza.",pneumonia
"The patient presents with sore throat, cough, vomiting, difficulty breathing, and coryza.",pneumonia
"The patient presents with shortness of breath, sharp chest pain, cough, wheezing, fever, and coryza.",pneumonia
"The patient presents with shortness of breath, sharp chest pain, sore throat, cough, difficulty breathing, and chills.",pneumonia
"The patient presents with sharp chest pain, nasal congestion, fever, difficulty breathing, chills, and coryza.",pneumonia
"The patient presents with shortness of breath, sore throat, and wheezing.",pneumonia
"The patient presents with sore throat, cough, wheezing, weakness, fever, difficulty breathing, and chills.",pneumonia
"The patient presents with shortness of breath, sharp chest pain, nasal congestion, vomiting, wheezing, fever, difficulty breathing, and chills.",pneumonia
"The patient presents with nasal congestion, vomiting, wheezing, weakness, fever, chills, and coryza.",pneumonia
"The patient presents with sharp chest pain, cough, wheezing, weakness, difficulty breathing, chills, and coryza.",pneumonia
"The patient presents with nasal congestion, vomiting, weakness, difficulty breathing, and chills.",pneumonia
"The patient presents with sharp chest pain, sore throat, cough, vomiting, fever, difficulty breathing, and coryza.",pneumonia
"The patient presents with shortness of breath, cough, nasal congestion, weakness, fever, difficulty breathing, chills, and coryza.",pneumonia
"The patient presents with shortness of breath, sharp chest pain, sore throat, cough, vomiting, difficulty breathing, chills, and coryza.",pneumonia
"The patient presents with sharp chest pain, sore throat, nasal congestion, fever, and coryza.",pneumonia
"The patient presents with shortness of breath, sharp chest pain, sore throat, nasal congestion, chills, and coryza.",pneumonia
"The patient presents with sharp chest pain, sore throat, cough, nasal congestion, vomiting, weakness, and coryza.",pneumonia
"The patient presents with shortness of breath, sharp chest pain, sore throat, nasal congestion, weakness, and difficulty breathing.",pneumonia
"The patient presents with cough, nasal congestion, vomiting, wheezing, weakness, fever, difficulty breathing, and chills.",pneumonia
"The patient presents with shortness of breath, sharp chest pain, sore throat, fever, difficulty breathing, and coryza.",pneumonia
"The patient presents with sharp chest pain, nasal congestion, wheezing, difficulty breathing, and chills.",pneumonia
"The patient presents with shortness of breath, sharp chest pain, nasal congestion, vomiting, wheezing, and coryza.",pneumonia
"The patient presents with sharp chest pain, sore throat, cough, vomiting, weakness, fever, and chills.",pneumonia
"The patient presents with shortness of breath, nasal congestion, fever, difficulty breathing, and coryza.",pneumonia
"The patient presents with shortness of breath, sharp chest pain, sore throat, cough, nasal congestion, vomiting, wheezing, and difficulty breathing.",pneumonia
"The patient presents with sharp chest pain, sore throat, cough, nasal congestion, vomiting, wheezing, fever, difficulty breathing, and coryza.",pneumonia
"The patient presents with sore throat, cough, wheezing, weakness, fever, chills, and coryza.",pneumonia
"The patient presents with sharp chest pain, cough, nasal congestion, and wheezing.",pneumonia
"The patient presents with sore throat, cough, nasal congestion, vomiting, wheezing, fever, and chills.",pneumonia
"The patient presents with wheezing, weakness, and difficulty breathing.",pneumonia
"The patient presents with vomiting, wheezing, fever, and coryza.",pneumonia
"The patient presents with shortness of breath, sharp chest pain, cough, nasal congestion, weakness, fever, and coryza.",pneumonia
"The patient presents with sore throat, cough, nasal congestion, vomiting, weakness, fever, difficulty breathing, and coryza.",pneumonia
"The patient presents with sharp chest pain, sore throat, cough, nasal congestion, vomiting, wheezing, weakness, fever, difficulty breathing, and chills.",pneumonia
"The patient presents with shortness of breath, sore throat, cough, vomiting, wheezing, weakness, and difficulty breathing.",pneumonia
"The patient presents with cough, weakness, fever, and chills.",pneumonia
"The patient presents with sore throat, nasal congestion, vomiting, and coryza.",pneumonia
"The patient presents with sore throat, cough, fever, and chills.",pneumonia
"The patient presents with sore throat, nasal congestion, vomiting, and chills.",pneumonia
"The patient presents with shortness of breath, nasal congestion, vomiting, wheezing, weakness, difficulty breathing, chills, and coryza.",pneumonia
"The patient presents with shortness of breath, sharp chest pain, cough, difficulty breathing, and chills.",pneumonia
"The patient presents with shortness of breath, sharp chest pain, sore throat, and coryza.",pneumonia
"The patient presents with shortness of breath, vomiting, fever, and difficulty breathing.",pneumonia
"The patient presents with sore throat, nasal congestion, weakness, fever, difficulty breathing, and coryza.",pneumonia
"The patient presents with shortness of breath, cough, vomiting, difficulty breathing, and chills.",pneumonia
"The patient presents with shortness of breath, sharp chest pain, nasal congestion, vomiting, weakness, fever, and chills.",pneumonia
"The patient presents with shortness of breath, sharp chest pain, sore throat, cough, vomiting, wheezing, weakness, difficulty breathing, and chills.",pneumonia
"The patient presents with shortness of breath, sharp chest pain, cough, fever, difficulty breathing, chills, and coryza.",pneumonia
"The patient presents with sharp chest pain, cough, weakness, fever, and difficulty breathing.",pneumonia
"The patient presents with shortness of breath, sore throat, vomiting, wheezing, fever, and difficulty breathing.",pneumonia
"The patient presents with shortness of breath, cough, nasal congestion, vomiting, fever, difficulty breathing, chills, and coryza.",pneumonia
"The patient presents with shortness of breath, sharp chest pain, cough, nasal congestion, vomiting, weakness, fever, difficulty breathing, and coryza.",pneumonia
"The patient presents with cough, nasal congestion, wheezing, chills, and coryza.",pneumonia
"The patient presents with sharp chest pain, nasal congestion, weakness, fever, difficulty breathing, and chills.",pneumonia
"The patient presents with shortness of breath, nasal congestion, weakness, difficulty breathing, and chills.",pneumonia
"The patient presents with shortness of breath, sharp chest pain, nasal congestion, wheezing, fever, difficulty breathing, chills, and coryza.",pneumonia
"The patient presents with shortness of breath, sharp chest pain, vomiting, wheezing, and difficulty breathing.",pneumonia
"The patient presents with shortness of breath, sore throat, cough, vomiting, wheezing, fever, difficulty breathing, and coryza.",pneumonia
"The patient presents with sharp chest pain, sore throat, nasal congestion, chills, and coryza.",pneumonia
"The patient presents with sharp chest pain, sore throat, cough, nasal congestion, and difficulty breathing.",pneumonia
"The patient presents with sharp chest pain, sore throat, cough, nasal congestion, vomiting, wheezing, weakness, fever, chills, and coryza.",pneumonia
"The patient presents with shortness of breath, sharp chest pain, sore throat, cough, nasal congestion, wheezing, weakness, and difficulty breathing.",pneumonia
"The patient presents with shortness of breath, cough, nasal congestion, and vomiting.",pneumonia
"The patient presents with sharp chest pain, vomiting, weakness, fever, difficulty breathing, and chills.",pneumonia
"The patient presents with shortness of breath, sharp chest pain, cough, wheezing, fever, chills, and coryza.",pneumonia
"The patient presents with sore throat, cough, nasal congestion, vomiting, wheezing, weakness, fever, and coryza.",pneumonia
"The patient presents with shortness of breath, sore throat, cough, wheezing, and chills.",pneumonia
"The patient presents with sharp chest pain, cough, vomiting, weakness, fever, chills, and coryza.",pneumonia
"The patient presents with shortness of breath, nasal congestion, fever, and difficulty breathing.",pneumonia
"The patient presents with shortness of breath, vomiting, and chills.",pneumonia
"The patient presents with cough, nasal congestion, vomiting, weakness, fever, and chills.",pneumonia
"The patient presents with shortness of breath, cough, weakness, and coryza.",pneumonia
"The patient presents with nasal congestion, wheezing, and fever.",pneumonia
"The patient presents with shortness of breath, sharp chest pain, wheezing, difficulty breathing, and chills.",pneumonia
"The patient presents with shortness of breath, sore throat, nasal congestion, vomiting, wheezing, fever, and coryza.",pneumonia
"The patient presents with sharp chest pain, cough, wheezing, and coryza.",pneumonia
"The patient presents with shortness of breath, sharp chest pain, cough, nasal congestion, vomiting, chills, and coryza.",pneumonia
"The patient presents with cough, vomiting, wheezing, and weakness.",pneumonia
"The patient presents with shortness of breath, wheezing, weakness, difficulty breathing, and chills.",pneumonia
"The patient presents with shortness of breath, cough, nasal congestion, fever, difficulty breathing, and coryza.",pneumonia
"The patient presents with shortness of breath, sore throat, nasal congestion, vomiting, difficulty breathing, chills, and coryza.",pneumonia
"The patient presents with sore throat, cough, vomiting, chills, and coryza.",pneumonia
"The patient presents with vomiting, weakness, and fever.",pneumonia
"The patient presents with shortness of breath, sharp chest pain, sore throat, weakness, fever, difficulty breathing, chills, and coryza.",pneumonia
"The patient presents with shortness of breath, sharp chest pain, cough, nasal congestion, wheezing, and weakness.",pneumonia
"The patient presents with shortness of breath, sharp chest pain, vomiting, wheezing, weakness, and difficulty breathing.",pneumonia
"The patient presents with shortness of breath, cough, and vomiting.",pneumonia
"The patient presents with shortness of breath, sharp chest pain, nasal congestion, fever, chills, and coryza.",pneumonia
"The patient presents with shortness of breath, cough, nasal congestion, vomiting, wheezing, weakness, and chills.",pneumonia
"The patient presents with shortness of breath, sharp chest pain, sore throat, cough, wheezing, fever, difficulty breathing, and coryza.",pneumonia
"The patient presents with shortness of breath, sharp chest pain, sore throat, cough, weakness, fever, and coryza.",pneumonia
"The patient presents with shortness of breath, sharp chest pain, sore throat, cough, nasal congestion, vomiting, weakness, fever, and chills.",pneumonia
"The patient presents with shortness of breath, sharp chest pain, cough, nasal congestion, vomiting, wheezing, fever, and coryza.",pneumonia
"The patient presents with shortness of breath, sharp chest pain, vomiting, wheezing, fever, and difficulty breathing.",pneumonia
"The patient presents with sharp chest pain, wheezing, weakness, and coryza.",pneumonia
"The patient presents with sore throat, cough, nasal congestion, vomiting, wheezing, fever, difficulty breathing, chills, and coryza.",pneumonia
"The patient presents with shortness of breath, sore throat, cough, nasal congestion, vomiting, weakness, and coryza.",pneumonia
"The patient presents with shortness of breath, sharp chest pain, sore throat, nasal congestion, wheezing, weakness, and coryza.",pneumonia
"The patient presents with shortness of breath, sharp chest pain, nasal congestion, vomiting, and weakness.",pneumonia
"The patient presents with shortness of breath, cough, vomiting, weakness, and difficulty breathing.",pneumonia
"The patient presents with shortness of breath, sore throat, weakness, fever, difficulty breathing, and chills.",pneumonia
"The patient presents with sore throat, cough, wheezing, weakness, difficulty breathing, chills, and coryza.",pneumonia
"The patient presents with sharp chest pain, sore throat, cough, nasal congestion, wheezing, and weakness.",pneumonia
"The patient presents with shortness of breath, cough, vomiting, wheezing, weakness, and difficulty breathing.",pneumonia
"The patient presents with shortness of breath, wheezing, difficulty breathing, and coryza.",pneumonia
"The patient presents with cough, nasal congestion, vomiting, wheezing, weakness, fever, and coryza.",pneumonia
"The patient presents with shortness of breath, sharp chest pain, sore throat, cough, nasal congestion, vomiting, wheezing, weakness, fever, difficulty breathing, and chills.",pneumonia
"The patient presents with sharp chest pain, weakness, difficulty breathing, chills, and coryza.",pneumonia
"The patient presents with sharp chest pain, sore throat, fever, difficulty breathing, chills, and coryza.",pneumonia
"The patient presents with shortness of breath, sharp chest pain, sore throat, weakness, fever, difficulty breathing, and coryza.",pneumonia
"The patient presents with shortness of breath, sharp chest pain, cough, nasal congestion, vomiting, fever, and difficulty breathing.",pneumonia
"The patient presents with sharp chest pain, sore throat, wheezing, fever, and coryza.",pneumonia
"The patient presents with shortness of breath, cough, nasal congestion, wheezing, and weakness.",pneumonia
"The patient presents with sharp chest pain, sore throat, nasal congestion, vomiting, weakness, fever, and difficulty breathing.",pneumonia
"The patient presents with shortness of breath, sharp chest pain, sore throat, cough, nasal congestion, wheezing, difficulty breathing, chills, and coryza.",pneumonia
"The patient presents with sharp chest pain, vomiting, wheezing, weakness, fever, and chills.",pneumonia
"The patient presents with shortness of breath, sore throat, cough, nasal congestion, vomiting, wheezing, fever, difficulty breathing, and chills.",pneumonia
"The patient presents with shortness of breath, sore throat, vomiting, weakness, fever, difficulty breathing, and coryza.",pneumonia
"The patient presents with shortness of breath, sharp chest pain, nasal congestion, weakness, difficulty breathing, and coryza.",pneumonia
The patient presents with nasal congestion and fever.,pneumonia
"The patient presents with sharp chest pain, sore throat, nasal congestion, wheezing, fever, difficulty breathing, and chills.",pneumonia
"The patient presents with sharp chest pain, cough, nasal congestion, vomiting, fever, chills, and coryza.",pneumonia
"The patient presents with cough, nasal congestion, fever, and coryza.",pneumonia
"The patient presents with nasal congestion, fever, difficulty breathing, and coryza.",pneumonia
"The patient presents with sharp chest pain, nasal congestion, wheezing, and fever.",pneumonia
"The patient presents with shortness of breath, cough, nasal congestion, and wheezing.",pneumonia
"The patient presents with sharp chest pain, nasal congestion, vomiting, wheezing, chills, and coryza.",pneumonia
"The patient presents with shortness of breath, sore throat, vomiting, wheezing, and weakness.",pneumonia
"The patient presents with shortness of breath, sharp chest pain, cough, nasal congestion, vomiting, and coryza.",pneumonia
"The patient presents with shortness of breath, cough, nasal congestion, weakness, difficulty breathing, and coryza.",pneumonia
"The patient presents with shortness of breath, sharp chest pain, sore throat, vomiting, wheezing, difficulty breathing, and coryza.",pneumonia
"The patient presents with shortness of breath, cough, nasal congestion, difficulty breathing, chills, and coryza.",pneumonia
"The patient presents with sharp chest pain, cough, wheezing, difficulty breathing, chills, and coryza.",pneumonia
"The patient presents with sharp chest pain, cough, vomiting, weakness, and difficulty breathing.",pneumonia
The patient presents with cough and chills.,pneumonia
"The patient presents with shortness of breath, cough, vomiting, wheezing, weakness, and chills.",pneumonia
"The patient presents with shortness of breath, sharp chest pain, sore throat, nasal congestion, weakness, fever, chills, and coryza.",pneumonia
"The patient presents with shortness of breath, sharp chest pain, nasal congestion, and wheezing.",pneumonia
"The patient presents with sharp chest pain, fever, and difficulty breathing.",pneumonia
"The patient presents with sharp chest pain, sore throat, vomiting, wheezing, fever, and coryza.",pneumonia
"The patient presents with sharp chest pain, sore throat, cough, nasal congestion, wheezing, fever, difficulty breathing, and chills.",pneumonia
"The patient presents with shortness of breath, sharp chest pain, sore throat, cough, wheezing, and weakness.",pneumonia
"The patient presents with sharp chest pain, nasal congestion, wheezing, chills, and coryza.",pneumonia
"The patient presents with shortness of breath, sore throat, vomiting, fever, and difficulty breathing.",pneumonia
"The patient presents with difficulty breathing, chills, and coryza.",pneumonia
"The patient presents with shortness of breath, sharp chest pain, sore throat, cough, nasal congestion, wheezing, chills, and coryza.",pneumonia
"The patient presents with shortness of breath, sharp chest pain, vomiting, weakness, difficulty breathing, and chills.",pneumonia
"The patient presents with sharp chest pain, sore throat, cough, nasal congestion, wheezing, weakness, chills, and coryza.",pneumonia
"The patient presents with sore throat, cough, vomiting, wheezing, difficulty breathing, chills, and coryza.",pneumonia
"The patient presents with sore throat, nasal congestion, vomiting, and fever.",pneumonia
"The patient presents with sharp chest pain, weakness, fever, difficulty breathing, and coryza.",pneumonia
"The patient presents with shortness of breath, cough, nasal congestion, vomiting, wheezing, difficulty breathing, and coryza.",pneumonia
"The patient presents with shortness of breath, cough, nasal congestion, vomiting, fever, and difficulty breathing.",pneumonia
"The patient presents with shortness of breath, vomiting, and fever.",pneumonia
"The patient presents with sharp chest pain, cough, nasal congestion, vomiting, difficulty breathing, and chills.",pneumonia
"The patient presents with shortness of breath, sharp chest pain, nasal congestion, vomiting, chills, and coryza.",pneumonia
"The patient presents with shortness of breath, sharp chest pain, cough, and nasal congestion.",pneumonia
"The patient presents with cough, nasal congestion, weakness, and coryza.",pneumonia
"The patient presents with cough, nasal congestion, fever, and chills.",pneumonia
"The patient presents with shortness of breath, sharp chest pain, cough, nasal congestion, vomiting, and weakness.",pneumonia
"The patient presents with shortness of breath, sore throat, vomiting, weakness, chills, and coryza.",pneumonia
"The patient presents with sharp chest pain, sore throat, cough, wheezing, and difficulty breathing.",pneumonia
"The patient presents with sore throat, cough, nasal congestion, vomiting, and coryza.",pneumonia
"The patient presents with shortness of breath, sharp chest pain, sore throat, cough, nasal congestion, vomiting, wheezing, weakness, difficulty breathing, chills, and coryza.",pneumonia
"The patient presents with shortness of breath, sharp chest pain, sore throat, cough, nasal congestion, vomiting, wheezing, weakness, fever, and chills.",pneumonia
"The patient presents with sharp chest pain, sore throat, vomiting, and chills.",pneumonia
"The patient presents with shortness of breath, sore throat, cough, vomiting, wheezing, weakness, and chills.",pneumonia
"The patient presents with shortness of breath, sharp chest pain, cough, nasal congestion, vomiting, wheezing, difficulty breathing, and coryza.",pneumonia
"The patient presents with shortness of breath, sore throat, cough, vomiting, chills, and coryza.",pneumonia
"The patient presents with shortness of breath, cough, wheezing, weakness, difficulty breathing, and chills.",pneumonia
"The patient presents with shortness of breath, sharp chest pain, sore throat, fever, and difficulty breathing.",pneumonia
"The patient presents with cough, difficulty breathing, and chills.",pneumonia
"The patient presents with sharp chest pain, vomiting, weakness, and coryza.",pneumonia
"The patient presents with shortness of breath, sharp chest pain, vomiting, weakness, fever, difficulty breathing, chills, and coryza.",pneumonia
"The patient presents with shortness of breath, sore throat, cough, nasal congestion, vomiting, weakness, difficulty breathing, chills, and coryza.",pneumonia
"The patient presents with shortness of breath, cough, nasal congestion, vomiting, difficulty breathing, and coryza.",pneumonia
"The patient presents with shortness of breath, sore throat, fever, and coryza.",pneumonia
"The patient presents with sharp chest pain, sore throat, cough, vomiting, and chills.",pneumonia
"The patient presents with sharp chest pain, sore throat, wheezing, weakness, difficulty breathing, chills, and coryza.",pneumonia
"The patient presents with shortness of breath, sharp chest pain, sore throat, cough, nasal congestion, vomiting, and difficulty breathing.",pneumonia
"The patient presents with shortness of breath, vomiting, wheezing, fever, and chills.",pneumonia
"The patient presents with shortness of breath, sore throat, wheezing, weakness, difficulty breathing, and chills.",pneumonia
"The patient presents with cough, vomiting, wheezing, and fever.",pneumonia
"The patient presents with sharp chest pain, sore throat, and coryza.",pneumonia
"The patient presents with sore throat, cough, nasal congestion, wheezing, and coryza.",pneumonia
"The patient presents with shortness of breath, sharp chest pain, sore throat, nasal congestion, vomiting, fever, and difficulty breathing.",pneumonia
"The patient presents with shortness of breath, sharp chest pain, sore throat, cough, vomiting, wheezing, weakness, fever, and chills.",pneumonia
"The patient presents with sore throat, nasal congestion, wheezing, weakness, chills, and coryza.",pneumonia
"The patient presents with sore throat, weakness, difficulty breathing, and coryza.",pneumonia
"The patient presents with shortness of breath, sharp chest pain, nasal congestion, wheezing, weakness, and difficulty breathing.",pneumonia
"The patient presents with sharp chest pain, cough, nasal congestion, fever, difficulty breathing, and chills.",pneumonia
"The patient presents with shortness of breath, sore throat, cough, vomiting, wheezing, weakness, and fever.",pneumonia
"The patient presents with sore throat, nasal congestion, vomiting, and weakness.",pneumonia
"The patient presents with shortness of breath, sharp chest pain, sore throat, cough, nasal congestion, wheezing, and weakness.",pneumonia
"The patient presents with shortness of breath, sharp chest pain, sore throat, cough, nasal congestion, fever, difficulty breathing, and coryza.",pneumonia
"The patient presents with shortness of breath, sore throat, cough, nasal congestion, wheezing, and chills.",pneumonia
The patient presents with shortness of breath and cough.,pneumonia
"The patient presents with sharp chest pain, sore throat, nasal congestion, wheezing, and weakness.",pneumonia
"The patient presents with shortness of breath, sharp chest pain, sore throat, nasal congestion, wheezing, fever, chills, and coryza.",pneumonia
"The patient presents with sharp chest pain, cough, and nasal congestion.",pneumonia
"The patient presents with shortness of breath, sharp chest pain, sore throat, nasal congestion, wheezing, fever, difficulty breathing, and coryza.",pneumonia
"The patient presents with sore throat, nasal congestion, vomiting, weakness, fever, and difficulty breathing.",pneumonia
"The patient presents with shortness of breath, sharp chest pain, weakness, difficulty breathing, chills, and coryza.",pneumonia
"The patient presents with cough, vomiting, wheezing, weakness, fever, difficulty breathing, and coryza.",pneumonia
"The patient presents with shortness of breath, sharp chest pain, cough, nasal congestion, vomiting, wheezing, weakness, difficulty breathing, and chills.",pneumonia
"The patient presents with shortness of breath, cough, vomiting, wheezing, weakness, difficulty breathing, chills, and coryza.",pneumonia
"The patient presents with sore throat, cough, fever, difficulty breathing, and chills.",pneumonia
"The patient presents with shortness of breath, sharp chest pain, sore throat, fever, and chills.",pneumonia
"The patient presents with shortness of breath, sore throat, nasal congestion, chills, and coryza.",pneumonia
"The patient presents with vomiting, weakness, fever, and difficulty breathing.",pneumonia
"The patient presents with shortness of breath, sore throat, nasal congestion, vomiting, wheezing, weakness, fever, chills, and coryza.",pneumonia
"The patient presents with cough, nasal congestion, weakness, difficulty breathing, chills, and coryza.",pneumonia
"The patient presents with sharp chest pain, sore throat, cough, and wheezing.",pneumonia
"The patient presents with sore throat, cough, nasal congestion, vomiting, weakness, chills, and coryza.",pneumonia
"The patient presents with shortness of breath, sore throat, nasal congestion, wheezing, weakness, and fever.",pneumonia
"The patient presents with shortness of breath, sore throat, nasal congestion, vomiting, wheezing, weakness, difficulty breathing, and coryza.",pneumonia
"The patient presents with cough, wheezing, and coryza.",pneumonia
The patient presents with sore throat and fever.,pneumonia
"The patient presents with shortness of breath, sharp chest pain, sore throat, wheezing, weakness, fever, and difficulty breathing.",pneumonia
"The patient presents with sore throat, cough, vomiting, and weakness.",pneumonia
"The patient presents with sore throat, cough, vomiting, wheezing, fever, and chills.",pneumonia
"The patient presents with shortness of breath, cough, nasal congestion, wheezing, weakness, and fever.",pneumonia
"The patient presents with shortness of breath, sore throat, cough, vomiting, and weakness.",pneumonia
"The patient presents with shortness of breath, sore throat, nasal congestion, vomiting, wheezing, weakness, fever, difficulty breathing, and coryza.",pneumonia
"The patient presents with nasal congestion, vomiting, weakness, and chills.",pneumonia
"The patient presents with sharp chest pain, sore throat, wheezing, fever, difficulty breathing, and coryza.",pneumonia
"The patient presents with shortness of breath, sharp chest pain, sore throat, cough, wheezing, weakness, fever, difficulty breathing, and coryza.",pneumonia
"The patient presents with sharp chest pain, sore throat, and chills.",pneumonia
"The patient presents with shortness of breath, vomiting, weakness, and chills.",pneumonia
"The patient presents with sharp chest pain, nasal congestion, wheezing, weakness, fever, and difficulty breathing.",pneumonia
"The patient presents with sore throat, nasal congestion, vomiting, fever, chills, and coryza.",pneumonia
"The patient presents with shortness of breath, vomiting, chills, and coryza.",pneumonia
"The patient presents with shortness of breath, sore throat, cough, weakness, fever, chills, and coryza.",pneumonia
"The patient presents with shortness of breath, sharp chest pain, cough, wheezing, and chills.",pneumonia
"The patient presents with shortness of breath, cough, wheezing, and weakness.",pneumonia
"The patient presents with cough, nasal congestion, difficulty breathing, and coryza.",pneumonia
"The patient presents with sharp chest pain, sore throat, cough, nasal congestion, weakness, difficulty breathing, chills, and coryza.",pneumonia
"The patient presents with sharp chest pain, cough, difficulty breathing, and coryza.",pneumonia
"The patient presents with shortness of breath, sore throat, vomiting, wheezing, and difficulty breathing.",pneumonia
"The patient presents with sore throat, cough, nasal congestion, vomiting, weakness, fever, difficulty breathing, chills, and coryza.",pneumonia
"The patient presents with vomiting, fever, difficulty breathing, and coryza.",pneumonia
"The patient presents with shortness of breath, sore throat, nasal congestion, weakness, fever, difficulty breathing, and coryza.",pneumonia
"The patient presents with sore throat, cough, nasal congestion, wheezing, weakness, difficulty breathing, chills, and coryza.",pneumonia
"The patient presents with shortness of breath, fever, and coryza.",pneumonia
"The patient presents with cough, vomiting, wheezing, fever, and coryza.",pneumonia
"The patient presents with sharp chest pain, sore throat, cough, wheezing, weakness, difficulty breathing, chills, and coryza.",pneumonia
"The patient presents with sore throat, cough, wheezing, fever, difficulty breathing, chills, and coryza.",pneumonia
"The patient presents with shortness of breath, cough, vomiting, wheezing, difficulty breathing, chills, and coryza.",pneumonia
"The patient presents with sharp chest pain, cough, nasal congestion, weakness, and fever.",pneumonia
"The patient presents with shortness of breath, sharp chest pain, sore throat, vomiting, weakness, fever, and coryza.",pneumonia
"The patient presents with sore throat, cough, wheezing, weakness, fever, difficulty breathing, and coryza.",pneumonia
"The patient presents with sharp chest pain, nasal congestion, wheezing, fever, chills, and coryza.",pneumonia
"The patient presents with shortness of breath, sharp chest pain, sore throat, nasal congestion, and coryza.",pneumonia
"The patient presents with sharp chest pain, vomiting, wheezing, difficulty breathing, and coryza.",pneumonia
"The patient presents with cough, nasal congestion, wheezing, fever, difficulty breathing, chills, and coryza.",pneumonia
"The patient presents with sharp chest pain, cough, vomiting, wheezing, difficulty breathing, and chills.",pneumonia
"The patient presents with shortness of breath, sharp chest pain, cough, nasal congestion, vomiting, weakness, and fever.",pneumonia
"The patient presents with sharp chest pain, sore throat, cough, nasal congestion, wheezing, chills, and coryza.",pneumonia
"The patient presents with sore throat, cough, nasal congestion, wheezing, difficulty breathing, and chills.",pneumonia
"The patient presents with nasal congestion, wheezing, difficulty breathing, and chills.",pneumonia
"The patient presents with sore throat, cough, fever, difficulty breathing, and coryza.",pneumonia
"The patient presents with sore throat, cough, nasal congestion, fever, difficulty breathing, and chills.",pneumonia
"The patient presents with sore throat, nasal congestion, wheezing, fever, and difficulty breathing.",pneumonia
"The patient presents with shortness of breath, sore throat, nasal congestion, fever, chills, and coryza.",pneumonia
"The patient presents with sharp chest pain, sore throat, cough, nasal congestion, vomiting, wheezing, weakness, chills, and coryza.",pneumonia
"The patient presents with shortness of breath, sharp chest pain, sore throat, vomiting, wheezing, and chills.",pneumonia
"The patient presents with sore throat, cough, nasal congestion, fever, and difficulty breathing.",pneumonia
"The patient presents with sharp chest pain, cough, wheezing, fever, difficulty breathing, and coryza.",pneumonia
"The patient presents with sharp chest pain, vomiting, wheezing, and chills.",pneumonia
"The patient presents with sharp chest pain, sore throat, nasal congestion, vomiting, wheezing, weakness, chills, and coryza.",pneumonia
"The patient presents with sharp chest pain, cough, nasal congestion, difficulty breathing, and coryza.",pneumonia
"The patient presents with shortness of breath, sore throat, wheezing, fever, and coryza.",pneumonia
The patient presents with cough and wheezing.,pneumonia
"The patient presents with sore throat, cough, nasal congestion, vomiting, wheezing, weakness, and coryza.",pneumonia
"The patient presents with sharp chest pain, cough, wheezing, fever, and coryza.",pneumonia
"The patient presents with shortness of breath, cough, nasal congestion, vomiting, and wheezing.",pneumonia
"The patient presents with shortness of breath, sore throat, cough, nasal congestion, weakness, and chills.",pneumonia
"The patient presents with shortness of breath, cough, vomiting, weakness, fever, chills, and coryza.",pneumonia
"The patient presents with shortness of breath, vomiting, weakness, fever, and difficulty breathing.",pneumonia
"The patient presents with sharp chest pain, cough, vomiting, wheezing, fever, and difficulty breathing.",pneumonia
"The patient presents with shortness of breath, sore throat, cough, nasal congestion, wheezing, weakness, and difficulty breathing.",pneumonia
"The patient presents with shortness of breath, sharp chest pain, sore throat, nasal congestion, fever, and chills.",pneumonia
"The patient presents with shortness of breath, sharp chest pain, nasal congestion, and vomiting.",pneumonia
"The patient presents with shortness of breath, cough, fever, and difficulty breathing.",pneumonia
"The patient presents with shortness of breath, sore throat, fever, difficulty breathing, chills, and coryza.",pneumonia
"The patient presents with cough, nasal congestion, vomiting, wheezing, and difficulty breathing.",pneumonia
"The patient presents with shortness of breath, sharp chest pain, nasal congestion, wheezing, fever, and difficulty breathing.",pneumonia
"The patient presents with shortness of breath, sore throat, weakness, and chills.",pneumonia
"The patient presents with shortness of breath, sore throat, cough, nasal congestion, vomiting, weakness, chills, and coryza.",pneumonia
"The patient presents with sore throat, cough, nasal congestion, vomiting, chills, and coryza.",pneumonia
"The patient presents with shortness of breath, sore throat, cough, vomiting, fever, and coryza.",pneumonia
"The patient presents with sore throat, nasal congestion, and fever.",pneumonia
"The patient presents with cough, vomiting, and chills.",pneumonia
"The patient presents with shortness of breath, sharp chest pain, nasal congestion, weakness, fever, and coryza.",pneumonia
"The patient presents with sharp chest pain, sore throat, cough, nasal congestion, wheezing, weakness, fever, difficulty breathing, and chills.",pneumonia
"The patient presents with shortness of breath, sharp chest pain, sore throat, cough, nasal congestion, and difficulty breathing.",pneumonia
"The patient presents with sharp chest pain, sore throat, vomiting, wheezing, weakness, and fever.",pneumonia
"The patient presents with sharp chest pain, sore throat, cough, nasal congestion, weakness, chills, and coryza.",pneumonia
"The patient presents with cough, nasal congestion, wheezing, fever, and difficulty breathing.",pneumonia
"The patient presents with sore throat, nasal congestion, vomiting, weakness, fever, difficulty breathing, and coryza.",pneumonia
"The patient presents with shortness of breath, sore throat, cough, nasal congestion, vomiting, weakness, fever, chills, and coryza.",pneumonia
"The patient presents with shortness of breath, sharp chest pain, sore throat, nasal congestion, vomiting, weakness, and fever.",pneumonia
"The patient presents with shortness of breath, sore throat, nasal congestion, vomiting, wheezing, weakness, fever, and chills.",pneumonia
"The patient presents with sharp chest pain, nasal congestion, weakness, and coryza.",pneumonia
"The patient presents with sore throat, cough, vomiting, wheezing, weakness, and fever.",pneumonia
"The patient presents with sore throat, cough, nasal congestion, wheezing, weakness, fever, and difficulty breathing.",pneumonia
"The patient presents with shortness of breath, vomiting, difficulty breathing, and chills.",pneumonia
"The patient presents with shortness of breath, sore throat, wheezing, weakness, and chills.",pneumonia
"The patient presents with shortness of breath, sore throat, cough, nasal congestion, vomiting, wheezing, weakness, fever, and difficulty breathing.",pneumonia
"The patient presents with sharp chest pain, sore throat, weakness, difficulty breathing, and chills.",pneumonia
"The patient presents with sharp chest pain, sore throat, cough, nasal congestion, vomiting, wheezing, fever, and difficulty breathing.",pneumonia
"The patient presents with sore throat, nasal congestion, wheezing, and difficulty breathing.",pneumonia
"The patient presents with nasal congestion, weakness, and chills.",pneumonia
"The patient presents with shortness of breath, sharp chest pain, sore throat, wheezing, and chills.",pneumonia
"The patient presents with sore throat, cough, nasal congestion, and coryza.",pneumonia
"The patient presents with cough, wheezing, weakness, fever, and coryza.",pneumonia
"The patient presents with shortness of breath, vomiting, fever, and chills.",pneumonia
"The patient presents with cough, nasal congestion, vomiting, weakness, and difficulty breathing.",pneumonia
"The patient presents with shortness of breath, cough, nasal congestion, vomiting, weakness, chills, and coryza.",pneumonia
"The patient presents with sharp chest pain, wheezing, weakness, fever, and difficulty breathing.",pneumonia
"The patient presents with shortness of breath, sharp chest pain, sore throat, cough, nasal congestion, and wheezing.",pneumonia
"The patient presents with shortness of breath, sharp chest pain, sore throat, cough, wheezing, weakness, difficulty breathing, and chills.",pneumonia
"The patient presents with sharp chest pain, sore throat, cough, vomiting, wheezing, weakness, fever, and coryza.",pneumonia
"The patient presents with shortness of breath, sharp chest pain, sore throat, vomiting, weakness, fever, difficulty breathing, and chills.",pneumonia
"The patient presents with shortness of breath, weakness, fever, and difficulty breathing.",pneumonia
"The patient presents with vomiting, wheezing, weakness, difficulty breathing, and coryza.",pneumonia
"The patient presents with vomiting, wheezing, weakness, and fever.",pneumonia
"The patient presents with shortness of breath, sharp chest pain, sore throat, cough, nasal congestion, vomiting, and chills.",pneumonia
"The patient presents with shortness of breath, sharp chest pain, sore throat, cough, weakness, fever, difficulty breathing, chills, and coryza.",pneumonia
"The patient presents with cough, vomiting, wheezing, fever, difficulty breathing, and chills.",pneumonia
"The patient presents with shortness of breath, sharp chest pain, cough, nasal congestion, vomiting, and fever.",pneumonia
"The patient presents with sore throat, cough, vomiting, weakness, and coryza.",pneumonia
"The patient presents with sharp chest pain, nasal congestion, weakness, and chills.",pneumonia
"The patient presents with shortness of breath, sharp chest pain, vomiting, weakness, and chills.",pneumonia
"The patient presents with sharp chest pain, cough, wheezing, weakness, chills, and coryza.",pneumonia
"The patient presents with sharp chest pain, sore throat, nasal congestion, vomiting, and fever.",pneumonia
"The patient presents with shortness of breath, sharp chest pain, nasal congestion, vomiting, wheezing, weakness, fever, difficulty breathing, chills, and coryza.",pneumonia
"The patient presents with shortness of breath, sore throat, cough, nasal congestion, vomiting, chills, and coryza.",pneumonia
"The patient presents with sharp chest pain, cough, nasal congestion, vomiting, weakness, and fever.",pneumonia
"The patient presents with sore throat, cough, weakness, fever, and coryza.",pneumonia
"The patient presents with sharp chest pain, nasal congestion, wheezing, weakness, fever, and chills.",pneumonia
"The patient presents with sore throat, cough, nasal congestion, vomiting, fever, difficulty breathing, and chills.",pneumonia
"The patient presents with shortness of breath, sharp chest pain, sore throat, cough, nasal congestion, vomiting, weakness, and difficulty breathing.",pneumonia
"The patient presents with shortness of breath, sharp chest pain, sore throat, cough, nasal congestion, vomiting, wheezing, weakness, and fever.",pneumonia
"The patient presents with nasal congestion, vomiting, wheezing, fever, difficulty breathing, and chills.",pneumonia
"The patient presents with nasal congestion, vomiting, weakness, and difficulty breathing.",pneumonia
"The patient presents with sharp chest pain, sore throat, fever, difficulty breathing, and chills.",pneumonia
"The patient presents with vomiting, wheezing, weakness, fever, difficulty breathing, and chills.",pneumonia
"The patient presents with sharp chest pain, cough, nasal congestion, difficulty breathing, chills, and coryza.",pneumonia
"The patient presents with shortness of breath, sharp chest pain, sore throat, nasal congestion, weakness, difficulty breathing, and chills.",pneumonia
"The patient presents with sharp chest pain, vomiting, wheezing, weakness, and coryza.",pneumonia
"The patient presents with sore throat, nasal congestion, vomiting, weakness, and fever.",pneumonia
"The patient presents with shortness of breath, sharp chest pain, sore throat, nasal congestion, vomiting, wheezing, weakness, difficulty breathing, chills, and coryza.",pneumonia
"The patient presents with shortness of breath, sore throat, cough, nasal congestion, wheezing, weakness, difficulty breathing, and coryza.",pneumonia
"The patient presents with sore throat, vomiting, fever, and difficulty breathing.",pneumonia
"The patient presents with shortness of breath, sharp chest pain, and nasal congestion.",pneumonia
"The patient presents with shortness of breath, sharp chest pain, nasal congestion, vomiting, wheezing, weakness, and fever.",pneumonia
"The patient presents with sore throat, cough, nasal congestion, vomiting, weakness, and difficulty breathing.",pneumonia
"The patient presents with shortness of breath, sharp chest pain, nasal congestion, vomiting, wheezing, weakness, difficulty breathing, chills, and coryza.",pneumonia
"The patient presents with shortness of breath, sharp chest pain, cough, and chills.",pneumonia
"The patient presents with sore throat, weakness, and difficulty breathing.",pneumonia
"The patient presents with shortness of breath, nasal congestion, vomiting, wheezing, weakness, fever, and difficulty breathing.",pneumonia
"The patient presents with shortness of breath, sharp chest pain, sore throat, nasal congestion, weakness, and chills.",pneumonia
"The patient presents with sharp chest pain, sore throat, cough, fever, difficulty breathing, chills, and coryza.",pneumonia
"The patient presents with shortness of breath, sharp chest pain, cough, nasal congestion, wheezing, weakness, fever, chills, and coryza.",pneumonia
"The patient presents with sharp chest pain, cough, nasal congestion, vomiting, weakness, difficulty breathing, chills, and coryza.",pneumonia
"The patient presents with shortness of breath, sharp chest pain, wheezing, weakness, fever, difficulty breathing, chills, and coryza.",pneumonia
"The patient presents with shortness of breath, sharp chest pain, sore throat, cough, vomiting, wheezing, weakness, fever, and coryza.",pneumonia
"The patient presents with shortness of breath, sharp chest pain, sore throat, cough, nasal congestion, fever, and coryza.",pneumonia
"The patient presents with shortness of breath, sore throat, cough, nasal congestion, wheezing, and fever.",pneumonia
"The patient presents with weakness, fever, and difficulty breathing.",pneumonia
"The patient presents with shortness of breath, cough, vomiting, chills, and coryza.",pneumonia
"The patient presents with cough, wheezing, weakness, and chills.",pneumonia
"The patient presents with shortness of breath, drug abuse, and shoulder pain.",pneumothorax
The patient presents with shortness of breath and shoulder pain.,pneumothorax
"The patient presents with shortness of breath, sharp chest pain, cough, drug abuse, side pain, and shoulder pain.",pneumothorax
"The patient presents with shortness of breath, sharp chest pain, cough, drug abuse, side pain, and shoulder pain.",pneumothorax
The patient presents with shortness of breath and drug abuse.,pneumothorax
"The patient presents with shortness of breath, drug abuse, back pain, and shoulder pain.",pneumothorax
"The patient presents with cough, drug abuse, side pain, and shoulder pain.",pneumothorax
"The patient presents with drug abuse, back pain, side pain, shoulder pain, and hurts to breath.",pneumothorax
"The patient presents with cough, back pain, side pain, shoulder pain, and hurts to breath.",pneumothorax
"The patient presents with shortness of breath, drug abuse, back pain, shoulder pain, and hurts to breath.",pneumothorax
"The patient presents with shortness of breath, cough, drug abuse, back pain, shoulder pain, and hurts to breath.",pneumothorax
"The patient presents with drug abuse, back pain, shoulder pain, and hurts to breath.",pneumothorax
"The patient presents with shortness of breath, side pain, shoulder pain, and hurts to breath.",pneumothorax
"The patient presents with cough, drug abuse, and shoulder pain.",pneumothorax
"The patient presents with shortness of breath, drug abuse, side pain, and shoulder pain.",pneumothorax
"The patient presents with shortness of breath, sharp chest pain, cough, drug abuse, and shoulder pain.",pneumothorax
"The patient presents with shortness of breath, sharp chest pain, drug abuse, and back pain.",pneumothorax
"The patient presents with back pain, shoulder pain, and hurts to breath.",pneumothorax
The patient presents with sharp chest pain and side pain.,pneumothorax
"The patient presents with shortness of breath, drug abuse, back pain, and shoulder pain.",pneumothorax
"The patient presents with cough, back pain, side pain, shoulder pain, and hurts to breath.",pneumothorax
"The patient presents with drug abuse, side pain, shoulder pain, and hurts to breath.",pneumothorax
"The patient presents with drug abuse, back pain, and shoulder pain.",pneumothorax
"The patient presents with sharp chest pain, drug abuse, and shoulder pain.",pneumothorax
"The patient presents with shortness of breath, cough, back pain, and shoulder pain.",pneumothorax
"The patient presents with cough, drug abuse, shoulder pain, and hurts to breath.",pneumothorax
"The patient presents with shortness of breath, sharp chest pain, cough, drug abuse, back pain, shoulder pain, and hurts to breath.",pneumothorax
"The patient presents with shortness of breath, cough, drug abuse, back pain, side pain, and shoulder pain.",pneumothorax
The patient presents with back pain and shoulder pain.,pneumothorax
"The patient presents with shortness of breath, sharp chest pain, drug abuse, and back pain.",pneumothorax
"The patient presents with sharp chest pain, drug abuse, side pain, and hurts to breath.",pneumothorax
"The patient presents with shortness of breath, drug abuse, back pain, side pain, and shoulder pain.",pneumothorax
"The patient presents with sharp chest pain, side pain, and hurts to breath.",pneumothorax
"The patient presents with sharp chest pain, cough, drug abuse, side pain, shoulder pain, and hurts to breath.",pneumothorax
"The patient presents with shortness of breath, back pain, and hurts to breath.",pneumothorax
"The patient presents with sharp chest pain, cough, side pain, and shoulder pain.",pneumothorax
"The patient presents with shortness of breath, sharp chest pain, drug abuse, side pain, shoulder pain, and hurts to breath.",pneumothorax
"The patient presents with shortness of breath, back pain, and shoulder pain.",pneumothorax
"The patient presents with shortness of breath, cough, back pain, side pain, shoulder pain, and hurts to breath.",pneumothorax
"The patient presents with drug abuse, shoulder pain, and hurts to breath.",pneumothorax
"The patient presents with shortness of breath, cough, drug abuse, back pain, side pain, and shoulder pain.",pneumothorax
"The patient presents with cough, drug abuse, and shoulder pain.",pneumothorax
"The patient presents with shortness of breath, cough, drug abuse, side pain, shoulder pain, and hurts to breath.",pneumothorax
"The patient presents with shortness of breath, sharp chest pain, cough, drug abuse, back pain, and hurts to breath.",pneumothorax
"The patient presents with sharp chest pain, cough, side pain, shoulder pain, and hurts to breath.",pneumothorax
"The patient presents with cough, drug abuse, and shoulder pain.",pneumothorax
"The patient presents with side pain, shoulder pain, and hurts to breath.",pneumothorax
"The patient presents with sharp chest pain, back pain, and hurts to breath.",pneumothorax
"The patient presents with sharp chest pain, cough, side pain, and shoulder pain.",pneumothorax
"The patient presents with shortness of breath, sharp chest pain, back pain, side pain, shoulder pain, and hurts to breath.",pneumothorax
"The patient presents with shortness of breath, sharp chest pain, and drug abuse.",pneumothorax
"The patient presents with cough, drug abuse, back pain, side pain, and hurts to breath.",pneumothorax
"The patient presents with shortness of breath, sharp chest pain, drug abuse, side pain, shoulder pain, and hurts to breath.",pneumothorax
"The patient presents with cough, drug abuse, side pain, shoulder pain, and hurts to breath.",pneumothorax
"The patient presents with shortness of breath, sharp chest pain, back pain, side pain, and shoulder pain.",pneumothorax
"The patient presents with sharp chest pain, cough, back pain, shoulder pain, and hurts to breath.",pneumothorax
"The patient presents with shortness of breath, drug abuse, side pain, and hurts to breath.",pneumothorax
"The patient presents with shortness of breath, cough, back pain, and side pain.",pneumothorax
"The patient presents with shortness of breath, sharp chest pain, cough, drug abuse, shoulder pain, and hurts to breath.",pneumothorax
"The patient presents with sharp chest pain, cough, drug abuse, side pain, shoulder pain, and hurts to breath.",pneumothorax
"The patient presents with drug abuse, back pain, side pain, and shoulder pain.",pneumothorax
"The patient presents with shortness of breath, sharp chest pain, cough, drug abuse, back pain, side pain, shoulder pain, and hurts to breath.",pneumothorax
"The patient presents with shortness of breath, sharp chest pain, back pain, and side pain.",pneumothorax
"The patient presents with shortness of breath, sharp chest pain, drug abuse, side pain, and hurts to breath.",pneumothorax
"The patient presents with shortness of breath, cough, drug abuse, shoulder pain, and hurts to breath.",pneumothorax
"The patient presents with sharp chest pain, cough, drug abuse, side pain, shoulder pain, and hurts to breath.",pneumothorax
"The patient presents with shortness of breath, sharp chest pain, cough, drug abuse, back pain, side pain, shoulder pain, and hurts to breath.",pneumothorax
The patient presents with shortness of breath and sharp chest pain.,pneumothorax
"The patient presents with shortness of breath, sharp chest pain, cough, drug abuse, back pain, shoulder pain, and hurts to breath.",pneumothorax
"The patient presents with cough, drug abuse, back pain, shoulder pain, and hurts to breath.",pneumothorax
The patient presents with shortness of breath and shoulder pain.,pneumothorax
"The patient presents with shortness of breath, cough, drug abuse, and shoulder pain.",pneumothorax
"The patient presents with sharp chest pain, cough, drug abuse, and back pain.",pneumothorax
"The patient presents with shortness of breath, cough, drug abuse, side pain, and hurts to breath.",pneumothorax
"The patient presents with drug abuse, back pain, side pain, and shoulder pain.",pneumothorax
"The patient presents with sharp chest pain, cough, drug abuse, back pain, side pain, and hurts to breath.",pneumothorax
"The patient presents with sharp chest pain, drug abuse, side pain, and shoulder pain.",pneumothorax
"The patient presents with sharp chest pain, cough, back pain, side pain, shoulder pain, and hurts to breath.",pneumothorax
"The patient presents with cough, drug abuse, side pain, shoulder pain, and hurts to breath.",pneumothorax
"The patient presents with cough, drug abuse, back pain, and hurts to breath.",pneumothorax
"The patient presents with shortness of breath, sharp chest pain, and hurts to breath.",pneumothorax
"The patient presents with shortness of breath, back pain, side pain, and shoulder pain.",pneumothorax
"The patient presents with shortness of breath, cough, side pain, and shoulder pain.",pneumothorax
"The patient presents with sharp chest pain, drug abuse, and hurts to breath.",pneumothorax
"The patient presents with shortness of breath, cough, back pain, side pain, shoulder pain, and hurts to breath.",pneumothorax
"The patient presents with sharp chest pain, cough, drug abuse, back pain, side pain, shoulder pain, and hurts to breath.",pneumothorax
"The patient presents with shortness of breath, sharp chest pain, cough, drug abuse, back pain, and side pain.",pneumothorax
"The patient presents with sharp chest pain, drug abuse, back pain, shoulder pain, and hurts to breath.",pneumothorax
"The patient presents with shortness of breath, drug abuse, back pain, and shoulder pain.",pneumothorax
"The patient presents with shortness of breath, drug abuse, and shoulder pain.",pneumothorax
"The patient presents with cough, back pain, and shoulder pain.",pneumothorax
"The patient presents with shortness of breath, sharp chest pain, cough, drug abuse, back pain, shoulder pain, and hurts to breath.",pneumothorax
"The patient presents with sharp chest pain, cough, back pain, and hurts to breath.",pneumothorax
"The patient presents with shortness of breath, cough, drug abuse, back pain, shoulder pain, and hurts to breath.",pneumothorax
"The patient presents with shortness of breath, sharp chest pain, drug abuse, side pain, shoulder pain, and hurts to breath.",pneumothorax
"The patient presents with shortness of breath, sharp chest pain, drug abuse, and shoulder pain.",pneumothorax
"The patient presents with shortness of breath, back pain, shoulder pain, and hurts to breath.",pneumothorax
"The patient presents with sharp chest pain, drug abuse, back pain, side pain, and shoulder pain.",pneumothorax
"The patient presents with sharp chest pain, cough, drug abuse, back pain, side pain, and hurts to breath.",pneumothorax
"The patient presents with drug abuse, back pain, shoulder pain, and hurts to breath.",pneumothorax
"The patient presents with drug abuse, back pain, side pain, shoulder pain, and hurts to breath.",pneumothorax
"The patient presents with sharp chest pain, back pain, shoulder pain, and hurts to breath.",pneumothorax
"The patient presents with sharp chest pain, drug abuse, back pain, side pain, shoulder pain, and hurts to breath.",pneumothorax
"The patient presents with shortness of breath, cough, and shoulder pain.",pneumothorax
"The patient presents with sharp chest pain, cough, drug abuse, shoulder pain, and hurts to breath.",pneumothorax
"The patient presents with sharp chest pain, cough, side pain, and shoulder pain.",pneumothorax
"The patient presents with shortness of breath, drug abuse, back pain, side pain, shoulder pain, and hurts to breath.",pneumothorax
"The patient presents with shortness of breath, drug abuse, and shoulder pain.",pneumothorax
"The patient presents with shortness of breath, cough, drug abuse, back pain, and side pain.",pneumothorax
"The patient presents with cough, drug abuse, back pain, shoulder pain, and hurts to breath.",pneumothorax
"The patient presents with shortness of breath, sharp chest pain, cough, drug abuse, back pain, side pain, and hurts to breath.",pneumothorax
"The patient presents with cough, drug abuse, back pain, shoulder pain, and hurts to breath.",pneumothorax
"The patient presents with cough, drug abuse, back pain, and shoulder pain.",pneumothorax
"The patient presents with shortness of breath, drug abuse, side pain, and hurts to breath.",pneumothorax
"The patient presents with shortness of breath, sharp chest pain, drug abuse, side pain, shoulder pain, and hurts to breath.",pneumothorax
"The patient presents with shortness of breath, drug abuse, back pain, and shoulder pain.",pneumothorax
"The patient presents with sharp chest pain, cough, drug abuse, back pain, shoulder pain, and hurts to breath.",pneumothorax
"The patient presents with shortness of breath, drug abuse, shoulder pain, and hurts to breath.",pneumothorax
"The patient presents with shortness of breath, sharp chest pain, drug abuse, back pain, side pain, shoulder pain, and hurts to breath.",pneumothorax
"The patient presents with sharp chest pain, drug abuse, back pain, side pain, and shoulder pain.",pneumothorax
"The patient presents with shortness of breath, drug abuse, and side pain.",pneumothorax
"The patient presents with cough, drug abuse, back pain, side pain, shoulder pain, and hurts to breath.",pneumothorax
"The patient presents with sharp chest pain, drug abuse, back pain, and shoulder pain.",pneumothorax
"The patient presents with shortness of breath, cough, drug abuse, side pain, and hurts to breath.",pneumothorax
"The patient presents with shortness of breath, drug abuse, and back pain.",pneumothorax
"The patient presents with sharp chest pain, cough, and shoulder pain.",pneumothorax
"The patient presents with sharp chest pain, cough, drug abuse, back pain, side pain, and shoulder pain.",pneumothorax
"The patient presents with drug abuse, back pain, side pain, and shoulder pain.",pneumothorax
"The patient presents with sharp chest pain, drug abuse, shoulder pain, and hurts to breath.",pneumothorax
"The patient presents with cough, drug abuse, side pain, shoulder pain, and hurts to breath.",pneumothorax
"The patient presents with shortness of breath, cough, and back pain.",pneumothorax
"The patient presents with shortness of breath, drug abuse, back pain, side pain, shoulder pain, and hurts to breath.",pneumothorax
"The patient presents with shortness of breath, sharp chest pain, drug abuse, and side pain.",pneumothorax
"The patient presents with shortness of breath, drug abuse, back pain, side pain, shoulder pain, and hurts to breath.",pneumothorax
"The patient presents with shortness of breath, sharp chest pain, cough, drug abuse, side pain, and shoulder pain.",pneumothorax
"The patient presents with shortness of breath, cough, drug abuse, and hurts to breath.",pneumothorax
"The patient presents with shortness of breath, cough, drug abuse, and hurts to breath.",pneumothorax
"The patient presents with shortness of breath, cough, back pain, side pain, and shoulder pain.",pneumothorax
"The patient presents with drug abuse, back pain, side pain, and hurts to breath.",pneumothorax
"The patient presents with cough, drug abuse, side pain, and shoulder pain.",pneumothorax
"The patient presents with shortness of breath, cough, drug abuse, and side pain.",pneumothorax
"The patient presents with shortness of breath, back pain, side pain, and shoulder pain.",pneumothorax
"The patient presents with drug abuse, back pain, side pain, shoulder pain, and hurts to breath.",pneumothorax
"The patient presents with sharp chest pain, cough, back pain, side pain, and shoulder pain.",pneumothorax
"The patient presents with shortness of breath, cough, drug abuse, side pain, and shoulder pain.",pneumothorax
"The patient presents with shortness of breath, sharp chest pain, drug abuse, back pain, side pain, and shoulder pain.",pneumothorax
"The patient presents with cough, drug abuse, back pain, and hurts to breath.",pneumothorax
"The patient presents with shortness of breath, sharp chest pain, and shoulder pain.",pneumothorax
"The patient presents with sharp chest pain, drug abuse, back pain, side pain, and hurts to breath.",pneumothorax
"The patient presents with shortness of breath, sharp chest pain, drug abuse, side pain, and shoulder pain.",pneumothorax
"The patient presents with drug abuse, side pain, shoulder pain, and hurts to breath.",pneumothorax
"The patient presents with shortness of breath, cough, drug abuse, and shoulder pain.",pneumothorax
"The patient presents with shortness of breath, cough, drug abuse, and back pain.",pneumothorax
"The patient presents with sharp chest pain, cough, drug abuse, and hurts to breath.",pneumothorax
"The patient presents with sharp chest pain, back pain, side pain, shoulder pain, and hurts to breath.",pneumothorax
"The patient presents with sharp chest pain, drug abuse, shoulder pain, and hurts to breath.",pneumothorax
"The patient presents with drug abuse, back pain, shoulder pain, and hurts to breath.",pneumothorax
"The patient presents with shortness of breath, sharp chest pain, drug abuse, back pain, and shoulder pain.",pneumothorax
"The patient presents with shortness of breath, cough, and drug abuse.",pneumothorax
"The patient presents with shortness of breath, drug abuse, back pain, side pain, shoulder pain, and hurts to breath.",pneumothorax
"The patient presents with cough, drug abuse, and side pain.",pneumothorax
"The patient presents with sharp chest pain, drug abuse, back pain, shoulder pain, and hurts to breath.",pneumothorax
"The patient presents with cough, drug abuse, side pain, and shoulder pain.",pneumothorax
"The patient presents with cough, drug abuse, back pain, shoulder pain, and hurts to breath.",pneumothorax
"The patient presents with cough, side pain, shoulder pain, and hurts to breath.",pneumothorax
"The patient presents with shortness of breath, sharp chest pain, cough, drug abuse, and shoulder pain.",pneumothorax
"The patient presents with cough, back pain, side pain, shoulder pain, and hurts to breath.",pneumothorax
"The patient presents with shortness of breath, sharp chest pain, drug abuse, side pain, and hurts to breath.",pneumothorax
"The patient presents with cough, drug abuse, side pain, and hurts to breath.",pneumothorax
"The patient presents with shortness of breath, sharp chest pain, side pain, shoulder pain, and hurts to breath.",pneumothorax
"The patient presents with shortness of breath, cough, drug abuse, back pain, and shoulder pain.",pneumothorax
"The patient presents with sharp chest pain, side pain, shoulder pain, and hurts to breath.",pneumothorax
"The patient presents with cough, side pain, shoulder pain, and hurts to breath.",pneumothorax
"The patient presents with shortness of breath, sharp chest pain, cough, and hurts to breath.",pneumothorax
"The patient presents with shortness of breath, side pain, shoulder pain, and hurts to breath.",pneumothorax
"The patient presents with sharp chest pain, cough, drug abuse, side pain, and shoulder pain.",pneumothorax
"The patient presents with shortness of breath, cough, drug abuse, back pain, shoulder pain, and hurts to breath.",pneumothorax
"The patient presents with shortness of breath, drug abuse, shoulder pain, and hurts to breath.",pneumothorax
"The patient presents with shortness of breath, sharp chest pain, drug abuse, back pain, side pain, and shoulder pain.",pneumothorax
"The patient presents with shortness of breath, sharp chest pain, cough, drug abuse, shoulder pain, and hurts to breath.",pneumothorax
"The patient presents with drug abuse, back pain, and shoulder pain.",pneumothorax
"The patient presents with shortness of breath, cough, drug abuse, and shoulder pain.",pneumothorax
"The patient presents with back pain, side pain, and shoulder pain.",pneumothorax
"The patient presents with shortness of breath, drug abuse, back pain, and hurts to breath.",pneumothorax
"The patient presents with cough, side pain, shoulder pain, and hurts to breath.",pneumothorax
"The patient presents with sharp chest pain, cough, drug abuse, side pain, and shoulder pain.",pneumothorax
"The patient presents with shortness of breath, sharp chest pain, drug abuse, back pain, and hurts to breath.",pneumothorax
"The patient presents with shortness of breath, sharp chest pain, cough, drug abuse, back pain, side pain, and hurts to breath.",pneumothorax
"The patient presents with sharp chest pain, cough, drug abuse, back pain, and side pain.",pneumothorax
"The patient presents with shortness of breath, drug abuse, and side pain.",pneumothorax
"The patient presents with sharp chest pain, drug abuse, and shoulder pain.",pneumothorax
"The patient presents with sharp chest pain, cough, back pain, shoulder pain, and hurts to breath.",pneumothorax
"The patient presents with cough, drug abuse, back pain, and side pain.",pneumothorax
"The patient presents with shortness of breath, sharp chest pain, cough, drug abuse, and back pain.",pneumothorax
"The patient presents with cough, drug abuse, shoulder pain, and hurts to breath.",pneumothorax
"The patient presents with shortness of breath, cough, side pain, shoulder pain, and hurts to breath.",pneumothorax
"The patient presents with sharp chest pain, drug abuse, side pain, and shoulder pain.",pneumothorax
"The patient presents with shortness of breath, sharp chest pain, drug abuse, back pain, shoulder pain, and hurts to breath.",pneumothorax
"The patient presents with shortness of breath, sharp chest pain, drug abuse, back pain, side pain, shoulder pain, and hurts to breath.",pneumothorax
"The patient presents with cough, drug abuse, back pain, side pain, and shoulder pain.",pneumothorax
"The patient presents with drug abuse, side pain, and shoulder pain.",pneumothorax
"The patient presents with shortness of breath, sharp chest pain, drug abuse, back pain, side pain, shoulder pain, and hurts to breath.",pneumothorax
"The patient presents with drug abuse, shoulder pain, and hurts to breath.",pneumothorax
"The patient presents with shortness of breath, sharp chest pain, cough, drug abuse, and shoulder pain.",pneumothorax
"The patient presents with shortness of breath, cough, drug abuse, side pain, and shoulder pain.",pneumothorax
"The patient presents with drug abuse, side pain, shoulder pain, and hurts to breath.",pneumothorax
"The patient presents with shortness of breath, drug abuse, back pain, and shoulder pain.",pneumothorax
"The patient presents with sharp chest pain, cough, drug abuse, side pain, and hurts to breath.",pneumothorax
"The patient presents with shortness of breath, sharp chest pain, back pain, and hurts to breath.",pneumothorax
"The patient presents with shortness of breath, sharp chest pain, drug abuse, shoulder pain, and hurts to breath.",pneumothorax
"The patient presents with shortness of breath, drug abuse, back pain, and side pain.",pneumothorax
"The patient presents with back pain, side pain, shoulder pain, and hurts to breath.",pneumothorax
"The patient presents with sharp chest pain, cough, drug abuse, back pain, shoulder pain, and hurts to breath.",pneumothorax
"The patient presents with sharp chest pain, cough, back pain, side pain, and shoulder pain.",pneumothorax
"The patient presents with shortness of breath, drug abuse, back pain, and shoulder pain.",pneumothorax
"The patient presents with sharp chest pain, drug abuse, side pain, and shoulder pain.",pneumothorax
"The patient presents with shortness of breath, sharp chest pain, cough, side pain, shoulder pain, and hurts to breath.",pneumothorax
"The patient presents with sharp chest pain, cough, drug abuse, shoulder pain, and hurts to breath.",pneumothorax
"The patient presents with shortness of breath, sharp chest pain, drug abuse, back pain, side pain, and shoulder pain.",pneumothorax
"The patient presents with shortness of breath, sharp chest pain, cough, drug abuse, back pain, and shoulder pain.",pneumothorax
The patient presents with sharp chest pain and shoulder pain.,pneumothorax
"The patient presents with shortness of breath, sharp chest pain, cough, side pain, shoulder pain, and hurts to breath.",pneumothorax
"The patient presents with sharp chest pain, drug abuse, side pain, and hurts to breath.",pneumothorax
"The patient presents with shortness of breath, sharp chest pain, cough, drug abuse, side pain, and shoulder pain.",pneumothorax
"The patient presents with shortness of breath, cough, drug abuse, side pain, shoulder pain, and hurts to breath.",pneumothorax
"The patient presents with drug abuse, back pain, and shoulder pain.",pneumothorax
"The patient presents with shortness of breath, sharp chest pain, cough, drug abuse, back pain, and side pain.",pneumothorax
"The patient presents with shortness of breath, cough, and hurts to breath.",pneumothorax
"The patient presents with sharp chest pain, cough, side pain, shoulder pain, and hurts to breath.",pneumothorax
"The patient presents with sharp chest pain, drug abuse, back pain, shoulder pain, and hurts to breath.",pneumothorax
"The patient presents with cough, shoulder pain, and hurts to breath.",pneumothorax
"The patient presents with shortness of breath, sharp chest pain, drug abuse, side pain, and shoulder pain.",pneumothorax
"The patient presents with shortness of breath, cough, drug abuse, back pain, shoulder pain, and hurts to breath.",pneumothorax
"The patient presents with shortness of breath, cough, drug abuse, back pain, side pain, and shoulder pain.",pneumothorax
"The patient presents with shortness of breath, cough, back pain, and hurts to breath.",pneumothorax
"The patient presents with shortness of breath, sharp chest pain, cough, drug abuse, back pain, side pain, and shoulder pain.",pneumothorax
"The patient presents with sharp chest pain, cough, drug abuse, back pain, side pain, shoulder pain, and hurts to breath.",pneumothorax
"The patient presents with cough, back pain, side pain, and shoulder pain.",pneumothorax
"The patient presents with sharp chest pain, cough, back pain, side pain, shoulder pain, and hurts to breath.",pneumothorax
"The patient presents with sharp chest pain, cough, drug abuse, back pain, shoulder pain, and hurts to breath.",pneumothorax
"The patient presents with shortness of breath, sharp chest pain, drug abuse, back pain, side pain, shoulder pain, and hurts to breath.",pneumothorax
"The patient presents with shortness of breath, sharp chest pain, drug abuse, side pain, and shoulder pain.",pneumothorax
"The patient presents with shortness of breath, sharp chest pain, cough, drug abuse, and back pain.",pneumothorax
"The patient presents with shortness of breath, cough, drug abuse, side pain, and shoulder pain.",pneumothorax
"The patient presents with shortness of breath, sharp chest pain, cough, drug abuse, back pain, side pain, shoulder pain, and hurts to breath.",pneumothorax
"The patient presents with shortness of breath, sharp chest pain, drug abuse, shoulder pain, and hurts to breath.",pneumothorax
"The patient presents with shortness of breath, sharp chest pain, cough, drug abuse, side pain, and shoulder pain.",pneumothorax
"The patient presents with shortness of breath, drug abuse, back pain, side pain, and shoulder pain.",pneumothorax
"The patient presents with shortness of breath, cough, drug abuse, back pain, shoulder pain, and hurts to breath.",pneumothorax
"The patient presents with shortness of breath, cough, drug abuse, and side pain.",pneumothorax
"The patient presents with shortness of breath, sharp chest pain, drug abuse, side pain, shoulder pain, and hurts to breath.",pneumothorax
"The patient presents with drug abuse, back pain, side pain, and hurts to breath.",pneumothorax
"The patient presents with shortness of breath, drug abuse, side pain, and hurts to breath.",pneumothorax
"The patient presents with shortness of breath, drug abuse, side pain, and shoulder pain.",pneumothorax
"The patient presents with shortness of breath, back pain, and side pain.",pneumothorax
"The patient presents with shortness of breath, drug abuse, back pain, shoulder pain, and hurts to breath.",pneumothorax
"The patient presents with sharp chest pain, cough, back pain, and shoulder pain.",pneumothorax
"The patient presents with shortness of breath, sharp chest pain, back pain, side pain, shoulder pain, and hurts to breath.",pneumothorax
"The patient presents with cough, drug abuse, back pain, side pain, shoulder pain, and hurts to breath.",pneumothorax
"The patient presents with shortness of breath, drug abuse, back pain, shoulder pain, and hurts to breath.",pneumothorax
"The patient presents with sharp chest pain, drug abuse, back pain, side pain, and shoulder pain.",pneumothorax
"The patient presents with sharp chest pain, back pain, side pain, and shoulder pain.",pneumothorax
"The patient presents with shortness of breath, drug abuse, and hurts to breath.",pneumothorax
"The patient presents with drug abuse, side pain, shoulder pain, and hurts to breath.",pneumothorax
"The patient presents with shortness of breath, sharp chest pain, back pain, and shoulder pain.",pneumothorax
"The patient presents with sharp chest pain, cough, back pain, and shoulder pain.",pneumothorax
"The patient presents with cough, back pain, and shoulder pain.",pneumothorax
"The patient presents with sharp chest pain, cough, drug abuse, back pain, side pain, shoulder pain, and hurts to breath.",pneumothorax
"The patient presents with sharp chest pain, cough, drug abuse, back pain, and hurts to breath.",pneumothorax
"The patient presents with shortness of breath, sharp chest pain, drug abuse, and side pain.",pneumothorax
"The patient presents with shortness of breath, sharp chest pain, cough, drug abuse, back pain, side pain, shoulder pain, and hurts to breath.",pneumothorax
"The patient presents with shortness of breath, side pain, and shoulder pain.",pneumothorax
"The patient presents with shortness of breath, sharp chest pain, back pain, shoulder pain, and hurts to breath.",pneumothorax
"The patient presents with shortness of breath, sharp chest pain, cough, drug abuse, and shoulder pain.",pneumothorax
"The patient presents with shortness of breath, drug abuse, back pain, and side pain.",pneumothorax
"The patient presents with shortness of breath, sharp chest pain, drug abuse, back pain, and shoulder pain.",pneumothorax
"The patient presents with shortness of breath, cough, drug abuse, back pain, and shoulder pain.",pneumothorax
The patient presents with shortness of breath and drug abuse.,pneumothorax
"The patient presents with sharp chest pain, cough, drug abuse, and shoulder pain.",pneumothorax
"The patient presents with shortness of breath, drug abuse, side pain, and shoulder pain.",pneumothorax
"The patient presents with sharp chest pain, cough, drug abuse, side pain, and shoulder pain.",pneumothorax
"The patient presents with sharp chest pain, cough, drug abuse, back pain, and side pain.",pneumothorax
"The patient presents with shortness of breath, sharp chest pain, side pain, and hurts to breath.",pneumothorax
"The patient presents with cough, drug abuse, back pain, shoulder pain, and hurts to breath.",pneumothorax
"The patient presents with shortness of breath, cough, drug abuse, back pain, and side pain.",pneumothorax
"The patient presents with shortness of breath, drug abuse, side pain, shoulder pain, and hurts to breath.",pneumothorax
"The patient presents with drug abuse, back pain, side pain, and shoulder pain.",pneumothorax
"The patient presents with shortness of breath, cough, back pain, and shoulder pain.",pneumothorax
"The patient presents with sharp chest pain, back pain, side pain, and hurts to breath.",pneumothorax
"The patient presents with shortness of breath, sharp chest pain, drug abuse, side pain, and shoulder pain.",pneumothorax
"The patient presents with sharp chest pain, cough, drug abuse, and shoulder pain.",pneumothorax
"The patient presents with sharp chest pain, cough, drug abuse, shoulder pain, and hurts to breath.",pneumothorax
"The patient presents with sharp chest pain, cough, drug abuse, back pain, side pain, and shoulder pain.",pneumothorax
"The patient presents with shortness of breath, sharp chest pain, cough, drug abuse, back pain, side pain, shoulder pain, and hurts to breath.",pneumothorax
"The patient presents with shortness of breath, sharp chest pain, drug abuse, side pain, and hurts to breath.",pneumothorax
"The patient presents with shortness of breath, side pain, and hurts to breath.",pneumothorax
"The patient presents with shortness of breath, sharp chest pain, cough, sharp abdominal pain, back pain, and hurts to breath.",pleural effusion
"The patient presents with cough, sharp abdominal pain, side pain, difficulty breathing, and hurts to breath.",pleural effusion
"The patient presents with shortness of breath, sharp chest pain, sharp abdominal pain, back pain, difficulty breathing, and rib pain.",pleural effusion
"The patient presents with shortness of breath, side pain, and rib pain.",pleural effusion
The patient presents with sharp chest pain.,pleural effusion
"The patient presents with shortness of breath, sharp abdominal pain, side pain, and rib pain.",pleural effusion
"The patient presents with sharp chest pain, cough, and difficulty breathing.",pleural effusion
"The patient presents with sharp chest pain, cough, sharp abdominal pain, weakness, difficulty breathing, rib pain, and hurts to breath.",pleural effusion
"The patient presents with shortness of breath, sharp abdominal pain, back pain, and rib pain.",pleural effusion
"The patient presents with shortness of breath, cough, weakness, difficulty breathing, rib pain, and hurts to breath.",pleural effusion
"The patient presents with sharp chest pain, sharp abdominal pain, weakness, rib pain, and hurts to breath.",pleural effusion
"The patient presents with sharp chest pain, weakness, and difficulty breathing.",pleural effusion
"The patient presents with back pain, weakness, rib pain, and hurts to breath.",pleural effusion
"The patient presents with shortness of breath, cough, back pain, difficulty breathing, and hurts to breath.",pleural effusion
"The patient presents with sharp abdominal pain, side pain, difficulty breathing, and rib pain.",pleural effusion
"The patient presents with sharp chest pain, cough, sharp abdominal pain, weakness, side pain, difficulty breathing, rib pain, and hurts to breath.",pleural effusion
"The patient presents with shortness of breath, cough, sharp abdominal pain, back pain, weakness, difficulty breathing, and hurts to breath.",pleural effusion
"The patient presents with sharp chest pain, cough, sharp abdominal pain, back pain, weakness, and difficulty breathing.",pleural effusion
"The patient presents with shortness of breath, sharp abdominal pain, back pain, side pain, difficulty breathing, and rib pain.",pleural effusion
"The patient presents with sharp chest pain, cough, sharp abdominal pain, back pain, and hurts to breath.",pleural effusion
"The patient presents with shortness of breath, cough, sharp abdominal pain, back pain, side pain, and hurts to breath.",pleural effusion
"The patient presents with sharp chest pain, sharp abdominal pain, weakness, side pain, rib pain, and hurts to breath.",pleural effusion
"The patient presents with shortness of breath, cough, sharp abdominal pain, back pain, side pain, and difficulty breathing.",pleural effusion
"The patient presents with back pain, side pain, and rib pain.",pleural effusion
"The patient presents with shortness of breath, sharp abdominal pain, back pain, weakness, difficulty breathing, rib pain, and hurts to breath.",pleural effusion
"The patient presents with shortness of breath, sharp chest pain, cough, sharp abdominal pain, weakness, and rib pain.",pleural effusion
"The patient presents with cough, sharp abdominal pain, weakness, side pain, and rib pain.",pleural effusion
"The patient presents with shortness of breath, sharp chest pain, sharp abdominal pain, side pain, and hurts to breath.",pleural effusion
"The patient presents with shortness of breath, cough, sharp abdominal pain, back pain, weakness, side pain, and rib pain.",pleural effusion
"The patient presents with shortness of breath, sharp chest pain, sharp abdominal pain, back pain, and rib pain.",pleural effusion
"The patient presents with sharp chest pain, sharp abdominal pain, back pain, and hurts to breath.",pleural effusion
"The patient presents with sharp chest pain, side pain, difficulty breathing, rib pain, and hurts to breath.",pleural effusion
"The patient presents with shortness of breath, sharp chest pain, cough, sharp abdominal pain, back pain, weakness, side pain, and rib pain.",pleural effusion
"The patient presents with sharp chest pain, sharp abdominal pain, weakness, side pain, and rib pain.",pleural effusion
"The patient presents with sharp chest pain, sharp abdominal pain, back pain, weakness, difficulty breathing, and rib pain.",pleural effusion
"The patient presents with sharp chest pain, sharp abdominal pain, back pain, weakness, side pain, difficulty breathing, and hurts to breath.",pleural effusion
"The patient presents with shortness of breath, sharp chest pain, weakness, side pain, difficulty breathing, rib pain, and hurts to breath.",pleural effusion
"The patient presents with shortness of breath, sharp chest pain, cough, sharp abdominal pain, weakness, side pain, and rib pain.",pleural effusion
"The patient presents with sharp chest pain, sharp abdominal pain, weakness, side pain, and hurts to breath.",pleural effusion
The patient presents with shortness of breath and rib pain.,pleural effusion
"The patient presents with shortness of breath, sharp chest pain, cough, sharp abdominal pain, back pain, weakness, and rib pain.",pleural effusion
"The patient presents with sharp chest pain, cough, sharp abdominal pain, weakness, and hurts to breath.",pleural effusion
"The patient presents with shortness of breath, cough, side pain, rib pain, and hurts to breath.",pleural effusion
"The patient presents with shortness of breath, sharp chest pain, cough, sharp abdominal pain, back pain, and side pain.",pleural effusion
"The patient presents with cough, sharp abdominal pain, back pain, difficulty breathing, rib pain, and hurts to breath.",pleural effusion
"The patient presents with shortness of breath, sharp abdominal pain, back pain, weakness, side pain, and rib pain.",pleural effusion
The patient presents with back pain and rib pain.,pleural effusion
"The patient presents with sharp chest pain, cough, sharp abdominal pain, back pain, weakness, side pain, difficulty breathing, rib pain, and hurts to breath.",pleural effusion
"The patient presents with shortness of breath, sharp chest pain, sharp abdominal pain, back pain, weakness, difficulty breathing, and hurts to breath.",pleural effusion
"The patient presents with sharp abdominal pain, side pain, difficulty breathing, rib pain, and hurts to breath.",pleural effusion
The patient presents with shortness of breath and difficulty breathing.,pleural effusion
"The patient presents with sharp chest pain, cough, sharp abdominal pain, weakness, rib pain, and hurts to breath.",pleural effusion
"The patient presents with shortness of breath, sharp abdominal pain, side pain, rib pain, and hurts to breath.",pleural effusion
"The patient presents with sharp abdominal pain, weakness, side pain, difficulty breathing, rib pain, and hurts to breath.",pleural effusion
"The patient presents with shortness of breath, cough, sharp abdominal pain, weakness, and difficulty breathing.",pleural effusion
"The patient presents with sharp chest pain, cough, sharp abdominal pain, back pain, weakness, side pain, and hurts to breath.",pleural effusion
"The patient presents with weakness, difficulty breathing, and rib pain.",pleural effusion
"The patient presents with shortness of breath, sharp abdominal pain, back pain, weakness, side pain, difficulty breathing, and hurts to breath.",pleural effusion
"The patient presents with shortness of breath, sharp chest pain, sharp abdominal pain, back pain, weakness, rib pain, and hurts to breath.",pleural effusion
"The patient presents with shortness of breath, sharp chest pain, cough, sharp abdominal pain, back pain, difficulty breathing, and hurts to breath.",pleural effusion
"The patient presents with shortness of breath, sharp chest pain, cough, sharp abdominal pain, rib pain, and hurts to breath.",pleural effusion
"The patient presents with cough, sharp abdominal pain, weakness, and rib pain.",pleural effusion
"The patient presents with sharp abdominal pain, difficulty breathing, and hurts to breath.",pleural effusion
"The patient presents with sharp abdominal pain, back pain, side pain, and difficulty breathing.",pleural effusion
"The patient presents with shortness of breath, cough, sharp abdominal pain, side pain, rib pain, and hurts to breath.",pleural effusion
"The patient presents with sharp chest pain, cough, side pain, difficulty breathing, and hurts to breath.",pleural effusion
"The patient presents with shortness of breath, sharp abdominal pain, rib pain, and hurts to breath.",pleural effusion
"The patient presents with sharp chest pain, sharp abdominal pain, back pain, side pain, and rib pain.",pleural effusion
"The patient presents with sharp abdominal pain, side pain, and hurts to breath.",pleural effusion
"The patient presents with shortness of breath, sharp abdominal pain, weakness, difficulty breathing, rib pain, and hurts to breath.",pleural effusion
"The patient presents with sharp abdominal pain, side pain, difficulty breathing, rib pain, and hurts to breath.",pleural effusion
"The patient presents with sharp chest pain, cough, sharp abdominal pain, back pain, and side pain.",pleural effusion
"The patient presents with shortness of breath, sharp chest pain, sharp abdominal pain, back pain, side pain, rib pain, and hurts to breath.",pleural effusion
"The patient presents with sharp chest pain, sharp abdominal pain, difficulty breathing, and rib pain.",pleural effusion
"The patient presents with cough, sharp abdominal pain, side pain, rib pain, and hurts to breath.",pleural effusion
"The patient presents with sharp abdominal pain, back pain, weakness, side pain, rib pain, and hurts to breath.",pleural effusion
"The patient presents with shortness of breath, sharp chest pain, weakness, side pain, difficulty breathing, and rib pain.",pleural effusion
"The patient presents with cough, sharp abdominal pain, back pain, weakness, and difficulty breathing.",pleural effusion
"The patient presents with sharp chest pain, cough, sharp abdominal pain, side pain, difficulty breathing, rib pain, and hurts to breath.",pleural effusion
"The patient presents with sharp chest pain, back pain, side pain, and hurts to breath.",pleural effusion
"The patient presents with shortness of breath, sharp chest pain, cough, sharp abdominal pain, back pain, and rib pain.",pleural effusion
The patient presents with shortness of breath and sharp abdominal pain.,pleural effusion
"The patient presents with sharp abdominal pain, back pain, weakness, and difficulty breathing.",pleural effusion
"The patient presents with sharp abdominal pain, weakness, side pain, rib pain, and hurts to breath.",pleural effusion
"The patient presents with shortness of breath, sharp chest pain, cough, sharp abdominal pain, back pain, weakness, side pain, rib pain, and hurts to breath.",pleural effusion
"The patient presents with sharp chest pain, cough, sharp abdominal pain, back pain, side pain, difficulty breathing, and rib pain.",pleural effusion
"The patient presents with sharp chest pain, sharp abdominal pain, back pain, and hurts to breath.",pleural effusion
"The patient presents with shortness of breath, sharp chest pain, cough, and sharp abdominal pain.",pleural effusion
"The patient presents with cough, sharp abdominal pain, back pain, and side pain.",pleural effusion
"The patient presents with sharp chest pain, sharp abdominal pain, side pain, difficulty breathing, and rib pain.",pleural effusion
"The patient presents with shortness of breath, sharp chest pain, sharp abdominal pain, back pain, and rib pain.",pleural effusion
"The patient presents with shortness of breath, sharp chest pain, sharp abdominal pain, weakness, side pain, difficulty breathing, rib pain, and hurts to breath.",pleural effusion
"The patient presents with cough, sharp abdominal pain, back pain, and weakness.",pleural effusion
"The patient presents with sharp chest pain, sharp abdominal pain, weakness, side pain, and rib pain.",pleural effusion
"The patient presents with sharp chest pain, sharp abdominal pain, side pain, and difficulty breathing.",pleural effusion
"The patient presents with shortness of breath, sharp chest pain, sharp abdominal pain, back pain, and hurts to breath.",pleural effusion
"The patient presents with sharp chest pain, sharp abdominal pain, weakness, side pain, difficulty breathing, rib pain, and hurts to breath.",pleural effusion
"The patient presents with shortness of breath, cough, sharp abdominal pain, and back pain.",pleural effusion
"The patient presents with sharp chest pain, cough, difficulty breathing, and rib pain.",pleural effusion
"The patient presents with shortness of breath, sharp chest pain, cough, sharp abdominal pain, back pain, side pain, difficulty breathing, and hurts to breath.",pleural effusion
"The patient presents with sharp chest pain, sharp abdominal pain, weakness, difficulty breathing, and rib pain.",pleural effusion
"The patient presents with shortness of breath, cough, sharp abdominal pain, weakness, rib pain, and hurts to breath.",pleural effusion
"The patient presents with shortness of breath, sharp chest pain, cough, back pain, weakness, and side pain.",pleural effusion
"The patient presents with shortness of breath, sharp chest pain, cough, sharp abdominal pain, back pain, side pain, and hurts to breath.",pleural effusion
"The patient presents with cough, weakness, side pain, difficulty breathing, and hurts to breath.",pleural effusion
"The patient presents with cough, weakness, and difficulty breathing.",pleural effusion
"The patient presents with sharp abdominal pain, side pain, difficulty breathing, and hurts to breath.",pleural effusion
"The patient presents with shortness of breath, cough, back pain, side pain, and rib pain.",pleural effusion
"The patient presents with sharp abdominal pain, back pain, weakness, and rib pain.",pleural effusion
"The patient presents with sharp abdominal pain, back pain, difficulty breathing, and rib pain.",pleural effusion
"The patient presents with shortness of breath, sharp chest pain, sharp abdominal pain, back pain, weakness, side pain, difficulty breathing, rib pain, and hurts to breath.",pleural effusion
"The patient presents with shortness of breath, sharp chest pain, cough, and weakness.",pleural effusion
"The patient presents with shortness of breath, back pain, side pain, and rib pain.",pleural effusion
"The patient presents with sharp chest pain, sharp abdominal pain, weakness, difficulty breathing, and rib pain.",pleural effusion
"The patient presents with shortness of breath, sharp chest pain, cough, sharp abdominal pain, weakness, difficulty breathing, and hurts to breath.",pleural effusion
"The patient presents with shortness of breath, side pain, difficulty breathing, and rib pain.",pleural effusion
"The patient presents with shortness of breath, weakness, difficulty breathing, rib pain, and hurts to breath.",pleural effusion
The patient presents with sharp chest pain and sharp abdominal pain.,pleural effusion
"The patient presents with sharp abdominal pain, weakness, difficulty breathing, and rib pain.",pleural effusion
"The patient presents with shortness of breath, sharp chest pain, sharp abdominal pain, weakness, side pain, and difficulty breathing.",pleural effusion
"The patient presents with shortness of breath, cough, sharp abdominal pain, back pain, and hurts to breath.",pleural effusion
"The patient presents with sharp chest pain, sharp abdominal pain, back pain, and hurts to breath.",pleural effusion
"The patient presents with cough, sharp abdominal pain, weakness, rib pain, and hurts to breath.",pleural effusion
"The patient presents with shortness of breath, cough, weakness, difficulty breathing, and rib pain.",pleural effusion
"The patient presents with sharp abdominal pain, weakness, side pain, difficulty breathing, and rib pain.",pleural effusion
"The patient presents with sharp chest pain, side pain, and difficulty breathing.",pleural effusion
"The patient presents with sharp abdominal pain, back pain, and weakness.",pleural effusion
"The patient presents with back pain, weakness, side pain, difficulty breathing, and rib pain.",pleural effusion
"The patient presents with sharp abdominal pain, side pain, and hurts to breath.",pleural effusion
"The patient presents with sharp abdominal pain, side pain, rib pain, and hurts to breath.",pleural effusion
"The patient presents with sharp chest pain, cough, sharp abdominal pain, rib pain, and hurts to breath.",pleural effusion
"The patient presents with sharp chest pain, sharp abdominal pain, weakness, rib pain, and hurts to breath.",pleural effusion
"The patient presents with shortness of breath, sharp chest pain, cough, and sharp abdominal pain.",pleural effusion
"The patient presents with sharp chest pain, cough, sharp abdominal pain, back pain, side pain, difficulty breathing, and rib pain.",pleural effusion
"The patient presents with sharp abdominal pain, back pain, weakness, side pain, and difficulty breathing.",pleural effusion
"The patient presents with sharp chest pain, cough, weakness, side pain, difficulty breathing, and hurts to breath.",pleural effusion
"The patient presents with cough, sharp abdominal pain, back pain, weakness, difficulty breathing, and rib pain.",pleural effusion
"The patient presents with shortness of breath, sharp abdominal pain, back pain, difficulty breathing, and hurts to breath.",pleural effusion
"The patient presents with sharp chest pain, sharp abdominal pain, side pain, difficulty breathing, rib pain, and hurts to breath.",pleural effusion
"The patient presents with sharp abdominal pain, weakness, and difficulty breathing.",pleural effusion
"The patient presents with shortness of breath, cough, sharp abdominal pain, back pain, difficulty breathing, and hurts to breath.",pleural effusion
"The patient presents with sharp chest pain, cough, weakness, difficulty breathing, rib pain, and hurts to breath.",pleural effusion
"The patient presents with shortness of breath, cough, sharp abdominal pain, back pain, weakness, and side pain.",pleural effusion
"The patient presents with sharp abdominal pain, back pain, rib pain, and hurts to breath.",pleural effusion
"The patient presents with shortness of breath, sharp abdominal pain, weakness, difficulty breathing, rib pain, and hurts to breath.",pleural effusion
"The patient presents with sharp chest pain, back pain, weakness, side pain, and hurts to breath.",pleural effusion
"The patient presents with shortness of breath, sharp chest pain, sharp abdominal pain, weakness, difficulty breathing, and hurts to breath.",pleural effusion
The patient presents with cough and side pain.,pleural effusion
"The patient presents with shortness of breath, sharp abdominal pain, back pain, weakness, and hurts to breath.",pleural effusion
"The patient presents with sharp abdominal pain, weakness, and rib pain.",pleural effusion
"The patient presents with shortness of breath, sharp abdominal pain, back pain, weakness, and rib pain.",pleural effusion
"The patient presents with sharp abdominal pain, weakness, side pain, difficulty breathing, rib pain, and hurts to breath.",pleural effusion
"The patient presents with shortness of breath, sharp abdominal pain, weakness, and rib pain.",pleural effusion
"The patient presents with shortness of breath, sharp chest pain, back pain, weakness, difficulty breathing, and rib pain.",pleural effusion
"The patient presents with shortness of breath, sharp chest pain, cough, back pain, and weakness.",pleural effusion
"The patient presents with shortness of breath, sharp chest pain, cough, sharp abdominal pain, back pain, weakness, difficulty breathing, and rib pain.",pleural effusion
"The patient presents with shortness of breath, sharp chest pain, sharp abdominal pain, back pain, weakness, side pain, and rib pain.",pleural effusion
"The patient presents with sharp abdominal pain, back pain, side pain, and hurts to breath.",pleural effusion
"The patient presents with cough, sharp abdominal pain, back pain, weakness, and hurts to breath.",pleural effusion
"The patient presents with shortness of breath, sharp abdominal pain, rib pain, and hurts to breath.",pleural effusion
"The patient presents with shortness of breath, cough, sharp abdominal pain, weakness, difficulty breathing, rib pain, and hurts to breath.",pleural effusion
"The patient presents with shortness of breath, sharp abdominal pain, weakness, side pain, difficulty breathing, rib pain, and hurts to breath.",pleural effusion
"The patient presents with shortness of breath, cough, sharp abdominal pain, side pain, difficulty breathing, and hurts to breath.",pleural effusion
"The patient presents with shortness of breath, cough, difficulty breathing, and rib pain.",pleural effusion
"The patient presents with cough, sharp abdominal pain, back pain, and difficulty breathing.",pleural effusion
"The patient presents with shortness of breath, sharp abdominal pain, back pain, weakness, side pain, difficulty breathing, and hurts to breath.",pleural effusion
"The patient presents with shortness of breath, sharp chest pain, sharp abdominal pain, weakness, side pain, rib pain, and hurts to breath.",pleural effusion
"The patient presents with sharp abdominal pain, weakness, difficulty breathing, and hurts to breath.",pleural effusion
"The patient presents with sharp chest pain, cough, sharp abdominal pain, weakness, side pain, difficulty breathing, rib pain, and hurts to breath.",pleural effusion
"The patient presents with shortness of breath, sharp chest pain, cough, back pain, weakness, side pain, difficulty breathing, and rib pain.",pleural effusion
"The patient presents with cough, sharp abdominal pain, weakness, side pain, rib pain, and hurts to breath.",pleural effusion
"The patient presents with shortness of breath, sharp chest pain, cough, back pain, side pain, difficulty breathing, rib pain, and hurts to breath.",pleural effusion
"The patient presents with sharp chest pain, sharp abdominal pain, and weakness.",pleural effusion
"The patient presents with sharp chest pain, cough, sharp abdominal pain, back pain, side pain, difficulty breathing, rib pain, and hurts to breath.",pleural effusion
"The patient presents with shortness of breath, cough, sharp abdominal pain, back pain, weakness, side pain, difficulty breathing, and hurts to breath.",pleural effusion
"The patient presents with sharp abdominal pain, back pain, weakness, difficulty breathing, and hurts to breath.",pleural effusion
"The patient presents with sharp abdominal pain, back pain, and side pain.",pleural effusion
"The patient presents with shortness of breath, sharp abdominal pain, weakness, side pain, and difficulty breathing.",pleural effusion
"The patient presents with shortness of breath, sharp chest pain, cough, sharp abdominal pain, back pain, weakness, side pain, difficulty breathing, and rib pain.",pleural effusion
"The patient presents with sharp chest pain, sharp abdominal pain, side pain, and hurts to breath.",pleural effusion
"The patient presents with shortness of breath, cough, sharp abdominal pain, back pain, weakness, difficulty breathing, and hurts to breath.",pleural effusion
"The patient presents with sharp chest pain, back pain, difficulty breathing, and rib pain.",pleural effusion
"The patient presents with shortness of breath, sharp chest pain, cough, and difficulty breathing.",pleural effusion
"The patient presents with shortness of breath, sharp chest pain, cough, difficulty breathing, rib pain, and hurts to breath.",pleural effusion
"The patient presents with weakness, side pain, rib pain, and hurts to breath.",pleural effusion
"The patient presents with sharp chest pain, cough, sharp abdominal pain, back pain, weakness, and side pain.",pleural effusion
"The patient presents with shortness of breath, weakness, and rib pain.",pleural effusion
"The patient presents with sharp chest pain, sharp abdominal pain, back pain, weakness, and difficulty breathing.",pleural effusion
"The patient presents with sharp chest pain, cough, sharp abdominal pain, side pain, and hurts to breath.",pleural effusion
"The patient presents with shortness of breath, sharp chest pain, sharp abdominal pain, back pain, weakness, side pain, and hurts to breath.",pleural effusion
"The patient presents with shortness of breath, cough, back pain, rib pain, and hurts to breath.",pleural effusion
"The patient presents with sharp chest pain, cough, sharp abdominal pain, side pain, difficulty breathing, and rib pain.",pleural effusion
"The patient presents with shortness of breath, cough, sharp abdominal pain, back pain, side pain, rib pain, and hurts to breath.",pleural effusion
"The patient presents with shortness of breath, sharp chest pain, sharp abdominal pain, back pain, weakness, difficulty breathing, rib pain, and hurts to breath.",pleural effusion
"The patient presents with shortness of breath, sharp chest pain, cough, sharp abdominal pain, side pain, difficulty breathing, and hurts to breath.",pleural effusion
"The patient presents with sharp chest pain, cough, weakness, and rib pain.",pleural effusion
"The patient presents with shortness of breath, cough, sharp abdominal pain, weakness, and rib pain.",pleural effusion
"The patient presents with cough, sharp abdominal pain, side pain, and hurts to breath.",pleural effusion
"The patient presents with cough, sharp abdominal pain, back pain, and rib pain.",pleural effusion
"The patient presents with cough, sharp abdominal pain, weakness, side pain, difficulty breathing, rib pain, and hurts to breath.",pleural effusion
"The patient presents with sharp abdominal pain, weakness, and rib pain.",pleural effusion
"The patient presents with shortness of breath, cough, sharp abdominal pain, back pain, difficulty breathing, rib pain, and hurts to breath.",pleural effusion
"The patient presents with cough, sharp abdominal pain, and side pain.",pleural effusion
"The patient presents with shortness of breath, sharp chest pain, sharp abdominal pain, back pain, weakness, and rib pain.",pleural effusion
"The patient presents with sharp chest pain, cough, back pain, difficulty breathing, rib pain, and hurts to breath.",pleural effusion
"The patient presents with shortness of breath, sharp chest pain, back pain, weakness, side pain, rib pain, and hurts to breath.",pleural effusion
"The patient presents with shortness of breath, sharp chest pain, cough, sharp abdominal pain, rib pain, and hurts to breath.",pleural effusion
"The patient presents with shortness of breath, sharp abdominal pain, weakness, side pain, and difficulty breathing.",pleural effusion
"The patient presents with shortness of breath, sharp abdominal pain, back pain, and side pain.",pleural effusion
"The patient presents with weakness, difficulty breathing, and hurts to breath.",pleural effusion
"The patient presents with shortness of breath, back pain, difficulty breathing, rib pain, and hurts to breath.",pleural effusion
"The patient presents with cough, sharp abdominal pain, weakness, side pain, difficulty breathing, and rib pain.",pleural effusion
"The patient presents with shortness of breath, sharp chest pain, sharp abdominal pain, back pain, weakness, side pain, difficulty breathing, rib pain, and hurts to breath.",pleural effusion
"The patient presents with sharp chest pain, sharp abdominal pain, back pain, weakness, rib pain, and hurts to breath.",pleural effusion
"The patient presents with shortness of breath, sharp chest pain, cough, sharp abdominal pain, weakness, side pain, difficulty breathing, and hurts to breath.",pleural effusion
"The patient presents with shortness of breath, cough, sharp abdominal pain, side pain, rib pain, and hurts to breath.",pleural effusion
"The patient presents with shortness of breath, cough, sharp abdominal pain, back pain, weakness, and side pain.",pleural effusion
"The patient presents with sharp chest pain, cough, sharp abdominal pain, back pain, weakness, side pain, difficulty breathing, and rib pain.",pleural effusion
"The patient presents with shortness of breath, sharp chest pain, sharp abdominal pain, back pain, weakness, and hurts to breath.",pleural effusion
"The patient presents with shortness of breath, cough, back pain, side pain, and hurts to breath.",pleural effusion
"The patient presents with sharp chest pain, sharp abdominal pain, weakness, difficulty breathing, and hurts to breath.",pleural effusion
"The patient presents with shortness of breath, cough, sharp abdominal pain, back pain, weakness, side pain, rib pain, and hurts to breath.",pleural effusion
"The patient presents with sharp chest pain, cough, sharp abdominal pain, back pain, weakness, side pain, and difficulty breathing.",pleural effusion
"The patient presents with sharp chest pain, cough, sharp abdominal pain, and back pain.",pleural effusion
"The patient presents with sharp chest pain, sharp abdominal pain, weakness, side pain, rib pain, and hurts to breath.",pleural effusion
"The patient presents with sharp chest pain, cough, sharp abdominal pain, side pain, and rib pain.",pleural effusion
"The patient presents with sharp abdominal pain, side pain, and difficulty breathing.",pleural effusion
"The patient presents with sharp abdominal pain, weakness, side pain, and hurts to breath.",pleural effusion
"The patient presents with shortness of breath, sharp chest pain, cough, sharp abdominal pain, back pain, rib pain, and hurts to breath.",pleural effusion
"The patient presents with sharp abdominal pain, back pain, side pain, and rib pain.",pleural effusion
"The patient presents with sharp abdominal pain, back pain, weakness, and difficulty breathing.",pleural effusion
"The patient presents with shortness of breath, sharp chest pain, sharp abdominal pain, back pain, rib pain, and hurts to breath.",pleural effusion
"The patient presents with shortness of breath, sharp abdominal pain, back pain, weakness, difficulty breathing, and hurts to breath.",pleural effusion
"The patient presents with shortness of breath, cough, back pain, weakness, rib pain, and hurts to breath.",pleural effusion
"The patient presents with shortness of breath, sharp chest pain, back pain, weakness, difficulty breathing, and hurts to breath.",pleural effusion
"The patient presents with shortness of breath, sharp abdominal pain, weakness, difficulty breathing, rib pain, and hurts to breath.",pleural effusion
"The patient presents with sharp chest pain, weakness, side pain, rib pain, and hurts to breath.",pleural effusion
"The patient presents with shortness of breath, sharp chest pain, sharp abdominal pain, weakness, and difficulty breathing.",pleural effusion
"The patient presents with shortness of breath, sharp chest pain, sharp abdominal pain, weakness, and side pain.",pleural effusion
"The patient presents with sharp chest pain, sharp abdominal pain, back pain, and difficulty breathing.",pleural effusion
"The patient presents with shortness of breath, cough, back pain, and side pain.",pleural effusion
"The patient presents with cough, sharp abdominal pain, difficulty breathing, and rib pain.",pleural effusion
"The patient presents with shortness of breath, cough, weakness, side pain, and rib pain.",pleural effusion
"The patient presents with shortness of breath, difficulty breathing, and rib pain.",pleural effusion
"The patient presents with cough, back pain, and rib pain.",pleural effusion
"The patient presents with shortness of breath, sharp chest pain, cough, sharp abdominal pain, back pain, weakness, side pain, rib pain, and hurts to breath.",pleural effusion
"The patient presents with sharp chest pain, sharp abdominal pain, weakness, side pain, difficulty breathing, rib pain, and hurts to breath.",pleural effusion
"The patient presents with shortness of breath, sharp chest pain, sharp abdominal pain, back pain, weakness, side pain, difficulty breathing, and rib pain.",pleural effusion
"The patient presents with sharp abdominal pain, back pain, weakness, side pain, and rib pain.",pleural effusion
"The patient presents with sharp chest pain, cough, back pain, weakness, difficulty breathing, and hurts to breath.",pleural effusion
"The patient presents with sharp chest pain, cough, sharp abdominal pain, difficulty breathing, rib pain, and hurts to breath.",pleural effusion
"The patient presents with shortness of breath, sharp chest pain, sharp abdominal pain, back pain, side pain, difficulty breathing, and hurts to breath.",pleural effusion
"The patient presents with shortness of breath, weakness, side pain, and hurts to breath.",pleural effusion
"The patient presents with sharp abdominal pain, back pain, difficulty breathing, and hurts to breath.",pleural effusion
"The patient presents with shortness of breath, sharp chest pain, and sharp abdominal pain.",pleural effusion
"The patient presents with cough, sharp abdominal pain, weakness, side pain, and difficulty breathing.",pleural effusion
The patient presents with cough and back pain.,pleural effusion
"The patient presents with shortness of breath, sharp chest pain, cough, back pain, rib pain, and hurts to breath.",pleural effusion
"The patient presents with sharp abdominal pain, back pain, and rib pain.",pleural effusion
"The patient presents with shortness of breath, cough, back pain, weakness, difficulty breathing, and rib pain.",pleural effusion
"The patient presents with sharp chest pain, sharp abdominal pain, back pain, weakness, side pain, and rib pain.",pleural effusion
"The patient presents with sharp chest pain, weakness, side pain, and rib pain.",pleural effusion
"The patient presents with shortness of breath, cough, back pain, side pain, rib pain, and hurts to breath.",pleural effusion
"The patient presents with shortness of breath, sharp chest pain, cough, difficulty breathing, and rib pain.",pleural effusion
"The patient presents with cough, sharp abdominal pain, back pain, weakness, rib pain, and hurts to breath.",pleural effusion
"The patient presents with sharp chest pain, cough, sharp abdominal pain, weakness, difficulty breathing, rib pain, and hurts to breath.",pleural effusion
"The patient presents with cough, back pain, weakness, side pain, rib pain, and hurts to breath.",pleural effusion
The patient presents with sharp abdominal pain and rib pain.,pleural effusion
"The patient presents with shortness of breath, cough, sharp abdominal pain, back pain, side pain, rib pain, and hurts to breath.",pleural effusion
"The patient presents with sharp chest pain, sharp abdominal pain, back pain, weakness, side pain, difficulty breathing, and rib pain.",pleural effusion
"The patient presents with shortness of breath, sharp chest pain, cough, sharp abdominal pain, back pain, side pain, and rib pain.",pleural effusion
"The patient presents with cough, sharp abdominal pain, side pain, difficulty breathing, and rib pain.",pleural effusion
"The patient presents with cough, sharp abdominal pain, side pain, and rib pain.",pleural effusion
"The patient presents with sharp chest pain, sharp abdominal pain, back pain, weakness, and side pain.",pleural effusion
"The patient presents with shortness of breath, sharp chest pain, sharp abdominal pain, weakness, difficulty breathing, and hurts to breath.",pleural effusion
"The patient presents with sharp chest pain, cough, sharp abdominal pain, side pain, difficulty breathing, rib pain, and hurts to breath.",pleural effusion
"The patient presents with sharp chest pain, cough, sharp abdominal pain, back pain, weakness, difficulty breathing, rib pain, and hurts to breath.",pleural effusion
"The patient presents with shortness of breath, sharp chest pain, sharp abdominal pain, back pain, weakness, side pain, difficulty breathing, rib pain, and hurts to breath.",pleural effusion
"The patient presents with shortness of breath, sharp chest pain, sharp abdominal pain, weakness, difficulty breathing, and rib pain.",pleural effusion
"The patient presents with shortness of breath, sharp abdominal pain, weakness, difficulty breathing, and rib pain.",pleural effusion
"The patient presents with sharp chest pain, back pain, weakness, and hurts to breath.",pleural effusion
"The patient presents with sharp chest pain, sharp abdominal pain, and weakness.",pleural effusion
"The patient presents with shortness of breath, sharp chest pain, cough, sharp abdominal pain, back pain, and rib pain.",pleural effusion
"The patient presents with sharp chest pain, cough, sharp abdominal pain, difficulty breathing, and hurts to breath.",pleural effusion
"The patient presents with shortness of breath, sharp chest pain, cough, sharp abdominal pain, weakness, side pain, rib pain, and hurts to breath.",pleural effusion
"The patient presents with shortness of breath, sharp chest pain, sharp abdominal pain, weakness, and rib pain.",pleural effusion
"The patient presents with shortness of breath, sharp chest pain, sharp abdominal pain, weakness, rib pain, and hurts to breath.",pleural effusion
"The patient presents with shortness of breath, sharp abdominal pain, back pain, weakness, and difficulty breathing.",pleural effusion
"The patient presents with shortness of breath, sharp abdominal pain, back pain, side pain, difficulty breathing, and rib pain.",pleural effusion
"The patient presents with shortness of breath, cough, sharp abdominal pain, weakness, side pain, difficulty breathing, and rib pain.",pleural effusion
"The patient presents with shortness of breath, cough, sharp abdominal pain, and rib pain.",pleural effusion
"The patient presents with sharp chest pain, weakness, side pain, and hurts to breath.",pleural effusion
"The patient presents with sharp abdominal pain, back pain, weakness, and difficulty breathing.",pleural effusion
"The patient presents with back pain, difficulty breathing, and hurts to breath.",pleural effusion
"The patient presents with sharp chest pain, cough, sharp abdominal pain, side pain, difficulty breathing, and rib pain.",pleural effusion
"The patient presents with shortness of breath, sharp chest pain, cough, sharp abdominal pain, back pain, and weakness.",pleural effusion
"The patient presents with shortness of breath, back pain, weakness, side pain, and difficulty breathing.",pleural effusion
The patient presents with sharp chest pain and sharp abdominal pain.,pleural effusion
"The patient presents with shortness of breath, sharp chest pain, cough, sharp abdominal pain, back pain, rib pain, and hurts to breath.",pleural effusion
"The patient presents with cough, sharp abdominal pain, weakness, and rib pain.",pleural effusion
"The patient presents with shortness of breath, sharp chest pain, cough, sharp abdominal pain, back pain, weakness, side pain, difficulty breathing, rib pain, and hurts to breath.",pleural effusion
"The patient presents with shortness of breath, sharp abdominal pain, weakness, difficulty breathing, and hurts to breath.",pleural effusion
"The patient presents with shortness of breath, sharp abdominal pain, back pain, side pain, difficulty breathing, and hurts to breath.",pleural effusion
The patient presents with shortness of breath and weakness.,pleural effusion
"The patient presents with shortness of breath, sharp chest pain, cough, back pain, side pain, and difficulty breathing.",pleural effusion
"The patient presents with shortness of breath, sharp chest pain, cough, back pain, weakness, difficulty breathing, rib pain, and hurts to breath.",pleural effusion
"The patient presents with shortness of breath, sharp chest pain, sharp abdominal pain, side pain, difficulty breathing, rib pain, and hurts to breath.",pleural effusion
"The patient presents with shortness of breath, sharp abdominal pain, back pain, weakness, side pain, and hurts to breath.",pleural effusion
"The patient presents with shortness of breath, cough, side pain, and hurts to breath.",pleural effusion
The patient presents with rib pain and hurts to breath.,pleural effusion
"The patient presents with sharp chest pain, cough, back pain, weakness, and difficulty breathing.",pleural effusion
"The patient presents with shortness of breath, cough, sharp abdominal pain, and difficulty breathing.",pleural effusion
"The patient presents with sharp chest pain, sharp abdominal pain, difficulty breathing, and hurts to breath.",pleural effusion
"The patient presents with cough, sharp abdominal pain, side pain, difficulty breathing, rib pain, and hurts to breath.",pleural effusion
"The patient presents with sharp chest pain, cough, sharp abdominal pain, back pain, weakness, and hurts to breath.",pleural effusion
The patient presents with shortness of breath and side pain.,pleural effusion
"The patient presents with shortness of breath, sharp abdominal pain, and side pain.",pleural effusion
"The patient presents with weakness, side pain, and difficulty breathing.",pleural effusion
"The patient presents with shortness of breath, cough, sharp abdominal pain, back pain, difficulty breathing, and hurts to breath.",pleural effusion
"The patient presents with sharp chest pain, sharp abdominal pain, back pain, weakness, difficulty breathing, rib pain, and hurts to breath.",pleural effusion
"The patient presents with shortness of breath, sharp abdominal pain, and back pain.",pleural effusion
"The patient presents with shortness of breath, sharp chest pain, sharp abdominal pain, back pain, weakness, side pain, rib pain, and hurts to breath.",pleural effusion
"The patient presents with sharp abdominal pain, rib pain, and hurts to breath.",pleural effusion
"The patient presents with shortness of breath, sharp abdominal pain, back pain, side pain, difficulty breathing, and hurts to breath.",pleural effusion
"The patient presents with shortness of breath, sharp chest pain, cough, sharp abdominal pain, back pain, and rib pain.",pleural effusion
"The patient presents with cough, sharp abdominal pain, side pain, difficulty breathing, and hurts to breath.",pleural effusion
"The patient presents with shortness of breath, sharp chest pain, cough, difficulty breathing, and hurts to breath.",pleural effusion
"The patient presents with cough, sharp abdominal pain, back pain, weakness, side pain, and hurts to breath.",pleural effusion
"The patient presents with sharp abdominal pain, back pain, difficulty breathing, and rib pain.",pleural effusion
"The patient presents with sharp chest pain, cough, back pain, weakness, difficulty breathing, rib pain, and hurts to breath.",pleural effusion
"The patient presents with shortness of breath, cough, back pain, weakness, difficulty breathing, rib pain, and hurts to breath.",pleural effusion
"The patient presents with sharp chest pain, cough, sharp abdominal pain, back pain, weakness, side pain, rib pain, and hurts to breath.",pleural effusion
"The patient presents with shortness of breath, cough, sharp abdominal pain, back pain, side pain, difficulty breathing, rib pain, and hurts to breath.",pleural effusion
"The patient presents with shortness of breath, cough, side pain, difficulty breathing, rib pain, and hurts to breath.",pleural effusion
"The patient presents with sharp chest pain, weakness, side pain, difficulty breathing, and hurts to breath.",pleural effusion
"The patient presents with sharp chest pain, difficulty breathing, and rib pain.",pleural effusion
"The patient presents with sharp chest pain, sharp abdominal pain, back pain, and side pain.",pleural effusion
"The patient presents with sharp chest pain, cough, sharp abdominal pain, back pain, side pain, difficulty breathing, and rib pain.",pleural effusion
"The patient presents with shortness of breath, cough, back pain, weakness, side pain, difficulty breathing, and hurts to breath.",pleural effusion
"The patient presents with shortness of breath, sharp chest pain, cough, back pain, weakness, side pain, and rib pain.",pleural effusion
"The patient presents with sharp abdominal pain, difficulty breathing, rib pain, and hurts to breath.",pleural effusion
"The patient presents with sharp abdominal pain, back pain, weakness, difficulty breathing, rib pain, and hurts to breath.",pleural effusion
"The patient presents with shortness of breath, sharp abdominal pain, weakness, side pain, rib pain, and hurts to breath.",pleural effusion
"The patient presents with sharp chest pain, back pain, weakness, rib pain, and hurts to breath.",pleural effusion
"The patient presents with shortness of breath, sharp chest pain, sharp abdominal pain, back pain, weakness, side pain, difficulty breathing, and hurts to breath.",pleural effusion
"The patient presents with cough, side pain, difficulty breathing, rib pain, and hurts to breath.",pleural effusion
"The patient presents with sharp chest pain, back pain, and rib pain.",pleural effusion
"The patient presents with shortness of breath, sharp abdominal pain, back pain, rib pain, and hurts to breath.",pleural effusion
"The patient presents with sharp abdominal pain, weakness, and hurts to breath.",pleural effusion
"The patient presents with cough, sharp abdominal pain, back pain, and side pain.",pleural effusion
"The patient presents with sharp chest pain, weakness, difficulty breathing, and rib pain.",pleural effusion
"The patient presents with sharp chest pain, sharp abdominal pain, back pain, weakness, side pain, and hurts to breath.",pleural effusion
"The patient presents with shortness of breath, sharp chest pain, cough, sharp abdominal pain, difficulty breathing, rib pain, and hurts to breath.",pleural effusion
"The patient presents with shortness of breath, sharp abdominal pain, back pain, side pain, rib pain, and hurts to breath.",pleural effusion
"The patient presents with cough, weakness, side pain, and hurts to breath.",pleural effusion
"The patient presents with cough, sharp abdominal pain, weakness, and side pain.",pleural effusion
"The patient presents with shortness of breath, sharp chest pain, sharp abdominal pain, weakness, side pain, difficulty breathing, and hurts to breath.",pleural effusion
"The patient presents with cough, sharp abdominal pain, weakness, and difficulty breathing.",pleural effusion
"The patient presents with shortness of breath, sharp chest pain, sharp abdominal pain, weakness, side pain, difficulty breathing, and hurts to breath.",pleural effusion
"The patient presents with sharp chest pain, cough, sharp abdominal pain, and side pain.",pleural effusion
"The patient presents with sharp chest pain, sharp abdominal pain, back pain, and side pain.",pleural effusion
"The patient presents with shortness of breath, cough, sharp abdominal pain, back pain, side pain, rib pain, and hurts to breath.",pleural effusion
"The patient presents with sharp chest pain, cough, weakness, side pain, and rib pain.",pleural effusion
"The patient presents with sharp chest pain, cough, sharp abdominal pain, weakness, and side pain.",pleural effusion
"The patient presents with shortness of breath, sharp abdominal pain, side pain, and difficulty breathing.",pleural effusion
"The patient presents with shortness of breath, back pain, weakness, difficulty breathing, and hurts to breath.",pleural effusion
"The patient presents with shortness of breath, sharp chest pain, sharp abdominal pain, side pain, rib pain, and hurts to breath.",pleural effusion
"The patient presents with back pain, weakness, and side pain.",pleural effusion
The patient presents with sharp abdominal pain and rib pain.,pleural effusion
"The patient presents with shortness of breath, sharp chest pain, sharp abdominal pain, weakness, and hurts to breath.",pleural effusion
"The patient presents with cough, sharp abdominal pain, back pain, weakness, side pain, and difficulty breathing.",pleural effusion
"The patient presents with cough, weakness, and hurts to breath.",pleural effusion
"The patient presents with cough, sharp abdominal pain, back pain, weakness, side pain, difficulty breathing, and rib pain.",pleural effusion
"The patient presents with shortness of breath, sharp abdominal pain, and rib pain.",pleural effusion
"The patient presents with shortness of breath, sharp chest pain, sharp abdominal pain, back pain, weakness, difficulty breathing, and rib pain.",pleural effusion
"The patient presents with sharp chest pain, cough, sharp abdominal pain, back pain, weakness, side pain, difficulty breathing, and hurts to breath.",pleural effusion
"The patient presents with sharp chest pain, sharp abdominal pain, side pain, difficulty breathing, rib pain, and hurts to breath.",pleural effusion
"The patient presents with shortness of breath, sharp chest pain, sharp abdominal pain, and rib pain.",pleural effusion
"The patient presents with sharp abdominal pain, back pain, difficulty breathing, rib pain, and hurts to breath.",pleural effusion
"The patient presents with shortness of breath, cough, and weakness.",pleural effusion
"The patient presents with sharp abdominal pain, side pain, and difficulty breathing.",pleural effusion
"The patient presents with shortness of breath, cough, back pain, and hurts to breath.",pleural effusion
"The patient presents with shortness of breath, sharp chest pain, cough, back pain, side pain, difficulty breathing, and rib pain.",pleural effusion
"The patient presents with back pain, side pain, difficulty breathing, and rib pain.",pleural effusion
"The patient presents with shortness of breath, cough, sharp abdominal pain, back pain, weakness, side pain, difficulty breathing, and rib pain.",pleural effusion
"The patient presents with sharp chest pain, cough, sharp abdominal pain, weakness, difficulty breathing, and hurts to breath.",pleural effusion
"The patient presents with shortness of breath, sharp chest pain, sharp abdominal pain, weakness, difficulty breathing, and rib pain.",pleural effusion
"The patient presents with sharp chest pain, sharp abdominal pain, side pain, and difficulty breathing.",pleural effusion
"The patient presents with shortness of breath, sharp abdominal pain, back pain, side pain, difficulty breathing, rib pain, and hurts to breath.",pleural effusion
"The patient presents with sharp chest pain, sharp abdominal pain, back pain, side pain, difficulty breathing, rib pain, and hurts to breath.",pleural effusion
"The patient presents with sharp abdominal pain, side pain, difficulty breathing, and hurts to breath.",pleural effusion
"The patient presents with shortness of breath, sharp chest pain, cough, sharp abdominal pain, back pain, side pain, difficulty breathing, rib pain, and hurts to breath.",pleural effusion
"The patient presents with sharp chest pain, cough, sharp abdominal pain, weakness, side pain, difficulty breathing, and hurts to breath.",pleural effusion
"The patient presents with shortness of breath, cough, sharp abdominal pain, weakness, and hurts to breath.",pleural effusion
"The patient presents with shortness of breath, sharp chest pain, sharp abdominal pain, side pain, difficulty breathing, and rib pain.",pleural effusion
"The patient presents with shortness of breath, sharp abdominal pain, back pain, difficulty breathing, rib pain, and hurts to breath.",pleural effusion
"The patient presents with cough, sharp abdominal pain, back pain, and hurts to breath.",pleural effusion
"The patient presents with cough, back pain, weakness, difficulty breathing, rib pain, and hurts to breath.",pleural effusion
"The patient presents with sharp chest pain, sharp abdominal pain, weakness, and rib pain.",pleural effusion
"The patient presents with shortness of breath, sharp chest pain, sharp abdominal pain, and difficulty breathing.",pleural effusion
"The patient presents with sharp abdominal pain, side pain, difficulty breathing, and rib pain.",pleural effusion
"The patient presents with sharp chest pain, cough, back pain, weakness, difficulty breathing, and rib pain.",pleural effusion
"The patient presents with cough, side pain, and hurts to breath.",pleural effusion
"The patient presents with cough, sharp abdominal pain, back pain, weakness, difficulty breathing, rib pain, and hurts to breath.",pleural effusion
"The patient presents with back pain, side pain, difficulty breathing, and hurts to breath.",pleural effusion
"The patient presents with back pain, weakness, side pain, and hurts to breath.",pleural effusion
"The patient presents with shortness of breath, cough, sharp abdominal pain, and weakness.",pleural effusion
"The patient presents with shortness of breath, sharp chest pain, cough, sharp abdominal pain, weakness, rib pain, and hurts to breath.",pleural effusion
"The patient presents with sharp chest pain, sharp abdominal pain, back pain, difficulty breathing, and hurts to breath.",pleural effusion
"The patient presents with sharp chest pain, cough, sharp abdominal pain, back pain, weakness, side pain, rib pain, and hurts to breath.",pleural effusion
"The patient presents with cough, sharp abdominal pain, back pain, and weakness.",pleural effusion
"The patient presents with back pain, weakness, difficulty breathing, and hurts to breath.",pleural effusion
"The patient presents with sharp abdominal pain, back pain, and hurts to breath.",pleural effusion
"The patient presents with sharp chest pain, cough, sharp abdominal pain, back pain, and side pain.",pleural effusion
"The patient presents with shortness of breath, sharp chest pain, sharp abdominal pain, back pain, and hurts to breath.",pleural effusion
"The patient presents with shortness of breath, difficulty breathing, rib pain, and hurts to breath.",pleural effusion
"The patient presents with cough, sharp abdominal pain, back pain, side pain, and hurts to breath.",pleural effusion
"The patient presents with sharp abdominal pain, weakness, and side pain.",pleural effusion
"The patient presents with sharp abdominal pain, back pain, weakness, difficulty breathing, and hurts to breath.",pleural effusion
"The patient presents with sharp abdominal pain, back pain, side pain, and hurts to breath.",pleural effusion
"The patient presents with shortness of breath, sharp abdominal pain, and side pain.",pleural effusion
"The patient presents with shortness of breath, sharp chest pain, cough, sharp abdominal pain, weakness, side pain, and hurts to breath.",pleural effusion
"The patient presents with shortness of breath, cough, sharp abdominal pain, difficulty breathing, and rib pain.",pleural effusion
"The patient presents with sharp chest pain, sharp abdominal pain, difficulty breathing, rib pain, and hurts to breath.",pleural effusion
"The patient presents with sharp chest pain, back pain, side pain, difficulty breathing, and rib pain.",pleural effusion
"The patient presents with cough, sharp abdominal pain, back pain, side pain, and rib pain.",pleural effusion
"The patient presents with shortness of breath, sharp chest pain, cough, sharp abdominal pain, and difficulty breathing.",pleural effusion
"The patient presents with sharp chest pain, sharp abdominal pain, rib pain, and hurts to breath.",pleural effusion
"The patient presents with cough, sharp abdominal pain, side pain, and hurts to breath.",pleural effusion
"The patient presents with shortness of breath, sharp abdominal pain, side pain, difficulty breathing, and rib pain.",pleural effusion
"The patient presents with sharp abdominal pain, weakness, side pain, rib pain, and hurts to breath.",pleural effusion
"The patient presents with cough, sharp abdominal pain, and weakness.",pleural effusion
"The patient presents with sharp abdominal pain, back pain, and rib pain.",pleural effusion
"The patient presents with cough, sharp abdominal pain, back pain, weakness, difficulty breathing, and hurts to breath.",pleural effusion
"The patient presents with shortness of breath, sharp chest pain, cough, sharp abdominal pain, weakness, side pain, difficulty breathing, and hurts to breath.",pleural effusion
"The patient presents with sharp chest pain, cough, sharp abdominal pain, back pain, and side pain.",pleural effusion
"The patient presents with shortness of breath, sharp abdominal pain, difficulty breathing, and hurts to breath.",pleural effusion
"The patient presents with sharp abdominal pain, back pain, weakness, and hurts to breath.",pleural effusion
"The patient presents with shortness of breath, sharp chest pain, cough, sharp abdominal pain, and difficulty breathing.",pleural effusion
"The patient presents with shortness of breath, sharp chest pain, cough, sharp abdominal pain, side pain, rib pain, and hurts to breath.",pleural effusion
"The patient presents with shortness of breath, sharp chest pain, sharp abdominal pain, back pain, weakness, and hurts to breath.",pleural effusion
"The patient presents with sharp chest pain, cough, weakness, and difficulty breathing.",pleural effusion
"The patient presents with cough, sharp abdominal pain, weakness, side pain, and rib pain.",pleural effusion
"The patient presents with sharp chest pain, cough, sharp abdominal pain, weakness, side pain, rib pain, and hurts to breath.",pleural effusion
"The patient presents with sharp chest pain, sharp abdominal pain, back pain, side pain, and difficulty breathing.",pleural effusion
"The patient presents with shortness of breath, sharp chest pain, sharp abdominal pain, weakness, difficulty breathing, rib pain, and hurts to breath.",pleural effusion
"The patient presents with sharp chest pain, cough, sharp abdominal pain, back pain, weakness, side pain, difficulty breathing, and hurts to breath.",pleural effusion
"The patient presents with shortness of breath, sharp chest pain, cough, sharp abdominal pain, and rib pain.",pleural effusion
"The patient presents with sharp chest pain, cough, back pain, weakness, rib pain, and hurts to breath.",pleural effusion
"The patient presents with sharp abdominal pain, weakness, and hurts to breath.",pleural effusion
"The patient presents with sharp chest pain, cough, sharp abdominal pain, and rib pain.",pleural effusion
"The patient presents with sharp abdominal pain, back pain, and weakness.",pleural effusion
"The patient presents with weakness, difficulty breathing, rib pain, and hurts to breath.",pleural effusion
"The patient presents with cough, sharp abdominal pain, weakness, and hurts to breath.",pleural effusion
"The patient presents with shortness of breath, cough, weakness, and rib pain.",pleural effusion
"The patient presents with cough, sharp abdominal pain, weakness, and difficulty breathing.",pleural effusion
"The patient presents with sharp abdominal pain, back pain, weakness, side pain, and hurts to breath.",pleural effusion
The patient presents with cough and sharp abdominal pain.,pleural effusion
"The patient presents with shortness of breath, sharp chest pain, sharp abdominal pain, side pain, rib pain, and hurts to breath.",pleural effusion
"The patient presents with sharp chest pain, back pain, rib pain, and hurts to breath.",pleural effusion
"The patient presents with shortness of breath, sharp chest pain, sharp abdominal pain, weakness, side pain, rib pain, and hurts to breath.",pleural effusion
"The patient presents with shortness of breath, sharp chest pain, sharp abdominal pain, weakness, and difficulty breathing.",pleural effusion
"The patient presents with shortness of breath, sharp chest pain, cough, sharp abdominal pain, back pain, weakness, difficulty breathing, and hurts to breath.",pleural effusion
"The patient presents with sharp chest pain, sharp abdominal pain, back pain, weakness, side pain, difficulty breathing, rib pain, and hurts to breath.",pleural effusion
"The patient presents with shortness of breath, cough, and side pain.",pleural effusion
"The patient presents with cough, back pain, weakness, difficulty breathing, and rib pain.",pleural effusion
"The patient presents with sharp chest pain, cough, sharp abdominal pain, weakness, and difficulty breathing.",pleural effusion
"The patient presents with shortness of breath, sharp abdominal pain, back pain, difficulty breathing, and hurts to breath.",pleural effusion
"The patient presents with sharp abdominal pain, back pain, difficulty breathing, and rib pain.",pleural effusion
"The patient presents with shortness of breath, cough, sharp abdominal pain, difficulty breathing, rib pain, and hurts to breath.",pleural effusion
"The patient presents with shortness of breath, sharp chest pain, sharp abdominal pain, back pain, difficulty breathing, and hurts to breath.",pleural effusion
"The patient presents with sharp chest pain, sharp abdominal pain, side pain, and rib pain.",pleural effusion
"The patient presents with sharp chest pain, sharp abdominal pain, back pain, and difficulty breathing.",pleural effusion
"The patient presents with sharp abdominal pain, back pain, side pain, difficulty breathing, rib pain, and hurts to breath.",pleural effusion
"The patient presents with shortness of breath, sharp abdominal pain, back pain, and side pain.",pleural effusion
"The patient presents with shortness of breath, sharp chest pain, back pain, difficulty breathing, rib pain, and hurts to breath.",pleural effusion
"The patient presents with sharp chest pain, sharp abdominal pain, weakness, and side pain.",pleural effusion
"The patient presents with shortness of breath, sharp chest pain, cough, sharp abdominal pain, side pain, rib pain, and hurts to breath.",pleural effusion
"The patient presents with cough, back pain, and difficulty breathing.",pleural effusion
"The patient presents with shortness of breath, sharp abdominal pain, back pain, weakness, side pain, and rib pain.",pleural effusion
"The patient presents with sharp chest pain, cough, back pain, weakness, side pain, and hurts to breath.",pleural effusion
"The patient presents with cough, sharp abdominal pain, back pain, weakness, and hurts to breath.",pleural effusion
"The patient presents with sharp abdominal pain, back pain, and side pain.",pleural effusion
"The patient presents with sharp chest pain, sharp abdominal pain, back pain, weakness, difficulty breathing, and hurts to breath.",pleural effusion
The patient presents with cough and sharp abdominal pain.,pleural effusion
"The patient presents with shortness of breath, sharp chest pain, cough, back pain, weakness, and hurts to breath.",pleural effusion
"The patient presents with sharp chest pain, rib pain, and hurts to breath.",pleural effusion
"The patient presents with back pain, rib pain, and hurts to breath.",pleural effusion
"The patient presents with sharp chest pain, sharp abdominal pain, difficulty breathing, and hurts to breath.",pleural effusion
"The patient presents with shortness of breath, sharp abdominal pain, rib pain, and hurts to breath.",pleural effusion
"The patient presents with shortness of breath, cough, sharp abdominal pain, back pain, weakness, side pain, difficulty breathing, rib pain, and hurts to breath.",pleural effusion
The patient presents with sharp chest pain and hurts to breath.,pleural effusion
"The patient presents with shortness of breath, sharp chest pain, sharp abdominal pain, weakness, side pain, and rib pain.",pleural effusion
"The patient presents with shortness of breath, cough, sharp abdominal pain, back pain, and side pain.",pleural effusion
"The patient presents with sharp chest pain, sharp abdominal pain, back pain, weakness, rib pain, and hurts to breath.",pleural effusion
"The patient presents with sharp chest pain, cough, sharp abdominal pain, weakness, difficulty breathing, and hurts to breath.",pleural effusion
"The patient presents with sharp abdominal pain, weakness, difficulty breathing, rib pain, and hurts to breath.",pleural effusion
"The patient presents with sharp chest pain, side pain, difficulty breathing, and rib pain.",pleural effusion
"The patient presents with shortness of breath, cough, sharp abdominal pain, back pain, weakness, side pain, difficulty breathing, and rib pain.",pleural effusion
"The patient presents with sharp chest pain, cough, and weakness.",pleural effusion
"The patient presents with shortness of breath, sharp chest pain, sharp abdominal pain, weakness, side pain, difficulty breathing, and rib pain.",pleural effusion
"The patient presents with shortness of breath, sharp abdominal pain, weakness, and rib pain.",pleural effusion
"The patient presents with sharp chest pain, cough, sharp abdominal pain, back pain, weakness, and hurts to breath.",pleural effusion
"The patient presents with shortness of breath, sharp chest pain, cough, back pain, and difficulty breathing.",pleural effusion
"The patient presents with sharp chest pain, back pain, and hurts to breath.",pleural effusion
"The patient presents with cough, back pain, side pain, difficulty breathing, and hurts to breath.",pleural effusion
"The patient presents with shortness of breath, cough, rib pain, and hurts to breath.",pleural effusion
"The patient presents with cough, sharp abdominal pain, back pain, weakness, and rib pain.",pleural effusion
"The patient presents with shortness of breath, cough, sharp abdominal pain, back pain, weakness, difficulty breathing, rib pain, and hurts to breath.",pleural effusion
"The patient presents with shortness of breath, sharp abdominal pain, back pain, difficulty breathing, and rib pain.",pleural effusion
"The patient presents with sharp chest pain, back pain, side pain, and rib pain.",pleural effusion
"The patient presents with shortness of breath, cough, sharp abdominal pain, weakness, and side pain.",pleural effusion
"The patient presents with shortness of breath, cough, weakness, and hurts to breath.",pleural effusion
"The patient presents with sharp chest pain, cough, side pain, and difficulty breathing.",pleural effusion
"The patient presents with sharp chest pain, cough, sharp abdominal pain, side pain, and difficulty breathing.",pleural effusion
"The patient presents with shortness of breath, sharp chest pain, cough, sharp abdominal pain, back pain, side pain, and hurts to breath.",pleural effusion
"The patient presents with cough, sharp abdominal pain, and weakness.",pleural effusion
"The patient presents with shortness of breath, sharp abdominal pain, back pain, side pain, and rib pain.",pleural effusion
"The patient presents with sharp chest pain, sharp abdominal pain, back pain, weakness, side pain, and difficulty breathing.",pleural effusion
"The patient presents with sharp chest pain, cough, sharp abdominal pain, back pain, weakness, difficulty breathing, rib pain, and hurts to breath.",pleural effusion
"The patient presents with sharp chest pain, sharp abdominal pain, weakness, side pain, and rib pain.",pleural effusion
"The patient presents with sharp chest pain, cough, sharp abdominal pain, and weakness.",pleural effusion
"The patient presents with shortness of breath, cough, sharp abdominal pain, weakness, side pain, and hurts to breath.",pleural effusion
"The patient presents with sharp abdominal pain, weakness, side pain, and rib pain.",pleural effusion
"The patient presents with cough, back pain, difficulty breathing, and rib pain.",pleural effusion
"The patient presents with sharp abdominal pain, back pain, weakness, side pain, and hurts to breath.",pleural effusion
"The patient presents with shortness of breath, side pain, rib pain, and hurts to breath.",pleural effusion
"The patient presents with shortness of breath, sharp chest pain, cough, sharp abdominal pain, back pain, weakness, and difficulty breathing.",pleural effusion
"The patient presents with sharp abdominal pain, weakness, side pain, and rib pain.",pleural effusion
"The patient presents with sharp chest pain, sharp abdominal pain, back pain, weakness, side pain, rib pain, and hurts to breath.",pleural effusion
"The patient presents with sharp chest pain, cough, sharp abdominal pain, back pain, weakness, difficulty breathing, and hurts to breath.",pleural effusion
"The patient presents with sharp abdominal pain, weakness, difficulty breathing, and hurts to breath.",pleural effusion
"The patient presents with shortness of breath, cough, sharp abdominal pain, and back pain.",pleural effusion
"The patient presents with sharp chest pain, cough, sharp abdominal pain, back pain, weakness, and difficulty breathing.",pleural effusion
"The patient presents with sharp chest pain, cough, sharp abdominal pain, back pain, side pain, and rib pain.",pleural effusion
"The patient presents with shortness of breath, cough, sharp abdominal pain, back pain, weakness, side pain, difficulty breathing, and hurts to breath.",pleural effusion
"The patient presents with cough, sharp abdominal pain, back pain, weakness, side pain, difficulty breathing, and rib pain.",pleural effusion
"The patient presents with sharp chest pain, cough, back pain, weakness, side pain, difficulty breathing, and hurts to breath.",pleural effusion
"The patient presents with cough, sharp abdominal pain, difficulty breathing, and rib pain.",pleural effusion
"The patient presents with sharp abdominal pain, weakness, side pain, difficulty breathing, and hurts to breath.",pleural effusion
"The patient presents with shortness of breath, sharp abdominal pain, weakness, side pain, and difficulty breathing.",pleural effusion
"The patient presents with shortness of breath, sharp abdominal pain, back pain, weakness, difficulty breathing, rib pain, and hurts to breath.",pleural effusion
"The patient presents with cough, sharp abdominal pain, back pain, weakness, and side pain.",pleural effusion
"The patient presents with shortness of breath, sharp abdominal pain, back pain, weakness, rib pain, and hurts to breath.",pleural effusion
"The patient presents with shortness of breath, sharp chest pain, cough, sharp abdominal pain, back pain, and side pain.",pleural effusion
"The patient presents with shortness of breath, sharp abdominal pain, back pain, weakness, side pain, difficulty breathing, and rib pain.",pleural effusion
"The patient presents with sharp chest pain, cough, sharp abdominal pain, weakness, and rib pain.",pleural effusion
"The patient presents with cough, sharp abdominal pain, back pain, weakness, side pain, and difficulty breathing.",pleural effusion
"The patient presents with shortness of breath, sharp abdominal pain, side pain, difficulty breathing, rib pain, and hurts to breath.",pleural effusion
"The patient presents with shortness of breath, sharp chest pain, cough, and side pain.",pleural effusion
"The patient presents with shortness of breath, sharp chest pain, sharp abdominal pain, weakness, side pain, and rib pain.",pleural effusion
"The patient presents with sharp chest pain, back pain, weakness, difficulty breathing, and hurts to breath.",pleural effusion
"The patient presents with sharp abdominal pain, weakness, side pain, and hurts to breath.",pleural effusion
"The patient presents with sharp chest pain, cough, sharp abdominal pain, weakness, and rib pain.",pleural effusion
"The patient presents with shortness of breath, sharp chest pain, cough, sharp abdominal pain, weakness, side pain, rib pain, and hurts to breath.",pleural effusion
"The patient presents with weakness, side pain, and hurts to breath.",pleural effusion
"The patient presents with sharp chest pain, cough, sharp abdominal pain, back pain, and rib pain.",pleural effusion
"The patient presents with shortness of breath, cough, back pain, weakness, side pain, and rib pain.",pleural effusion
"The patient presents with sharp chest pain, cough, sharp abdominal pain, back pain, weakness, and rib pain.",pleural effusion
"The patient presents with back pain, weakness, side pain, rib pain, and hurts to breath.",pleural effusion
"The patient presents with sharp chest pain, sharp abdominal pain, back pain, rib pain, and hurts to breath.",pleural effusion
"The patient presents with sharp chest pain, sharp abdominal pain, back pain, side pain, difficulty breathing, rib pain, and hurts to breath.",pleural effusion
"The patient presents with cough, sharp abdominal pain, back pain, side pain, rib pain, and hurts to breath.",pleural effusion
"The patient presents with shortness of breath, back pain, side pain, and difficulty breathing.",pleural effusion
"The patient presents with shortness of breath, sharp chest pain, cough, weakness, difficulty breathing, rib pain, and hurts to breath.",pleural effusion
"The patient presents with sharp chest pain, cough, sharp abdominal pain, and difficulty breathing.",pleural effusion
"The patient presents with cough, sharp abdominal pain, back pain, weakness, side pain, rib pain, and hurts to breath.",pleural effusion
"The patient presents with sharp chest pain, sharp abdominal pain, back pain, weakness, difficulty breathing, rib pain, and hurts to breath.",pleural effusion
"The patient presents with shortness of breath, sharp abdominal pain, back pain, weakness, and side pain.",pleural effusion
"The patient presents with sharp chest pain, cough, sharp abdominal pain, back pain, side pain, and difficulty breathing.",pleural effusion
"The patient presents with shortness of breath, sharp chest pain, cough, sharp abdominal pain, weakness, difficulty breathing, rib pain, and hurts to breath.",pleural effusion
"The patient presents with shortness of breath, sharp abdominal pain, weakness, and side pain.",pleural effusion
"The patient presents with sharp abdominal pain, back pain, side pain, and rib pain.",pleural effusion
"The patient presents with difficulty breathing, rib pain, and hurts to breath.",pleural effusion
"The patient presents with sharp chest pain, cough, sharp abdominal pain, back pain, side pain, difficulty breathing, rib pain, and hurts to breath.",pleural effusion
"The patient presents with sharp abdominal pain, back pain, weakness, and side pain.",pleural effusion
"The patient presents with sharp abdominal pain, back pain, and side pain.",pleural effusion
"The patient presents with shortness of breath, sharp abdominal pain, back pain, weakness, and side pain.",pleural effusion
"The patient presents with shortness of breath, sharp chest pain, cough, sharp abdominal pain, and weakness.",pleural effusion
"The patient presents with shortness of breath, sharp abdominal pain, back pain, weakness, difficulty breathing, and rib pain.",pleural effusion
"The patient presents with shortness of breath, sharp abdominal pain, back pain, and hurts to breath.",pleural effusion
"The patient presents with cough, sharp abdominal pain, back pain, side pain, and hurts to breath.",pleural effusion
"The patient presents with shortness of breath, sharp chest pain, cough, sharp abdominal pain, back pain, side pain, and difficulty breathing.",pleural effusion
"The patient presents with shortness of breath, cough, weakness, side pain, difficulty breathing, rib pain, and hurts to breath.",pleural effusion
"The patient presents with cough, sharp abdominal pain, weakness, difficulty breathing, and hurts to breath.",pleural effusion
"The patient presents with shortness of breath, sharp chest pain, sharp abdominal pain, weakness, side pain, difficulty breathing, and hurts to breath.",pleural effusion
"The patient presents with shortness of breath, cough, back pain, and difficulty breathing.",pleural effusion
"The patient presents with shortness of breath, sharp chest pain, sharp abdominal pain, weakness, side pain, and hurts to breath.",pleural effusion
"The patient presents with shortness of breath, sharp chest pain, cough, weakness, rib pain, and hurts to breath.",pleural effusion
"The patient presents with sharp chest pain, sharp abdominal pain, difficulty breathing, and rib pain.",pleural effusion
"The patient presents with shortness of breath, cough, side pain, and rib pain.",pleural effusion
"The patient presents with sharp chest pain, sharp abdominal pain, side pain, rib pain, and hurts to breath.",pleural effusion
The patient presents with sharp abdominal pain and difficulty breathing.,pleural effusion
"The patient presents with shortness of breath, sharp chest pain, cough, sharp abdominal pain, back pain, weakness, difficulty breathing, rib pain, and hurts to breath.",pleural effusion
"The patient presents with shortness of breath, sharp chest pain, sharp abdominal pain, back pain, weakness, and difficulty breathing.",pleural effusion
"The patient presents with shortness of breath, sharp abdominal pain, weakness, side pain, and rib pain.",pleural effusion
"The patient presents with shortness of breath, back pain, weakness, and hurts to breath.",pleural effusion
"The patient presents with shortness of breath, sharp chest pain, cough, sharp abdominal pain, weakness, and side pain.",pleural effusion
"The patient presents with sharp chest pain, cough, sharp abdominal pain, back pain, rib pain, and hurts to breath.",pleural effusion
"The patient presents with shortness of breath, sharp abdominal pain, back pain, weakness, side pain, and rib pain.",pleural effusion
The patient presents with sharp abdominal pain and weakness.,pleural effusion
"The patient presents with sharp chest pain, cough, sharp abdominal pain, weakness, and hurts to breath.",pleural effusion
"The patient presents with sharp chest pain, cough, sharp abdominal pain, back pain, and difficulty breathing.",pleural effusion
"The patient presents with shortness of breath, sharp chest pain, back pain, weakness, and rib pain.",pleural effusion
"The patient presents with sharp chest pain, cough, sharp abdominal pain, and back pain.",pleural effusion
"The patient presents with cough, sharp abdominal pain, and hurts to breath.",pleural effusion
"The patient presents with shortness of breath, cough, sharp abdominal pain, back pain, weakness, and rib pain.",pleural effusion
